1.2033,,0.17005
1.1762,,0.543739123
1.4339,,
0.0171,,
0.2537,,
1.7539,,
0.0667,,
0.274,,
0.1139,,
0.2015,,
0.1277,,
0.0158,,
0.0196,,
0.0188,,
0.0003,,
0.0826,,
0.2818,,
0.002,,
1.3279,,
0.0186,,
1.0286,,
0.0397,,
0.0313,,
0.0591,,
1.4289,,
1.2143,,
0.1835,,
1.0287,,
0.0306,,
0.0801,,
0.1182,,
1.8797,,
0.0732,,
0.1276,,
0.1592,,
0.0488,,
0.1348,,
0.1196,,
0.0184,,
0.1039,,
1.5014,,
1.3422,,
0.0188,,
1.3236,,
0.178,,
0.0303,,
0.0505,,
0.2178,,
1.172,,
0.149,,
0.163,,
1.3436,,
1.3592,,
1.0292,,
0.0582,,
0.1469,,
0.2812,,
0.1142,,
0.0903,,
1.4539,,
0.0452,,
0.1835,,
1.7939,,
1.4275,,
0.0985,,
0.087,,
0.1902,,
1.4965,,
0.1798,,
1.6404,,
1.8771,,
0.1462,,
1.429,,
0.0665,,
1.4966,,
0.1155,,
0.1297,,
1.2316,,
0.1184,,
0.1632,,
1.346,,
0.1317,,
0.0922,,
0.1437,,
1.8802,,
1.4314,,
0.0832,,
0.0022,,
0.1867,,
1.3068,,
0.2996,,
0.2786,,
0.0056,,
1.6226,,
1.4998,,
1.0276,,
0.1142,,
1.916,,
1.7008,,
0.0173,,
0.1609,,
0.1461,,
0.0204,,
1.8928,,
1.2023,,
0.1835,,
0.0852,,
1.4196,,
0.0402,,
0.0583,,
0.0414,,
0.0235,,
1.0269,,
0.1142,,
0.1949,,
1.5002,,
1.6077,,
1.0878,,
0.0325,,
1.4309,,
0.0295,,
0.032,,
1.3345,,
1.6068,,
0.179,,
0.1751,,
0.288,,
0.0293,,
1.609,,
0.1577,,
0.1434,,
0.1441,,
0.1489,,
0.0589,,
1.0273,,
0.2064,,
1.0291,,
0.1068,,
0.9652,,
0.1061,,
0.0588,,
1.6058,,
0.0288,,
0.0679,,
0.1171,,
0.1368,,
1.6077,,
0.2615,,
1.606,,
1.7122,,
0.965,,
1.0874,,
0.1333,,
0.0983,,
0.0189,,
0.0481,,
1.3465,,
1.0935,,
0.1953,,
0.1178,,
0.0994,,
0.1601,,
0.1044,,
1.4291,,
0.0045,,
1.8777,,
1.1756,,
0.1177,,
0.0865,,
0.0182,,
0.1345,,
1.6077,,
0.0585,,
1.6435,,
0.1465,,
0.1503,,
0.0155,,
0.0175,,
0.084,,
1.3469,,
0.055,,
0.1334,,
0.0921,,
1.7141,,
0.1349,,
0.1008,,
0.0174,,
1.5011,,
0.02,,
0.2687,,
1.7931,,
0.04,,
1.286,,
0.1501,,
1.7297,,
1.2196,,
1.496,,
1.6164,,
0.0179,,
0.2819,,
0.1235,,
1.3461,,
0.1178,,
0.1101,,
1.0874,,
1.3466,,
1.2717,,
0.0451,,
0.0712,,
0.0347,,
0.144,,
1.338,,
0.0376,,
0.1018,,
0.9619,,
0.0397,,
0.2917,,
0.1751,,
0.1536,,
1.7632,,
0.0642,,
0.0248,,
0.0138,,
0.0399,,
1.6017,,
0.0619,,
0.223,,
1.5,,
0.285,,
0.1747,,
0.0943,,
0.0829,,
0.2505,,
0.0969,,
1.7317,,
1.0922,,
1.8934,,
0.0179,,
0.1319,,
1.2303,,
0.0995,,
0.2542,,
1.1759,,
0.1157,,
0.209,,
1.7589,,
0.1368,,
0.0981,,
0.009,,
0.2639,,
1.6372,,
1.2081,,
0.0426,,
1.7011,,
0.2854,,
0.0609,,
1.343,,
0.0958,,
0.0993,,
0.0669,,
0.2883,,
0.0056,,
0.1103,,
0.1266,,
0.1788,,
0.031,,
0.0308,,
0.0093,,
0.0204,,
0.1566,,
0.0604,,
0.0151,,
1.7543,,
1.2375,,
1.6008,,
1.0878,,
0.0323,,
0.1481,,
1.7882,,
0.0271,,
0.1156,,
0.0709,,
0.101,,
0.9625,,
0.0472,,
0.0926,,
0.1712,,
0.2544,,
1.2312,,
0.1205,,
1.8907,,
1.172,,
1.5009,,
1.338,,
0.1154,,
1.1722,,
0.0914,,
0.1595,,
0.0635,,
1.3219,,
0.0589,,
0.0579,,
0.0536,,
1.2139,,
1.4961,,
0.0994,,
1.8792,,
0.1041,,
0.0769,,
0.0174,,
0.0822,,
1.3386,,
0.0478,,
0.0538,,
0.1485,,
1.7582,,
0.0842,,
1.6071,,
0.1095,,
0.192,,
0.1371,,
0.0691,,
0.0429,,
0.1567,,
1.4286,,
0.0491,,
0.0401,,
0.0127,,
1.8941,,
0.1089,,
0.1627,,
1.643,,
1.3232,,
0.1051,,
0.272,,
0.2893,,
1.9192,,
0.1343,,
0.0588,,
0.083,,
0.0006,,
1.1757,,
0.3007,,
1.6987,,
0.0677,,
1.3594,,
0.1345,,
0.1158,,
0.2725,,
0.0168,,
0.0617,,
0.0307,,
0.0685,,
0.1047,,
0.0676,,
1.2849,,
0.0404,,
1.0867,,
0.0944,,
0.0626,,
0.2158,,
0.0729,,
0.9654,,
1.4294,,
0.0272,,
0.1272,,
0.1301,,
0.1406,,
0.1774,,
0.1364,,
0.0765,,
0.0072,,
0.2976,,
1.1749,,
0.0313,,
0.0337,,
0.1526,,
0.0398,,
1.7135,,
0.0098,,
1.1715,,
0.0272,,
0.0179,,
0.1279,,
0.1297,,
0.1815,,
0.0677,,
0.1055,,
1.7073,,
0.17,,
0.0181,,
0.1368,,
0.294,,
0.0873,,
0.0769,,
0.0514,,
0.045,,
0.0772,,
1.6088,,
0.186,,
0.0793,,
1.6083,,
0.147,,
0.0023,,
0.0665,,
0.1266,,
0.1698,,
0.1077,,
0.0426,,
1.5003,,
0.0615,,
0.0433,,
0.1593,,
0.0438,,
0.032,,
1.324,,
1.2756,,
0.1717,,
0.1279,,
0.008,,
1.8758,,
1.4962,,
0.298,,
1.2191,,
0.0007,,
1.3008,,
0.1268,,
1.2732,,
1.3429,,
1.3425,,
0.0295,,
0.0413,,
0.0152,,
0.1493,,
0.0908,,
1.0293,,
0.0498,,
0.0451,,
1.7652,,
0.0317,,
1.0274,,
0.1029,,
0.9622,,
0.1122,,
0.0621,,
1.6022,,
0.0679,,
0.0922,,
1.3065,,
1.1717,,
1.6365,,
1.4292,,
0.1535,,
1.4963,,
0.1003,,
0.1479,,
0.1089,,
1.4192,,
0.132,,
0.0675,,
0.1347,,
0.0301,,
0.0856,,
0.0619,,
0.0289,,
0.1751,,
0.0969,,
0.1278,,
1.6076,,
1.4519,,
1.5022,,
0.2711,,
0.0237,,
0.1259,,
0.1294,,
0.0424,,
1.3527,,
1.7857,,
0.0162,,
0.035,,
0.1696,,
1.176,,
0.1232,,
0.0906,,
1.1761,,
1.0291,,
0.0345,,
0.0481,,
0.1438,,
1.0874,,
1.176,,
0.033,,
0.0504,,
1.3585,,
1.3014,,
0.0186,,
1.6021,,
0.0265,,
0.159,,
1.8901,,
0.0286,,
0.0929,,
1.2084,,
1.6016,,
1.7085,,
0.0311,,
1.497,,
1.2854,,
0.2156,,
0.0216,,
1.1714,,
1.0285,,
0.1608,,
0.0618,,
1.3027,,
1.0298,,
0.0433,,
1.4288,,
0.0085,,
1.3017,,
1.6079,,
0.2077,,
0.1694,,
0.2701,,
0.1947,,
0.9648,,
0.0135,,
0.1235,,
0.1347,,
0.1102,,
0.198,,
0.1178,,
0.0396,,
0.2051,,
1.4268,,
0.1591,,
0.0478,,
0.1323,,
1.0931,,
0.26,,
1.6969,,
0.0787,,
0.1364,,
1.7347,,
0.0786,,
0.9621,,
0.0323,,
0.1486,,
0.1836,,
1.7719,,
0.1087,,
0.1939,,
0.0912,,
1.9176,,
1.2186,,
1.607,,
0.0773,,
0.0322,,
1.4198,,
1.3272,,
1.7544,,
0.2061,,
0.0829,,
0.1295,,
0.964,,
0.1195,,
1.0274,,
0.9633,,
0.1343,,
0.0926,,
1.2753,,
1.4305,,
1.093,,
0.1195,,
0.0687,,
1.7355,,
1.4534,,
0.0353,,
0.098,,
0.0614,,
1.4527,,
0.0296,,
0.0659,,
0.9618,,
1.1709,,
0.0411,,
0.0531,,
0.0322,,
1.4997,,
0.1839,,
0.2039,,
0.1698,,
0.2549,,
0.0933,,
0.962,,
1.4285,,
0.0979,,
1.6021,,
0.0319,,
0.0612,,
0.147,,
0.1341,,
0.2095,,
0.1523,,
0.0644,,
0.0857,,
1.0924,,
1.4274,,
0.0323,,
0.0787,,
1.4281,,
0.1281,,
1.3438,,
0.045,,
0.0887,,
1.4523,,
1.3345,,
1.2029,,
0.0416,,
1.2348,,
0.0358,,
0.0767,,
1.0288,,
0.0586,,
1.0921,,
0.1365,,
0.04,,
0.1629,,
0.0471,,
0.278,,
0.9622,,
1.6012,,
1.3431,,
0.1752,,
1.6041,,
0.1262,,
0.0183,,
0.1012,,
1.428,,
0.0205,,
0.0524,,
0.0174,,
0.0614,,
0.0908,,
1.4991,,
0.1346,,
0.0482,,
0.0196,,
0.1346,,
0.1224,,
1.3283,,
1.3423,,
1.7869,,
1.0281,,
0.0179,,
0.1181,,
0.102,,
0.0476,,
0.0791,,
0.0313,,
0.1334,,
0.0837,,
0.0047,,
0.1915,,
0.9652,,
0.0038,,
0.0712,,
0.1229,,
0.0663,,
1.602,,
0.0591,,
0.062,,
0.9647,,
0.1348,,
1.2184,,
0.0302,,
0.1169,,
1.0281,,
0.9627,,
0.026,,
0.0947,,
0.0235,,
1.0926,,
1.4532,,
0.1138,,
0.0581,,
0.1157,,
0.1346,,
0.2004,,
0.1472,,
0.0714,,
1.4529,,
0.0588,,
0.0323,,
1.3458,,
0.1194,,
0.0773,,
0.0006,,
0.1629,,
0.097,,
0.1591,,
0.0148,,
0.017,,
0.2807,,
0.2671,,
0.1985,,
0.2565,,
0.0665,,
0.1295,,
0.1582,,
0.0281,,
0.0476,,
0.0795,,
0.0994,,
0.0162,,
1.0284,,
1.6199,,
0.0583,,
0.0935,,
0.0309,,
0.1099,,
0.1755,,
0.1362,,
1.2826,,
0.0714,,
0.1815,,
0.0795,,
0.0289,,
0.057,,
1.2036,,
0.1409,,
0.1325,,
1.6178,,
0.0959,,
0.1766,,
1.7589,,
0.0583,,
0.0177,,
0.1781,,
0.2824,,
0.0234,,
1.2298,,
0.1193,,
0.032,,
0.0586,,
1.6382,,
1.6166,,
0.1628,,
0.1177,,
1.1763,,
0.2023,,
0.0942,,
0.0838,,
0.0942,,
1.9149,,
0.0026,,
0.0311,,
0.2035,,
1.77,,
0.1022,,
0.0681,,
1.3463,,
0.0313,,
1.7002,,
0.0326,,
0.0218,,
1.4211,,
0.0346,,
0.1804,,
0.1725,,
0.1296,,
0.1799,,
0.2171,,
0.0025,,
1.2088,,
0.2189,,
0.008,,
0.1049,,
0.0495,,
1.7314,,
1.6068,,
0.1562,,
0.0447,,
1.6005,,
0.1149,,
0.0239,,
1.4957,,
1.4959,,
0.1231,,
1.0879,,
1.347,,
1.6379,,
1.4974,,
1.1752,,
0.0542,,
1.3541,,
0.1101,,
0.098,,
0.205,,
0.0169,,
1.6073,,
0.1334,,
1.0926,,
0.0144,,
1.3431,,
1.7944,,
0.0176,,
0.0293,,
0.1277,,
1.7344,,
0.1096,,
0.1471,,
0.1754,,
0.0943,,
1.8814,,
1.6966,,
0.1344,,
0.1094,,
0.1173,,
0.1345,,
0.9648,,
0.1013,,
0.0665,,
1.1715,,
0.0709,,
1.9183,,
0.2912,,
0.1405,,
1.4963,,
0.1517,,
1.3278,,
1.1757,,
1.3054,,
0.0201,,
0.0983,,
0.9617,,
1.4293,,
0.1013,,
1.7716,,
0.0667,,
1.6067,,
0.032,,
0.0308,,
1.4194,,
1.028,,
0.2786,,
0.0708,,
1.0876,,
0.2133,,
0.117,,
0.1303,,
1.0287,,
0.0593,,
0.1021,,
0.1278,,
0.1593,,
1.2825,,
1.0878,,
1.2137,,
0.1589,,
0.0166,,
1.7929,,
0.1274,,
0.1462,,
1.7583,,
0.1754,,
1.918,,
0.0052,,
1.0878,,
0.1094,,
1.1757,,
0.1284,,
0.22,,
1.429,,
1.4343,,
1.2353,,
0.2753,,
1.4294,,
0.2918,,
0.0175,,
0.1044,,
0.0476,,
0.041,,
1.0934,,
1.2143,,
0.1463,,
0.1442,,
1.3463,,
0.1176,,
1.4534,,
0.1195,,
0.0219,,
0.0494,,
1.6441,,
1.4323,,
0.0248,,
1.4214,,
0.054,,
0.0314,,
1.2851,,
0.0588,,
0.0438,,
0.0007,,
0.0223,,
1.428,,
0.1364,,
0.0619,,
1.4213,,
0.1347,,
0.0837,,
0.1334,,
0.0758,,
0.0395,,
0.1478,,
0.1408,,
0.0452,,
0.1023,,
0.0449,,
0.2578,,
0.9632,,
0.1371,,
0.9643,,
1.6174,,
1.0276,,
1.6063,,
1.353,,
0.1489,,
0.1959,,
0.1198,,
1.3429,,
1.4322,,
0.0583,,
0.0214,,
0.0322,,
0.0675,,
0.1408,,
1.3443,,
0.1212,,
0.1531,,
0.0453,,
1.4272,,
0.0142,,
0.9624,,
0.0185,,
1.0288,,
1.4216,,
0.1731,,
0.1282,,
0.0925,,
1.0876,,
1.6019,,
1.4278,,
0.0245,,
0.0407,,
0.0919,,
1.773,,
0.147,,
0.1462,,
1.2818,,
0.0044,,
0.0479,,
0.1193,,
1.4995,,
1.0269,,
1.8911,,
1.8903,,
1.8936,,
1.2723,,
1.3457,,
0.1819,,
1.6954,,
0.1277,,
0.0823,,
0.1181,,
0.1139,,
0.0181,,
0.0685,,
0.183,,
0.0609,,
0.2791,,
0.1755,,
1.8763,,
0.0228,,
1.2711,,
1.4283,,
0.0192,,
1.3059,,
0.1732,,
0.0025,,
0.0665,,
1.0923,,
0.1794,,
0.0601,,
0.0085,,
0.1304,,
0.0206,,
0.055,,
0.1486,,
0.0328,,
0.1281,,
0.0829,,
1.4295,,
0.1905,,
0.1202,,
0.1144,,
0.0615,,
0.1752,,
0.1094,,
0.023,,
0.048,,
0.0028,,
0.0179,,
1.1717,,
0.0668,,
0.1824,,
1.4277,,
0.0159,,
0.2874,,
0.1407,,
1.4291,,
0.1634,,
1.335,,
1.0929,,
0.1544,,
0.2904,,
0.0943,,
0.0617,,
1.501,,
1.3336,,
0.1202,,
0.1936,,
0.1693,,
0.1297,,
0.0837,,
0.1485,,
1.4277,,
0.1605,,
1.7657,,
1.2361,,
0.1486,,
1.6952,,
1.0924,,
1.7868,,
1.4965,,
1.1714,,
1.9163,,
0.0826,,
0.0715,,
0.0829,,
1.7074,,
0.0908,,
1.1712,,
0.1212,,
1.0282,,
0.016,,
0.1044,,
0.0547,,
0.0368,,
0.0841,,
0.0047,,
0.0294,,
0.0586,,
0.1783,,
0.0437,,
1.0275,,
0.0826,,
0.0676,,
1.6082,,
0.1516,,
1.3438,,
1.6229,,
1.6007,,
0.2631,,
0.1762,,
0.1347,,
1.1718,,
0.2915,,
1.6066,,
0.1139,,
0.0299,,
0.215,,
0.1278,,
1.0881,,
1.6203,,
1.6013,,
0.04,,
1.3382,,
0.0348,,
0.0185,,
0.1046,,
0.9639,,
0.1322,,
0.1301,,
0.0922,,
0.0974,,
1.2755,,
0.0326,,
0.2193,,
0.1373,,
0.1008,,
0.0009,,
0.1194,,
0.0181,,
1.3462,,
1.7122,,
0.0019,,
0.2821,,
0.0323,,
0.0231,,
1.3519,,
0.2512,,
1.7671,,
0.1145,,
0.0539,,
0.949,,
0.1513,,
0.0489,,
0.1056,,
0.8883,,
0.1369,,
0.0791,,
0.0063,,
0.0142,,
0.1333,,
0.1367,,
1.1283,,
0.0379,,
0.0963,,
1.3305,,
1.2528,,
1.1673,,
0.232,,
1.6815,,
0.1179,,
0.0725,,
0.2324,,
1.5153,,
0.0838,,
1.076,,
0.0558,,
0.0829,,
1.498,,
1.0819,,
1.6489,,
0.1916,,
1.3312,,
0.0744,,
0.0675,,
0.015,,
1.2664,,
1.061,,
0.0156,,
1.3964,,
1.3309,,
1.5002,,
0.1016,,
0.1134,,
0.2204,,
1.653,,
1.4,,
1.2524,,
0.0392,,
0.1071,,
0.0712,,
1.1429,,
0.1803,,
0.0903,,
0.041,,
0.0255,,
0.143,,
0.0244,,
0.1141,,
0.9478,,
1.4012,,
0.0897,,
0.0521,,
0.0769,,
0.9441,,
0.0428,,
0.1381,,
1.1187,,
0.099,,
0.0481,,
0.0385,,
0.1524,,
1.6746,,
1.4011,,
1.6595,,
1.5041,,
0.0366,,
0.0765,,
0.0984,,
0.0862,,
1.5026,,
0.0417,,
0.0775,,
0.9481,,
1.332,,
1.1958,,
0.0732,,
0.0062,,
1.6226,,
1.0257,,
0.0071,,
0.1951,,
0.123,,
0.1142,,
0.0319,,
1.3323,,
0.0245,,
0.0043,,
0.1029,,
0.0808,,
0.0196,,
0.0915,,
0.0086,,
1.1629,,
0.0505,,
1.5049,,
0.0824,,
0.0468,,
0.1975,,
0.0258,,
0.1342,,
0.1051,,
0.0373,,
0.0068,,
0.184,,
0.1672,,
1.3966,,
0.0016,,
0.198,,
1.6252,,
1.0773,,
0.0951,,
0.0693,,
0.0249,,
1.2529,,
1.4982,,
0.1548,,
1.3965,,
1.0252,,
0.0967,,
0.1053,,
1.6058,,
0.1548,,
0.0144,,
1.5329,,
0.2078,,
0.0029,,
1.5157,,
0.1973,,
1.6566,,
1.1735,,
1.1164,,
1.7996,,
0.0444,,
0.1924,,
1.1439,,
0.0404,,
0.0766,,
1.3304,,
1.3309,,
0.1351,,
0.0174,,
0.1199,,
1.3967,,
0.0852,,
1.2526,,
0.0375,,
1.051,,
1.1274,,
0.0442,,
1.4969,,
1.7648,,
0.227,,
0.007,,
0.8871,,
1.0249,,
0.0165,,
0.1839,,
0.1352,,
0.0829,,
0.0487,,
0.0747,,
1.2494,,
0.0459,,
0.164,,
0.0499,,
0.0251,,
0.0318,,
1.1618,,
1.3325,,
0.0394,,
0.1439,,
1.5934,,
0.0073,,
0.0434,,
0.1493,,
0.1449,,
0.8268,,
1.2842,,
0.948,,
1.2507,,
1.0216,,
0.0174,,
0.0317,,
0.1115,,
0.0398,,
0.8268,,
0.1801,,
1.1251,,
0.143,,
0.0595,,
0.0418,,
0.0904,,
0.1639,,
0.211,,
0.1485,,
0.0486,,
0.1171,,
1.1637,,
1.503,,
1.3994,,
0.0404,,
0.1553,,
0.0877,,
0.0094,,
0.164,,
1.5028,,
0.0587,,
0.1049,,
0.0892,,
0.049,,
1.0218,,
0.0839,,
0.1493,,
0.0102,,
1.0807,,
0.0386,,
0.006,,
0.1377,,
0.1039,,
0.0424,,
0.1363,,
0.0071,,
1.266,,
0.1836,,
0.1358,,
0.0049,,
0.1085,,
1.4982,,
0.0261,,
0.0073,,
0.0392,,
0.0499,,
1.1186,,
0.9483,,
1.6488,,
1.0654,,
1.5893,,
0.0073,,
1.6824,,
0.0391,,
0.0166,,
0.0112,,
0.0008,,
0.0846,,
0.0436,,
0.9487,,
0.1276,,
0.003,,
0.2072,,
0.0305,,
0.2323,,
0.2109,,
1.2495,,
0.0786,,
1.6829,,
0.0909,,
1.3973,,
0.0797,,
0.0694,,
0.0461,,
0.8887,,
0.1105,,
1.5182,,
0.0554,,
0.1663,,
0.1672,,
0.0378,,
1.0516,,
1.3316,,
0.1394,,
0.0061,,
1.4016,,
0.0026,,
1.4967,,
0.0839,,
1.1767,,
1.0812,,
0.0813,,
0.0773,,
0.0678,,
0.1146,,
1.7781,,
0.1363,,
0.8267,,
0.0442,,
1.3299,,
0.9482,,
0.1668,,
0.0166,,
0.8892,,
0.1063,,
0.0426,,
0.0092,,
0.0028,,
1.066,,
0.1463,,
0.1345,,
0.138,,
0.1524,,
0.0073,,
0.0018,,
1.0616,,
0.1075,,
1.2526,,
0.9486,,
0.1878,,
1.8016,,
0.8279,,
0.8893,,
0.1371,,
0.827,,
0.8877,,
0.0847,,
0.1201,,
1.1251,,
0.2321,,
0.0695,,
0.0713,,
0.0387,,
0.0221,,
0.0849,,
0.1885,,
1.2657,,
0.2272,,
0.0408,,
0.0857,,
0.1378,,
0.2069,,
1.3977,,
0.0792,,
1.2837,,
0.11,,
1.1244,,
0.0827,,
1.0222,,
0.0919,,
0.1374,,
0.207,,
0.8887,,
0.1362,,
0.9491,,
0.0307,,
0.0397,,
0.0827,,
0.1323,,
0.1063,,
1.5036,,
0.2173,,
0.0373,,
0.1645,,
0.0216,,
0.1367,,
1.497,,
1.1667,,
0.0059,,
0.0009,,
0.0853,,
1.7749,,
0.8886,,
1.7623,,
1.5133,,
0.0822,,
0.0728,,
0.2173,,
0.122,,
0.137,,
1.6208,,
0.0856,,
0.0712,,
1.503,,
0.1205,,
0.0193,,
0.0519,,
0.0505,,
1.6548,,
0.155,,
1.1633,,
0.0367,,
0.0386,,
0.0954,,
1.5018,,
0.16,,
0.0475,,
1.1773,,
0.2106,,
0.1879,,
0.8877,,
0.0725,,
0.8875,,
1.4982,,
0.8277,,
0.0007,,
1.591,,
0.0408,,
0.147,,
1.5129,,
0.0121,,
1.1672,,
1.8018,,
0.039,,
1.7753,,
1.2644,,
1.2521,,
1.1907,,
1.5119,,
0.032,,
1.0257,,
1.2503,,
0.8297,,
0.1284,,
1.3967,,
0.1201,,
1.5027,,
0.1084,,
0.0962,,
0.0158,,
0.0041,,
0.1074,,
0.1918,,
0.0069,,
0.0465,,
0.2324,,
0.0699,,
0.0409,,
0.1193,,
1.1768,,
0.0096,,
0.1008,,
1.0258,,
0.0831,,
0.1321,,
0.0514,,
0.0976,,
0.1449,,
0.025,,
0.1008,,
0.2113,,
1.6222,,
1.2524,,
1.2637,,
0.227,,
0.9428,,
0.1351,,
1.2487,,
0.0618,,
0.8266,,
0.1837,,
1.1421,,
0.099,,
0.1019,,
0.0654,,
0.086,,
1.1474,,
0.1126,,
1.1477,,
0.1219,,
0.0206,,
1.3963,,
0.8888,,
1.5036,,
0.1495,,
0.0828,,
0.0389,,
1.1904,,
0.1578,,
1.2524,,
0.0156,,
0.9439,,
1.8027,,
0.1328,,
0.066,,
0.1545,,
0.0372,,
0.0991,,
0.1047,,
0.1042,,
0.0498,,
0.1377,,
1.8022,,
0.0251,,
1.2527,,
0.0385,,
0.1345,,
0.0229,,
0.094,,
0.198,,
1.1952,,
1.0255,,
0.0394,,
0.1312,,
0.0968,,
1.5028,,
0.0506,,
0.1292,,
0.0389,,
0.0453,,
1.5047,,
0.113,,
1.3314,,
0.0371,,
0.1954,,
0.0394,,
0.0624,,
0.8891,,
0.9437,,
1.0256,,
0.0904,,
0.0489,,
0.0961,,
0.1387,,
0.0445,,
1.2632,,
0.0817,,
0.8898,,
1.3324,,
0.1523,,
0.1083,,
0.9434,,
0.0192,,
0.1454,,
0.1922,,
0.1075,,
0.0362,,
0.0122,,
0.192,,
0.039,,
0.007,,
0.0261,,
0.0562,,
0.0438,,
0.123,,
0.0217,,
0.131,,
1.7628,,
0.0833,,
0.0087,,
0.0672,,
1.6247,,
0.1449,,
1.0504,,
0.0468,,
0.0677,,
0.0894,,
0.1095,,
0.083,,
0.2171,,
0.005,,
1.5925,,
1.5036,,
0.0317,,
0.0109,,
0.0943,,
1.3969,,
0.0485,,
0.0393,,
0.0951,,
0.1022,,
0.1051,,
0.1837,,
0.1231,,
0.0499,,
0.1126,,
0.1263,,
1.0224,,
0.1551,,
0.1371,,
1.661,,
1.8012,,
0.0992,,
0.0403,,
0.1801,,
1.3325,,
0.0261,,
0.1297,,
0.1,,
0.0487,,
0.0964,,
0.0737,,
1.4005,,
0.0761,,
0.0078,,
1.7643,,
0.0855,,
0.108,,
0.9436,,
0.8295,,
0.9487,,
0.0449,,
0.948,,
0.1319,,
1.284,,
0.0919,,
0.0693,,
0.0881,,
0.8286,,
1.1734,,
1.0217,,
1.2527,,
1.0561,,
0.1101,,
0.164,,
0.0521,,
0.0389,,
0.134,,
1.115,,
1.5876,,
1.1183,,
0.0385,,
0.8878,,
1.4024,,
1.1145,,
0.0924,,
0.8882,,
0.1143,,
0.0808,,
0.0024,,
0.1213,,
0.0905,,
1.2645,,
1.0216,,
0.1545,,
0.1014,,
1.6757,,
0.09,,
0.1132,,
0.0989,,
0.0082,,
0.8882,,
0.079,,
0.061,,
0.1834,,
0.0956,,
0.1525,,
0.0067,,
0.8293,,
0.0089,,
1.3317,,
0.1427,,
0.0772,,
0.0462,,
0.1229,,
1.538,,
0.1951,,
1.2827,,
0.085,,
0.1306,,
0.05,,
0.1919,,
0.1066,,
0.0405,,
0.8271,,
0.037,,
1.0665,,
0.0271,,
0.0379,,
1.1965,,
0.0071,,
1.7653,,
0.0559,,
1.1278,,
1.6039,,
1.677,,
0.1138,,
0.005,,
0.2108,,
0.0967,,
0.0829,,
0.0763,,
0.0576,,
0.1472,,
1.0615,,
1.3968,,
0.0052,,
1.2842,,
0.108,,
0.0626,,
0.0805,,
0.083,,
0.0596,,
0.1344,,
0.006,,
0.1244,,
1.502,,
1.026,,
0.1977,,
0.1136,,
0.2078,,
1.4984,,
1.2831,,
0.0696,,
1.332,,
0.0127,,
1.7615,,
0.0244,,
0.0335,,
0.188,,
0.0739,,
0.0372,,
1.5319,,
0.2206,,
1.6817,,
0.085,,
0.1952,,
0.1502,,
0.217,,
0.0742,,
0.0498,,
1.6263,,
0.1663,,
0.0203,,
0.007,,
0.0074,,
0.1553,,
0.1802,,
0.0776,,
0.0066,,
0.18,,
1.5386,,
1.2541,,
0.0931,,
0.0001,,
1.5326,,
0.086,,
0.0084,,
1.6002,,
0.0921,,
1.0612,,
0.2115,,
0.1044,,
0.04,,
1.6444,,
1.0211,,
0.0322,,
0.0304,,
0.0601,,
0.0311,,
0.0899,,
0.1598,,
1.1427,,
0.0865,,
0.0311,,
0.1086,,
0.0713,,
0.8298,,
0.0112,,
0.0868,,
1.2534,,
0.117,,
0.0074,,
1.3997,,
1.6482,,
0.0766,,
0.2171,,
0.0941,,
0.0042,,
1.2543,,
0.0094,,
0.0784,,
0.1373,,
0.1076,,
0.1155,,
0.0452,,
0.1802,,
0.0892,,
1.3319,,
1.3325,,
1.761,,
0.0898,,
0.1057,,
0.0078,,
0.1339,,
0.1632,,
0.1232,,
0.155,,
0.0392,,
1.6623,,
0.0235,,
0.1884,,
1.2525,,
0.1331,,
0.1168,,
0.0488,,
0.0916,,
1.6224,,
0.14,,
0.1108,,
0.0214,,
0.0952,,
0.0392,,
1.3311,,
1.1469,,
0.1049,,
0.0724,,
1.2496,,
0.0745,,
0.1132,,
0.0388,,
1.6444,,
1.0219,,
0.0711,,
1.5879,,
0.9436,,
1.4013,,
1.0259,,
1.7779,,
0.1342,,
0.1459,,
0.0626,,
0.2266,,
0.1338,,
0.0592,,
0.0076,,
0.8273,,
1.3321,,
0.1318,,
0.1447,,
0.0392,,
0.0355,,
1.1155,,
1.2522,,
0.145,,
0.0372,,
0.0104,,
0.1359,,
0.0093,,
0.1075,,
0.1344,,
0.1524,,
0.0371,,
1.2529,,
1.0558,,
0.1493,,
1.6052,,
1.2503,,
0.1956,,
0.0964,,
0.1219,,
0.0486,,
0.075,,
0.0742,,
0.112,,
0.1507,,
0.0506,,
1.1273,,
0.0816,,
0.1522,,
0.0962,,
0.8268,,
0.0061,,
0.0763,,
0.0475,,
1.1897,,
0.1176,,
0.1366,,
1.0219,,
1.5931,,
1.5038,,
0.0791,,
0.101,,
0.0784,,
0.0287,,
0.1883,,
0.0308,,
0.0398,,
1.3321,,
1.5375,,
1.7986,,
0.0769,,
0.83,,
1.2501,,
1.0655,,
1.1726,,
0.0826,,
0.0405,,
0.063,,
0.8881,,
0.1521,,
0.1104,,
0.0607,,
0.0768,,
0.0552,,
1.7786,,
1.589,,
0.0242,,
0.9438,,
0.0975,,
0.2267,,
0.1232,,
1.5036,,
1.6255,,
0.0989,,
0.1343,,
1.5993,,
0.134,,
0.0202,,
0.0732,,
1.3961,,
0.0697,,
0.0055,,
1.2532,,
0.1495,,
0.9438,,
1.7665,,
0.1386,,
0.1186,,
1.1739,,
0.0397,,
1.7757,,
0.1348,,
1.2489,,
0.0826,,
0.8891,,
1.0261,,
1.0215,,
0.8888,,
0.1111,,
1.6481,,
1.5033,,
1.1254,,
0.0123,,
0.1343,,
1.3969,,
0.0056,,
1.4975,,
1.6613,,
0.0943,,
1.022,,
0.025,,
0.2172,,
0.1406,,
0.1482,,
0.0853,,
1.4977,,
0.0221,,
0.9479,,
0.1213,,
0.08,,
0.058,,
0.0922,,
1.6553,,
0.0507,,
0.0507,,
0.1256,,
0.1083,,
0.0255,,
1.0764,,
0.8294,,
1.2544,,
0.0043,,
0.0317,,
0.0363,,
1.7774,,
1.1769,,
0.1186,,
1.6756,,
0.1166,,
1.0262,,
0.1476,,
1.3308,,
0.0347,,
0.0305,,
0.8875,,
0.0197,,
0.1497,,
0.9434,,
0.0722,,
1.1917,,
0.2269,,
1.518,,
0.1456,,
0.8884,,
0.14,,
0.1371,,
0.0145,,
1.1464,,
0.8292,,
0.0188,,
0.039,,
0.8284,,
0.0405,,
0.0781,,
0.8264,,
0.0741,,
0.0131,,
1.4,,
0.0233,,
0.1083,,
0.0297,,
0.0389,,
1.4003,,
0.8876,,
1.2546,,
0.0071,,
0.0384,,
0.0764,,
0.1376,,
1.0259,,
1.4979,,
1.0559,,
0.0991,,
0.003,,
0.8888,,
1.2494,,
0.049,,
0.0273,,
0.1209,,
1.644,,
1.5992,,
1.5351,,
0.0499,,
0.0192,,
0.009,,
0.0625,,
0.8264,,
0.2207,,
0.0506,,
1.0777,,
0.0262,,
0.02,,
0.1457,,
0.1985,,
0.0708,,
0.0917,,
0.0025,,
0.0489,,
0.2321,,
0.0443,,
1.2524,,
1.3319,,
0.1444,,
0.9438,,
0.1296,,
1.5122,,
0.1583,,
1.6435,,
0.1104,,
0.1203,,
0.0637,,
0.115,,
0.0274,,
0.1105,,
0.9434,,
0.0407,,
0.2076,,
0.1207,,
0.8871,,
1.6039,,
0.0786,,
1.3311,,
0.0963,,
1.6004,,
0.1209,,
1.5042,,
0.0304,,
0.1249,,
0.0894,,
0.1232,,
0.0571,,
0.0556,,
0.0805,,
0.0601,,
1.2835,,
0.1642,,
0.2205,,
1.0564,,
0.1477,,
1.1186,,
0.0676,,
0.0372,,
1.4005,,
0.0921,,
0.0076,,
0.0016,,
0.0226,,
0.0257,,
1.1677,,
0.0378,,
0.8293,,
0.069,,
0.2206,,
0.0922,,
0.0303,,
0.1261,,
0.0385,,
0.0818,,
0.0731,,
0.0186,,
0.1056,,
0.0971,,
0.0384,,
0.1402,,
0.0891,,
0.0923,,
1.249,,
0.0546,,
1.3307,,
0.2503,,
1.6289,,
1.9233,,
0.1857,,
0.2185,,
0.4423,,
0.1743,,
0.4336,,
1.2884,,
0.7184,,
0.1633,,
1.9229,,
0.1572,,
0.1563,,
0.6212,,
1.2836,,
1.3001,,
1.6261,,
0.0177,,
1.379,,
1.377,,
0.6717,,
0.564,,
0.0263,,
0.642,,
0.0308,,
0.6957,,
1.7379,,
1.1964,,
0.4268,,
1.1911,,
0.1827,,
0.0361,,
0.0312,,
0.6214,,
1.267,,
0.4008,,
0.2357,,
1.6144,,
1.7361,,
0.4134,,
1.7412,,
0.4811,,
0.5602,,
0.1978,,
0.2099,,
1.2671,,
1.6435,,
0.1628,,
0.3886,,
0.3936,,
0.6337,,
0.2206,,
1.1909,,
0.623,,
0.4616,,
0.021,,
1.7357,,
1.7186,,
1.55,,
0.22,,
0.0269,,
0.3932,,
0.1983,,
0.6412,,
0.496,,
0.4424,,
1.3161,,
1.5659,,
0.1691,,
0.1948,,
0.1625,,
0.0181,,
1.1861,,
0.6411,,
0.4212,,
0.4661,,
1.7648,,
0.6431,,
1.5457,,
0.4371,,
1.7766,,
1.4469,,
0.6246,,
0.7213,,
1.5672,,
1.3782,,
1.7949,,
1.7016,,
0.0214,,
0.2014,,
0.0265,,
1.6555,,
0.0187,,
0.4065,,
0.3634,,
0.4259,,
0.2626,,
0.219,,
1.2141,,
0.4209,,
1.2992,,
1.2996,,
0.166,,
1.3762,,
1.8866,,
0.0134,,
0.3881,,
0.2218,,
0.6283,,
0.1674,,
0.388,,
0.3519,,
1.8452,,
1.4132,,
0.0332,,
0.0219,,
0.6885,,
0.2054,,
0.4266,,
1.6559,,
1.1969,,
0.195,,
1.8883,,
1.2997,,
0.1863,,
0.4996,,
0.0021,,
0.6498,,
0.4083,,
1.3777,,
1.5667,,
0.0147,,
1.5637,,
1.4532,,
0.0138,,
0.6395,,
0.2513,,
0.0224,,
0.5626,,
0.2203,,
1.3058,,
1.7998,,
0.0212,,
1.4339,,
0.7447,,
0.2001,,
0.164,,
1.6236,,
0.1593,,
0.2092,,
0.1968,,
1.5459,,
0.017,,
1.3762,,
0.0062,,
1.8514,,
1.6558,,
0.0024,,
0.0176,,
1.7609,,
0.6271,,
0.2619,,
0.1671,,
1.6122,,
0.7079,,
1.3784,,
0.3284,,
1.4465,,
1.301,,
0.1593,,
1.6568,,
0.1635,,
0.748,,
0.0349,,
0.412,,
1.4467,,
1.7346,,
1.3407,,
1.7924,,
0.2643,,
0.2103,,
0.0143,,
0.3374,,
1.1969,,
0.1931,,
0.2093,,
0.7213,,
0.0172,,
0.1605,,
1.4131,,
0.1655,,
0.0313,,
0.0235,,
1.453,,
0.6037,,
0.4929,,
0.0225,,
0.1955,,
1.6229,,
1.7147,,
0.0165,,
0.4135,,
1.2577,,
0.0213,,
0.1945,,
0.4763,,
0.4263,,
0.6424,,
0.0311,,
1.3345,,
0.7218,,
1.7737,,
1.6498,,
0.2202,,
0.0145,,
0.6079,,
0.3686,,
0.2622,,
0.6216,,
1.303,,
1.3409,,
0.0266,,
0.4219,,
0.6489,,
0.6397,,
0.1964,,
0.6517,,
0.0336,,
0.3541,,
1.2992,,
1.5453,,
0.0347,,
0.1616,,
0.0195,,
0.7229,,
1.6549,,
0.5526,,
1.2997,,
0.1639,,
1.7363,,
0.4944,,
1.7052,,
1.6292,,
0.4965,,
0.1854,,
1.7655,,
0.1968,,
0.0215,,
0.2204,,
1.8523,,
0.0205,,
0.6788,,
1.3764,,
1.1863,,
0.0021,,
1.3033,,
1.3781,,
1.7786,,
0.2123,,
0.4425,,
1.5628,,
0.6268,,
1.2022,,
1.3009,,
0.4206,,
1.8832,,
0.1695,,
0.7226,,
0.0101,,
1.8519,,
0.3535,,
0.0276,,
1.7303,,
1.2828,,
0.7444,,
0.3464,,
0.0169,,
1.734,,
0.0273,,
0.0308,,
0.0222,,
0.0198,,
1.7377,,
1.2017,,
0.6938,,
0.6209,,
0.0159,,
0.0139,,
0.2048,,
0.4465,,
0.7183,,
0.672,,
1.7382,,
1.7343,,
0.5738,,
1.5664,,
0.6926,,
1.7782,,
0.6115,,
1.8997,,
0.6694,,
1.7149,,
1.8523,,
0.4823,,
1.3768,,
1.2538,,
1.4523,,
1.5623,,
1.2178,,
0.197,,
0.2499,,
1.6152,,
0.4863,,
1.8453,,
0.4792,,
1.5658,,
0.3533,,
1.3356,,
0.2642,,
1.201,,
0.3371,,
0.3445,,
0.4117,,
1.9253,,
0.161,,
0.1896,,
1.303,,
1.5629,,
1.3095,,
0.0298,,
1.7305,,
0.7438,,
0.6696,,
0.4157,,
0.1968,,
0.0133,,
0.4774,,
1.5452,,
1.8861,,
0.0258,,
0.4429,,
0.0217,,
0.2335,,
1.5451,,
1.3764,,
1.3028,,
0.6724,,
0.0199,,
1.8971,,
1.2675,,
1.7137,,
1.4523,,
0.4865,,
0.4428,,
1.2128,,
1.5661,,
0.4348,,
0.6936,,
1.3761,,
0.3736,,
0.412,,
1.73,,
1.7304,,
0.0292,,
0.3283,,
0.6439,,
0.0314,,
0.0164,,
0.6241,,
1.7342,,
1.5621,,
0.4623,,
1.3089,,
1.3202,,
1.4457,,
0.0276,,
0.1967,,
0.6723,,
0.6214,,
0.559,,
1.5494,,
0.3314,,
0.4266,,
0.6499,,
0.0167,,
0.2361,,
0.191,,
0.0184,,
0.411,,
0.7086,,
0.1594,,
1.6103,,
1.7409,,
0.1553,,
1.4336,,
1.6563,,
1.4526,,
0.6852,,
0.6491,,
0.0069,,
0.027,,
0.1528,,
0.447,,
0.0196,,
0.5642,,
1.9262,,
0.028,,
1.9256,,
0.7213,,
0.0299,,
1.7206,,
0.2009,,
0.7042,,
1.6493,,
0.6939,,
0.0219,,
1.567,,
0.3639,,
0.4649,,
1.2834,,
0.3313,,
0.4467,,
0.2134,,
1.1857,,
1.6567,,
1.7609,,
0.5028,,
1.3027,,
0.4219,,
0.0181,,
0.155,,
1.3756,,
0.1659,,
0.6516,,
0.373,,
1.6442,,
0.4832,,
1.2997,,
0.7434,,
0.6337,,
1.8448,,
1.3033,,
0.1928,,
1.4118,,
1.6545,,
1.3162,,
0.7216,,
0.1746,,
1.7299,,
0.4648,,
1.8456,,
1.925,,
0.4724,,
0.1863,,
1.5499,,
0.0268,,
0.6697,,
1.3,,
0.2222,,
0.0196,,
0.2198,,
1.4334,,
0.0343,,
0.2219,,
0.4651,,
1.2533,,
0.0005,,
0.2101,,
0.0267,,
0.1731,,
0.4069,,
0.5049,,
1.6565,,
0.1563,,
0.6693,,
0.6085,,
0.5613,,
0.4972,,
0.0202,,
1.4531,,
0.2512,,
0.2499,,
0.3937,,
1.1965,,
1.8462,,
1.7067,,
0.1853,,
0.0167,,
1.5629,,
0.0265,,
1.4469,,
1.7649,,
1.7718,,
1.6145,,
0.1846,,
1.8005,,
1.4326,,
0.1853,,
0.4114,,
0.1543,,
1.6226,,
0.3923,,
0.5636,,
0.7111,,
0.6447,,
0.0267,,
1.2647,,
1.6568,,
0.2339,,
0.6775,,
0.2095,,
0.0158,,
0.017,,
0.6965,,
0.4431,,
0.4609,,
1.8514,,
0.1681,,
0.6409,,
0.6421,,
1.3037,,
0.3523,,
0.1832,,
1.5449,,
0.5489,,
0.5523,,
0.6959,,
1.8444,,
0.4981,,
0.6231,,
1.3004,,
0.3962,,
0.0232,,
0.2227,,
0.1969,,
1.3771,,
1.7348,,
0.693,,
0.4125,,
0.1544,,
1.7308,,
1.7312,,
0.0337,,
0.2626,,
0.4221,,
0.0156,,
1.4474,,
0.7207,,
1.5503,,
0.6289,,
0.6302,,
1.6571,,
0.2097,,
0.0269,,
0.0258,,
0.0311,,
0.6087,,
1.3335,,
0.5565,,
0.0138,,
1.2574,,
0.0295,,
0.4055,,
0.2502,,
0.4831,,
0.2365,,
0.5751,,
0.4788,,
0.1589,,
1.4522,,
1.3777,,
0.0032,,
1.657,,
1.615,,
0.4113,,
0.719,,
1.1908,,
0.4227,,
1.2873,,
0.2098,,
0.6932,,
0.0162,,
1.737,,
1.76,,
0.2075,,
0.1845,,
0.6235,,
0.0362,,
0.4145,,
0.6983,,
0.0005,,
0.6237,,
0.4151,,
0.6889,,
1.5635,,
1.7019,,
0.4313,,
1.3763,,
0.3899,,
0.7032,,
1.6573,,
0.625,,
0.0161,,
0.25,,
0.3698,,
0.1822,,
0.4269,,
0.7226,,
0.353,,
0.3733,,
0.3885,,
0.0267,,
1.2577,,
0.1946,,
0.2626,,
0.4658,,
1.3776,,
0.0103,,
0.3931,,
1.7358,,
1.8517,,
0.0372,,
1.4114,,
1.8523,,
1.8463,,
1.7935,,
0.0048,,
0.7188,,
0.3466,,
0.6695,,
0.2336,,
0.0265,,
1.7605,,
0.1722,,
0.1858,,
1.624,,
0.0278,,
0.0101,,
0.0263,,
0.0344,,
0.5515,,
0.2227,,
0.1995,,
0.0146,,
0.0134,,
0.6696,,
1.7356,,
0.0145,,
0.4285,,
0.3935,,
0.4829,,
0.1982,,
0.6251,,
1.4021,,
0.3934,,
1.6553,,
0.0297,,
0.6816,,
1.5505,,
0.1623,,
0.3501,,
1.6574,,
0.2361,,
1.6567,,
0.642,,
1.901,,
0.0327,,
0.0159,,
0.0196,,
0.1637,,
0.643,,
0.4863,,
1.3778,,
0.2061,,
0.2364,,
0.1845,,
1.4124,,
1.31,,
0.7042,,
0.6234,,
0.6355,,
0.3519,,
0.7473,,
0.0224,,
1.3782,,
0.019,,
0.0189,,
0.6825,,
1.7723,,
0.0222,,
1.8976,,
0.4212,,
0.6398,,
0.4867,,
1.7307,,
0.3537,,
0.0165,,
0.4328,,
0.2099,,
0.7159,,
0.7211,,
0.1969,,
1.4002,,
0.1969,,
1.7073,,
0.019,,
1.7403,,
1.6445,,
0.1697,,
1.5504,,
0.0323,,
0.6046,,
0.0308,,
1.8525,,
0.0228,,
1.6428,,
1.9003,,
1.5619,,
0.3696,,
1.34,,
0.0223,,
0.4071,,
0.6497,,
1.657,,
1.7655,,
0.0215,,
1.5506,,
0.032,,
0.6507,,
0.0028,,
0.0321,,
1.4526,,
0.4154,,
0.0174,,
0.621,,
0.3727,,
0.0294,,
0.1847,,
1.549,,
0.4178,,
1.3022,,
0.2499,,
0.484,,
0.415,,
1.7935,,
1.3778,,
0.0353,,
1.8459,,
0.0157,,
0.1659,,
0.0158,,
0.2205,,
0.4267,,
1.185,,
0.0173,,
0.0147,,
0.3692,,
1.3343,,
0.4994,,
0.3986,,
0.4861,,
0.0337,,
0.4394,,
1.7796,,
0.3592,,
0.0239,,
0.7484,,
0.2337,,
0.6336,,
1.268,,
0.3382,,
0.6506,,
0.1857,,
1.6554,,
1.8512,,
0.2082,,
0.0227,,
0.5477,,
0.153,,
1.7138,,
0.2511,,
0.197,,
0.357,,
0.6408,,
0.719,,
0.2652,,
0.2504,,
1.6573,,
0.0333,,
0.0075,,
1.6504,,
0.3345,,
0.7187,,
0.2099,,
1.452,,
1.3197,,
0.0369,,
0.0064,,
0.0273,,
1.7349,,
0.1975,,
0.2189,,
0.6971,,
0.6816,,
0.1889,,
1.7336,,
0.2334,,
0.4163,,
0.1633,,
0.567,,
0.0156,,
1.897,,
0.6232,,
0.6511,,
0.0109,,
0.1946,,
0.6209,,
0.7184,,
0.6366,,
1.4342,,
0.4227,,
0.553,,
0.0163,,
0.0295,,
1.8523,,
0.3877,,
0.697,,
1.2846,,
0.0308,,
0.2183,,
1.703,,
0.6818,,
0.415,,
1.2639,,
1.3096,,
0.4617,,
0.5719,,
0.1705,,
1.9005,,
0.3735,,
0.0307,,
0.0186,,
1.4331,,
1.3038,,
1.2012,,
0.0056,,
0.4823,,
0.3493,,
0.0259,,
0.638,,
0.0142,,
0.0116,,
0.3686,,
0.0319,,
1.4465,,
0.2202,,
0.7107,,
0.0137,,
1.8826,,
0.0169,,
1.7076,,
0.6861,,
0.6999,,
0.2186,,
1.8511,,
0.0332,,
0.024,,
1.5449,,
0.4191,,
0.4168,,
0.4824,,
0.1841,,
1.4006,,
0.3944,,
0.1662,,
0.2098,,
1.3756,,
0.4859,,
0.6488,,
1.3049,,
1.2137,,
0.3469,,
0.0325,,
0.7447,,
1.8462,,
0.562,,
0.4115,,
1.742,,
0.3377,,
0.0163,,
1.8871,,
0.4728,,
0.3436,,
1.7302,,
1.4521,,
0.1947,,
0.7173,,
1.7698,,
0.2207,,
0.4621,,
1.8462,,
1.1914,,
0.6338,,
0.0197,,
0.0168,,
0.0322,,
1.447,,
0.3678,,
1.4346,,
1.8011,,
0.5598,,
0.719,,
0.2652,,
1.6555,,
0.613,,
1.8447,,
0.0264,,
0.4164,,
0.1943,,
0.0258,,
0.6432,,
1.4004,,
0.4465,,
1.4026,,
1.5506,,
1.7307,,
1.3196,,
0.2204,,
0.0226,,
0.017,,
0.164,,
0.4238,,
1.545,,
1.2887,,
1.3028,,
0.5561,,
1.5443,,
1.55,,
1.3017,,
1.5637,,
0.4381,,
0.3348,,
1.5661,,
0.1956,,
0.2063,,
1.3773,,
0.0272,,
0.0294,,
0.1559,,
0.2363,,
0.0133,,
0.0198,,
0.0116,,
1.5457,,
0.4113,,
1.5664,,
0.167,,
1.3054,,
0.6518,,
0.6957,,
0.6214,,
0.7433,,
1.4465,,
1.7186,,
0.1687,,
1.3153,,
0.4153,,
0.3892,,
0.1951,,
1.2199,,
1.4024,,
0.6437,,
1.6467,,
0.6313,,
0.1859,,
0.3997,,
1.7305,,
0.194,,
0.1838,,
0.4301,,
0.4209,,
0.0335,,
1.2173,,
0.2226,,
0.1662,,
0.4346,,
0.1988,,
0.0126,,
0.6932,,
0.5644,,
0.4116,,
1.5663,,
1.2123,,
1.7996,,
0.6319,,
0.616,,
0.0192,,
0.2337,,
0.3737,,
1.5454,,
1.5627,,
1.8845,,
0.6199,,
1.9246,,
1.5627,,
0.0265,,
0.7217,,
0.5713,,
0.019,,
0.25,,
0.192,,
0.022,,
0.4163,,
0.4614,,
0.4753,,
0.1934,,
1.5642,,
1.2994,,
1.4023,,
0.265,,
1.6572,,
0.7184,,
1.3035,,
1.3019,,
1.8458,,
1.4471,,
0.4663,,
0.2104,,
1.2186,,
0.6231,,
0.7472,,
0.4463,,
0.0264,,
0.6478,,
0.4761,,
1.4341,,
0.0321,,
0.6308,,
0.2642,,
0.1943,,
0.1864,,
1.6558,,
0.2201,,
1.884,,
1.2878,,
0.3933,,
0.0188,,
0.5672,,
0.5034,,
1.2646,,
0.0204,,
1.3198,,
0.6716,,
1.2578,,
0.6094,,
0.6425,,
0.0056,,
1.4467,,
1.377,,
1.4144,,
1.447,,
1.612,,
1.5661,,
0.1843,,
0.3544,,
0.0193,,
0.6397,,
0.442,,
0.0334,,
0.3578,,
0.3578,,
1.4536,,
0.0269,,
0.3471,,
0.416,,
0.0083,,
0.7038,,
0.6397,,
1.2554,,
0.0168,,
0.7181,,
0.4827,,
0.649,,
0.2038,,
0.3457,,
0.162,,
1.4535,,
0.3989,,
0.2102,,
1.4152,,
1.2544,,
0.0263,,
0.6178,,
0.0171,,
0.346,,
0.2095,,
0.0023,,
0.023,,
0.2095,,
0.0165,,
0.7186,,
1.5447,,
0.6724,,
1.6551,,
0.632,,
0.1689,,
0.4738,,
1.7033,,
1.898,,
0.6214,,
1.3394,,
0.1842,,
1.6125,,
0.0311,,
0.0506,,
0.1237,,
1.1114,,
0.1062,,
0.1231,,
0.124,,
1.4807,,
0.781,,
0.0483,,
0.1976,,
0.1661,,
0.0732,,
0.1078,,
0.2013,,
0.8591,,
1.4807,,
0.0715,,
0.1632,,
0.833,,
0.7793,,
1.2436,,
0.0851,,
0.0754,,
0.0737,,
0.1032,,
0.1198,,
0.067,,
1.1803,,
0.0834,,
0.0701,,
0.12,,
0.8051,,
0.1242,,
0.1523,,
0.1044,,
0.0652,,
1.0332,,
0.0499,,
0.1932,,
0.0485,,
0.2047,,
0.1284,,
1.5376,,
0.173,,
0.0948,,
0.1714,,
0.1732,,
0.0178,,
0.0831,,
0.1042,,
1.1061,,
0.1231,,
0.0865,,
1.1548,,
0.1551,,
1.3517,,
0.1344,,
0.2059,,
0.1239,,
1.4879,,
0.0582,,
0.0744,,
0.8311,,
0.9619,,
0.1643,,
0.0833,,
0.1359,,
0.2047,,
0.1692,,
1.0321,,
0.083,,
0.1208,,
1.5103,,
0.0738,,
1.1844,,
0.8299,,
0.0743,,
1.14,,
0.1345,,
0.1073,,
0.061,,
0.0709,,
0.0809,,
0.0983,,
0.0756,,
1.244,,
0.206,,
0.0701,,
0.1553,,
0.0873,,
0.9068,,
0.1008,,
0.1632,,
0.0608,,
0.0949,,
0.0648,,
0.1701,,
0.1933,,
0.1701,,
1.276,,
0.9129,,
1.3485,,
0.1729,,
0.1638,,
1.3663,,
0.0765,,
1.6186,,
0.1086,,
0.2007,,
1.0015,,
1.0823,,
1.3719,,
1.1849,,
0.0409,,
0.0979,,
0.0835,,
1.1029,,
0.1362,,
1.3719,,
0.1242,,
1.211,,
0.1692,,
0.2007,,
0.044,,
1.1409,,
0.0842,,
0.164,,
0.107,,
0.074,,
0.0178,,
1.1562,,
0.1015,,
0.0828,,
0.0493,,
0.0337,,
0.0834,,
0.079,,
0.1208,,
0.077,,
1.472,,
0.0433,,
1.1791,,
0.7809,,
1.3678,,
0.1212,,
0.9376,,
1.5147,,
0.0708,,
0.1551,,
0.0555,,
0.0874,,
1.139,,
0.0491,,
0.0492,,
0.1216,,
0.9341,,
0.081,,
0.1566,,
0.0464,,
0.1356,,
0.9094,,
0.0452,,
0.0533,,
0.7474,,
0.0525,,
1.1386,,
0.0807,,
0.0631,,
0.0834,,
1.5449,,
0.0769,,
0.069,,
0.0516,,
0.193,,
0.0732,,
0.9665,,
1.597,,
1.3354,,
1.0188,,
0.0309,,
0.0738,,
0.1096,,
0.0176,,
1.1418,,
1.3671,,
0.2054,,
0.7175,,
0.1977,,
0.1072,,
0.1601,,
0.0845,,
1.2756,,
0.0735,,
1.424,,
0.8067,,
0.0387,,
0.9767,,
0.1067,,
0.1767,,
0.0765,,
0.0286,,
0.0755,,
0.1211,,
0.0581,,
0.0646,,
0.7499,,
0.0446,,
0.0399,,
0.0343,,
0.7202,,
0.0875,,
0.0707,,
0.0406,,
0.1576,,
1.2119,,
0.1009,,
0.0651,,
0.0574,,
0.8055,,
0.0477,,
0.0442,,
0.1243,,
0.1217,,
0.0343,,
0.1731,,
1.4139,,
0.7498,,
0.0503,,
1.1804,,
1.3404,,
1.4313,,
0.1241,,
0.077,,
0.0675,,
0.0543,,
0.0826,,
0.0587,,
0.9798,,
0.1196,,
0.0342,,
1.1799,,
0.1977,,
1.3674,,
1.2764,,
0.0535,,
1.4781,,
1.4377,,
0.0394,,
0.9345,,
1.6397,,
0.0828,,
0.718,,
0.05,,
0.0402,,
0.9121,,
0.1213,,
1.4019,,
0.8594,,
0.0746,,
0.8077,,
0.0631,,
0.0509,,
0.0476,,
0.8346,,
0.1632,,
0.0803,,
0.2007,,
0.0943,,
0.1249,,
1.0531,,
0.083,,
0.0442,,
0.1934,,
0.1662,,
1.4721,,
0.0807,,
1.2441,,
1.4222,,
0.1636,,
0.7201,,
0.0541,,
1.0433,,
0.7209,,
1.1004,,
0.1695,,
0.0742,,
0.0754,,
0.0727,,
1.5719,,
0.117,,
0.0433,,
0.8326,,
0.0478,,
0.1488,,
0.0394,,
0.1994,,
0.985,,
0.9613,,
1.0226,,
0.9858,,
1.0725,,
0.0745,,
0.1283,,
1.1785,,
0.1304,,
0.1766,,
0.1231,,
0.0939,,
0.1083,,
1.3347,,
0.1062,,
0.9209,,
0.1706,,
0.0971,,
1.1023,,
0.0921,,
0.9067,,
0.0481,,
0.0855,,
1.0945,,
1.5455,,
1.4023,,
0.1101,,
0.181,,
0.0751,,
0.04,,
0.0763,,
0.0874,,
0.0448,,
1.0955,,
0.1103,,
0.0894,,
0.1356,,
0.9371,,
0.0445,,
0.0472,,
0.0475,,
0.0772,,
0.1096,,
0.1992,,
0.0992,,
0.9079,,
0.1503,,
0.1357,,
1.5939,,
1.3721,,
0.1992,,
0.0637,,
0.7806,,
1.3678,,
0.0438,,
0.1205,,
0.7173,,
1.5025,,
1.341,,
1.4359,,
0.8591,,
1.2112,,
0.0333,,
0.7479,,
1.4551,,
1.3675,,
1.6171,,
0.1005,,
0.0806,,
0.1361,,
0.0494,,
0.0897,,
0.1768,,
0.0355,,
0.1662,,
0.1667,,
1.1393,,
0.1634,,
0.1043,,
0.121,,
0.0747,,
0.9379,,
0.0533,,
0.2052,,
0.0534,,
0.1603,,
1.3678,,
0.1799,,
0.1349,,
1.2812,,
0.0808,,
0.08,,
0.0839,,
0.1249,,
0.1805,,
0.1929,,
0.1089,,
1.0027,,
0.0502,,
1.035,,
0.0635,,
1.0782,,
0.1301,,
0.0891,,
0.155,,
0.1174,,
0.8633,,
0.1219,,
0.0455,,
0.1341,,
0.0814,,
0.1664,,
0.9386,,
0.0678,,
0.0446,,
1.1195,,
0.7203,,
0.0946,,
0.1337,,
0.0786,,
0.0815,,
0.1661,,
1.4544,,
0.1033,,
1.0697,,
0.0406,,
1.6514,,
0.1808,,
0.0341,,
1.5377,,
0.0949,,
1.3343,,
1.4191,,
1.4078,,
0.1045,,
0.1102,,
0.1337,,
1.2103,,
1.0265,,
0.1065,,
0.1821,,
0.105,,
0.9112,,
0.0595,,
1.281,,
0.0987,,
1.619,,
1.2115,,
0.7807,,
0.807,,
0.1976,,
0.1346,,
0.1246,,
1.5488,,
1.276,,
0.159,,
0.0312,,
1.1036,,
1.4914,,
0.0955,,
0.1237,,
0.0755,,
0.1697,,
1.6396,,
0.0786,,
1.1012,,
0.0609,,
0.1088,,
1.6399,,
0.1161,,
0.9079,,
1.1372,,
0.113,,
1.4328,,
0.1557,,
0.8632,,
1.1675,,
0.0352,,
0.8065,,
0.099,,
0.0809,,
1.4205,,
0.0767,,
0.08,,
0.084,,
0.8303,,
0.0833,,
1.6515,,
0.0803,,
0.1903,,
0.0649,,
1.2109,,
0.1579,,
0.1712,,
0.0204,,
0.0465,,
1.3404,,
0.12,,
0.134,,
0.9123,,
0.0631,,
0.7472,,
0.1034,,
0.1556,,
0.053,,
0.1299,,
0.1171,,
0.0538,,
0.9805,,
0.0467,,
0.0605,,
1.2104,,
0.02,,
0.0342,,
0.1273,,
0.0644,,
0.1819,,
0.0312,,
0.7498,,
0.1801,,
1.4761,,
0.9903,,
0.1073,,
0.1634,,
0.9337,,
0.2055,,
1.5841,,
0.0507,,
0.9381,,
0.1904,,
0.0805,,
0.0342,,
1.5069,,
0.0346,,
0.1264,,
0.043,,
1.4764,,
0.0718,,
0.119,,
0.152,,
0.0732,,
0.8634,,
1.4299,,
0.0753,,
1.2451,,
0.1065,,
0.864,,
0.1661,,
0.086,,
0.8338,,
0.0632,,
1.2404,,
0.084,,
0.0834,,
0.1604,,
0.0897,,
1.4184,,
0.1796,,
0.1235,,
0.0713,,
1.0321,,
0.205,,
0.0509,,
0.1592,,
0.9229,,
1.1053,,
0.9183,,
0.0644,,
0.1702,,
1.0048,,
0.912,,
0.1071,,
0.0872,,
1.4861,,
0.1549,,
0.0877,,
0.0446,,
0.1239,,
0.2065,,
0.1016,,
0.1797,,
0.78,,
0.0681,,
0.1343,,
0.1822,,
0.1226,,
0.1098,,
1.0678,,
1.3674,,
1.2821,,
0.1229,,
0.806,,
0.1182,,
0.166,,
1.1428,,
0.0918,,
1.3726,,
0.0723,,
0.9886,,
0.0746,,
0.7188,,
0.0992,,
0.1049,,
0.8061,,
1.4756,,
0.0186,,
0.0327,,
1.1789,,
0.0814,,
0.1804,,
0.0502,,
0.065,,
0.0946,,
0.1229,,
1.48,,
0.1494,,
0.1208,,
1.4883,,
0.0499,,
1.0236,,
0.1714,,
0.0755,,
0.122,,
0.1907,,
0.1545,,
1.6751,,
0.046,,
1.1397,,
1.1791,,
0.119,,
0.1717,,
1.6743,,
1.2755,,
1.6373,,
0.9072,,
0.0457,,
0.0465,,
0.0646,,
0.177,,
0.0652,,
0.0882,,
0.0742,,
1.4883,,
0.0445,,
0.0876,,
0.0742,,
0.0875,,
0.0946,,
0.1907,,
1.1214,,
0.1553,,
0.0804,,
0.0996,,
0.0582,,
0.9109,,
0.1632,,
0.0911,,
0.9715,,
0.1229,,
0.1082,,
0.1242,,
1.4909,,
0.1222,,
0.0937,,
1.1788,,
1.3541,,
0.0751,,
0.0472,,
0.0308,,
1.1421,,
0.0495,,
0.0508,,
0.166,,
0.0537,,
0.1081,,
1.1394,,
0.1231,,
0.1692,,
0.056,,
0.781,,
1.0288,,
0.0482,,
0.0492,,
0.0499,,
0.0489,,
0.1499,,
1.2407,,
0.034,,
0.1602,,
0.206,,
0.7484,,
0.0331,,
1.2816,,
0.0959,,
1.4075,,
0.072,,
0.0638,,
0.8067,,
1.3491,,
0.0949,,
0.1794,,
0.0534,,
0.9194,,
0.1126,,
0.0337,,
0.098,,
0.0332,,
0.7809,,
1.1028,,
0.0199,,
0.0498,,
0.0692,,
0.0744,,
0.1577,,
1.2121,,
0.9339,,
0.0729,,
0.7201,,
0.0323,,
0.0756,,
1.1793,,
1.3396,,
0.9336,,
0.1706,,
0.1344,,
0.2051,,
0.0951,,
0.8303,,
0.0664,,
0.049,,
0.0499,,
1.2102,,
0.0833,,
0.78,,
1.2403,,
0.134,,
1.5974,,
0.0349,,
0.07,,
0.0411,,
0.0741,,
0.0497,,
1.4392,,
0.0537,,
0.0424,,
0.0729,,
0.0751,,
1.3351,,
0.1271,,
0.0401,,
0.0836,,
0.1993,,
1.0044,,
1.4307,,
0.1338,,
1.533,,
1.1036,,
1.1804,,
0.1809,,
0.0802,,
0.1603,,
0.0832,,
1.2406,,
0.075,,
0.8583,,
1.5138,,
0.0348,,
1.1411,,
0.1354,,
0.0442,,
1.1389,,
0.7805,,
0.0543,,
0.2052,,
0.0298,,
0.1977,,
0.0393,,
0.2054,,
0.1519,,
0.0697,,
0.1705,,
0.1067,,
0.1334,,
0.0484,,
1.3724,,
0.2052,,
0.0445,,
0.1238,,
0.098,,
0.0539,,
0.1491,,
0.1542,,
0.1099,,
0.0806,,
0.1339,,
0.1577,,
0.1067,,
0.9666,,
0.0988,,
0.059,,
0.1216,,
0.0202,,
0.1033,,
0.0745,,
0.0747,,
0.0448,,
0.1221,,
0.073,,
1.0821,,
1.5494,,
0.031,,
0.1007,,
0.182,,
0.1579,,
0.0475,,
0.0933,,
1.4818,,
0.9113,,
0.0865,,
0.0887,,
0.9336,,
0.182,,
0.9896,,
0.1236,,
0.0583,,
0.1011,,
0.0587,,
0.0801,,
0.2047,,
1.0485,,
1.3352,,
1.5948,,
0.0735,,
0.1025,,
0.0836,,
0.0767,,
1.6737,,
0.83,,
0.938,,
0.1264,,
1.2402,,
0.0502,,
0.0836,,
0.7474,,
1.0192,,
0.9375,,
1.1645,,
0.1323,,
1.5827,,
0.1602,,
0.1107,,
0.1004,,
0.1065,,
0.0365,,
0.1568,,
0.1342,,
0.1237,,
1.033,,
0.0854,,
1.2812,,
0.1508,,
1.18,,
0.9859,,
0.1017,,
0.0844,,
0.0643,,
0.0722,,
1.508,,
0.1172,,
0.747,,
1.5663,,
1.1034,,
0.1013,,
0.0522,,
0.1224,,
0.8057,,
0.1661,,
0.1023,,
0.084,,
1.121,,
0.0792,,
0.1322,,
0.0736,,
0.0502,,
1.2115,,
0.0434,,
0.7501,,
0.0725,,
1.6506,,
0.0441,,
1.1054,,
0.0878,,
1.1063,,
0.8067,,
1.6537,,
0.173,,
0.0198,,
0.1697,,
0.0618,,
0.2062,,
0.0376,,
0.0946,,
1.3414,,
0.0541,,
0.8644,,
0.8593,,
0.0622,,
0.1542,,
0.1186,,
0.0578,,
0.7503,,
0.0815,,
0.1489,,
1.0263,,
1.3389,,
1.3404,,
0.0444,,
0.128,,
1.2818,,
0.1353,,
0.1063,,
0.1046,,
0.1012,,
0.972,,
1.5823,,
0.0739,,
1.1056,,
0.1904,,
0.936,,
0.9871,,
1.4517,,
1.4134,,
0.1357,,
0.0808,,
0.7493,,
0.18,,
0.0386,,
0.0872,,
0.1115,,
0.205,,
0.8304,,
0.199,,
0.0929,,
0.063,,
0.073,,
0.0186,,
0.0342,,
0.1207,,
0.0858,,
1.0358,,
0.0731,,
0.1555,,
1.1849,,
0.06,,
0.7203,,
0.1712,,
0.1103,,
1.5326,,
0.0729,,
1.3399,,
0.1251,,
0.0808,,
1.1649,,
0.9075,,
1.0433,,
1.372,,
0.152,,
1.2411,,
0.2013,,
0.1713,,
0.9333,,
0.0498,,
0.1219,,
0.0713,,
0.0199,,
0.8051,,
0.1236,,
0.0805,,
0.147,,
0.0482,,
1.3721,,
1.0223,,
1.0478,,
0.0755,,
0.0557,,
1.2756,,
0.0401,,
0.0556,,
1.1191,,
0.9338,,
0.0866,,
0.1732,,
0.0812,,
1.079,,
0.0184,,
0.0749,,
1.5704,,
0.0738,,
0.0935,,
0.7813,,
0.0504,,
0.0388,,
0.04,,
0.0701,,
0.0754,,
0.078,,
0.0346,,
0.0773,,
0.1009,,
0.1665,,
0.0743,,
0.8593,,
0.2011,,
0.1364,,
0.8324,,
1.0229,,
0.7178,,
1.1424,,
0.1471,,
0.0637,,
0.9907,,
0.1819,,
0.1345,,
0.9112,,
0.0492,,
0.0451,,
0.0626,,
0.1769,,
0.1664,,
0.0807,,
0.1929,,
0.087,,
0.718,,
0.0314,,
0.1239,,
0.0311,,
0.0506,,
0.0447,,
1.6733,,
0.0406,,
1.0541,,
1.1546,,
0.0484,,
0.0794,,
1.2101,,
0.1345,,
0.1909,,
1.155,,
1.1383,,
0.0945,,
0.0332,,
0.8328,,
0.0801,,
0.1075,,
0.1012,,
0.0985,,
0.033,,
0.1511,,
0.0505,,
1.2447,,
0.0491,,
0.045,,
1.0278,,
1.2446,,
0.0973,,
1.2122,,
1.4202,,
0.1588,,
0.082,,
0.1119,,
0.0696,,
0.0521,,
0.0903,,
0.0988,,
1.1401,,
0.1552,,
0.1978,,
0.0804,,
1.4513,,
0.1631,,
0.126,,
0.0409,,
0.0324,,
0.1588,,
1.049,,
0.7797,,
1.0498,,
0.0659,,
1.1672,,
1.585,,
0.0981,,
0.0467,,
1.5002,,
0.0978,,
0.0884,,
0.1366,,
0.0746,,
0.0757,,
0.1989,,
1.62,,
0.9758,,
0.0758,,
0.0532,,
0.0805,,
0.0845,,
0.1206,,
0.0839,,
0.9117,,
1.3709,,
0.0859,,
1.3398,,
1.1127,,
0.1169,,
0.1224,,
0.0763,,
0.1058,,
0.0631,,
0.0904,,
0.139,,
1.327,,
0.1081,,
1.5422,,
0.0667,,
0.1347,,
0.0128,,
0.0281,,
0.0843,,
1.3875,,
1.1502,,
0.2313,,
1.4417,,
0.0778,,
1.2722,,
0.1145,,
0.1042,,
0.1386,,
1.4873,,
0.0679,,
0.1274,,
0.2268,,
1.1491,,
1.4209,,
0.0306,,
0.1357,,
0.123,,
1.6749,,
0.0556,,
0.0667,,
0.0282,,
0.0145,,
0.0199,,
0.0284,,
0.1505,,
0.096,,
1.5375,,
0.1242,,
0.0939,,
0.1007,,
0.3523,,
0.1412,,
0.1365,,
0.1083,,
1.1495,,
0.2915,,
1.2414,,
0.2928,,
1.6215,,
0.1532,,
1.229,,
0.0849,,
0.2479,,
1.4082,,
0.1475,,
0.0991,,
0.0871,,
1.018,,
0.0876,,
0.0514,,
0.3598,,
0.0631,,
0.0308,,
1.1496,,
0.053,,
1.0174,,
0.2385,,
0.0235,,
0.0282,,
1.6989,,
1.639,,
1.5666,,
0.2729,,
1.3716,,
0.1348,,
1.6395,,
0.2623,,
0.0972,,
1.1854,,
0.0988,,
0.1226,,
0.0527,,
0.1375,,
0.2502,,
1.5272,,
0.0427,,
0.0127,,
0.3391,,
1.5276,,
1.1191,,
0.1192,,
0.0262,,
0.1109,,
0.0318,,
0.0108,,
0.0941,,
0.0539,,
0.1722,,
0.3169,,
0.0347,,
0.1043,,
0.0065,,
1.5402,,
1.2416,,
1.3204,,
0.2656,,
0.1508,,
1.3897,,
0.0925,,
1.1501,,
0.1287,,
0.0898,,
0.1388,,
0.0056,,
0.1385,,
0.1261,,
0.0626,,
1.2285,,
0.0577,,
0.0022,,
0.0025,,
0.3059,,
0.0277,,
1.3513,,
1.4547,,
0.05,,
0.2008,,
1.2421,,
0.0832,,
0.0937,,
0.2381,,
1.1493,,
0.1315,,
0.0654,,
1.6965,,
0.0351,,
1.4775,,
1.3843,,
0.0487,,
1.0172,,
1.3765,,
0.1063,,
1.5564,,
1.5652,,
1.1505,,
0.0237,,
0.0783,,
0.1476,,
0.0628,,
1.6527,,
0.0321,,
0.0101,,
0.144,,
0.0668,,
0.1305,,
0.0675,,
1.1866,,
0.1512,,
1.7343,,
0.0348,,
0.0044,,
0.15,,
1.2905,,
1.2724,,
0.3179,,
0.1888,,
1.0169,,
0.1483,,
0.2383,,
0.0059,,
1.2734,,
1.5645,,
1.2703,,
0.1074,,
1.1515,,
1.3266,,
0.0396,,
0.1123,,
0.0284,,
1.4423,,
0.0308,,
0.0934,,
0.0737,,
1.26,,
0.0464,,
0.2772,,
0.311,,
0.112,,
1.5357,,
0.111,,
1.0175,,
1.1854,,
1.3339,,
0.1412,,
1.4624,,
0.2012,,
1.3217,,
0.1141,,
1.5287,,
0.0274,,
1.5442,,
1.6523,,
1.3817,,
0.0036,,
0.052,,
0.0535,,
0.0326,,
0.0421,,
0.139,,
0.1887,,
0.1348,,
1.5622,,
0.0238,,
1.2427,,
1.3762,,
1.2421,,
1.119,,
0.0942,,
0.2014,,
1.2274,,
0.2474,,
0.0497,,
1.602,,
0.094,,
0.0636,,
0.0002,,
1.0524,,
0.0666,,
0.0988,,
0.0726,,
1.4016,,
0.0287,,
0.1163,,
0.0137,,
0.1258,,
0.0413,,
0.0613,,
0.2302,,
1.3867,,
0.0797,,
0.1445,,
0.1148,,
0.1055,,
1.0886,,
0.1931,,
1.2726,,
0.0631,,
1.2552,,
0.1492,,
0.1514,,
0.0528,,
0.0198,,
1.3715,,
0.0123,,
0.1253,,
1.0514,,
0.1066,,
0.0832,,
0.2271,,
1.4735,,
0.2268,,
0.0186,,
0.0107,,
1.5267,,
0.0627,,
1.15,,
1.2597,,
1.4202,,
0.338,,
1.5445,,
1.0174,,
1.476,,
0.0948,,
0.0632,,
0.2742,,
1.3868,,
1.3267,,
1.1187,,
0.0768,,
0.1033,,
0.0512,,
0.1503,,
1.4018,,
0.0934,,
0.0673,,
1.2412,,
1.2903,,
0.0499,,
0.072,,
0.0936,,
1.2421,,
0.2268,,
0.1258,,
0.085,,
0.0326,,
0.0439,,
0.0846,,
1.4631,,
0.0875,,
0.2934,,
0.1283,,
1.3874,,
0.2958,,
0.0818,,
0.0632,,
0.0279,,
1.2526,,
0.3123,,
0.0351,,
0.015,,
0.1137,,
0.0572,,
0.2001,,
1.0525,,
0.1124,,
1.1851,,
0.1082,,
0.0848,,
0.2014,,
0.1361,,
1.6226,,
0.0598,,
0.0045,,
0.0238,,
0.2865,,
0.0307,,
0.0781,,
0.0538,,
1.3272,,
0.1156,,
1.3873,,
1.3765,,
0.1476,,
1.4194,,
1.2914,,
0.0915,,
0.115,,
1.4874,,
1.2721,,
1.6407,,
0.2003,,
0.0529,,
0.024,,
0.0029,,
1.1497,,
0.2575,,
0.066,,
0.0573,,
0.0415,,
1.653,,
0.0748,,
1.5092,,
1.3914,,
0.1259,,
0.0389,,
0.1505,,
0.1722,,
0.1887,,
1.6522,,
1.4559,,
0.0176,,
0.0861,,
1.1871,,
1.7109,,
1.2724,,
0.1057,,
1.2426,,
1.0169,,
0.2899,,
1.2279,,
1.3878,,
1.509,,
1.5433,,
1.5275,,
1.4204,,
0.0963,,
0.0182,,
1.3274,,
1.5415,,
0.0562,,
0.1424,,
0.159,,
1.4859,,
0.0531,,
0.0311,,
1.1186,,
1.5418,,
0.0637,,
1.2597,,
0.1359,,
0.0682,,
0.0158,,
0.0031,,
1.1859,,
1.3722,,
0.0889,,
0.1288,,
0.0282,,
0.145,,
0.05,,
0.0853,,
0.2721,,
0.0475,,
1.0521,,
0.0631,,
0.0774,,
0.0421,,
0.0427,,
1.4304,,
1.2529,,
1.0888,,
1.3169,,
0.0833,,
0.3542,,
0.1102,,
1.2907,,
1.4869,,
0.063,,
1.1496,,
0.0527,,
0.271,,
1.51,,
0.0466,,
1.0885,,
1.2722,,
0.0859,,
0.231,,
0.2015,,
0.2567,,
1.0176,,
1.431,,
1.2607,,
0.3114,,
1.5614,,
1.2714,,
0.284,,
1.6402,,
0.0022,,
0.0524,,
0.1537,,
0.2551,,
1.4202,,
0.0631,,
0.0629,,
1.0509,,
0.2011,,
0.0653,,
0.1255,,
0.1256,,
0.0062,,
0.2647,,
1.3267,,
0.0085,,
0.0922,,
0.0042,,
0.0772,,
1.5655,,
0.2481,,
0.0283,,
0.2626,,
0.1588,,
1.2284,,
0.1389,,
1.4733,,
0.1503,,
0.2718,,
1.1859,,
0.039,,
0.1399,,
0.0281,,
1.5065,,
0.1408,,
0.1827,,
0.0649,,
0.1145,,
1.2728,,
1.6239,,
0.1723,,
0.0187,,
0.0063,,
0.1006,,
0.135,,
1.5271,,
1.1494,,
0.0765,,
0.2514,,
0.0334,,
1.26,,
1.3876,,
0.1536,,
0.0784,,
0.0802,,
0.1307,,
0.0608,,
0.0841,,
1.1508,,
0.2695,,
0.1263,,
0.0932,,
0.2796,,
1.2413,,
0.1389,,
1.0888,,
1.1512,,
0.1389,,
0.3054,,
0.1932,,
1.1185,,
1.0523,,
1.187,,
0.0539,,
0.1265,,
0.0938,,
1.4206,,
0.2806,,
1.1849,,
0.1443,,
0.0521,,
1.2605,,
0.0774,,
0.0352,,
1.4076,,
0.0636,,
0.2442,,
0.0349,,
0.0683,,
1.4012,,
0.0631,,
0.2304,,
1.4676,,
0.2637,,
1.0888,,
1.291,,
0.1427,,
0.1422,,
1.5622,,
0.1348,,
0.0239,,
1.4748,,
0.0678,,
0.1534,,
0.0063,,
0.2537,,
1.3336,,
0.1933,,
0.3112,,
0.063,,
1.5285,,
0.1046,,
0.0746,,
0.147,,
1.2909,,
0.1528,,
0.1272,,
0.2689,,
0.1125,,
0.1396,,
0.0629,,
0.3069,,
0.2827,,
0.0591,,
1.3864,,
0.0524,,
0.1142,,
0.1035,,
0.1446,,
0.1057,,
1.2604,,
0.0299,,
0.1362,,
1.5337,,
0.1885,,
0.0867,,
0.0656,,
1.351,,
0.0347,,
0.1593,,
0.1031,,
0.0554,,
1.0877,,
0.0176,,
0.2991,,
1.2278,,
0.0691,,
0.2607,,
0.1289,,
0.135,,
0.0283,,
1.5894,,
0.0866,,
1.734,,
0.0827,,
0.2573,,
1.5574,,
1.3834,,
1.2908,,
0.1364,,
0.0869,,
1.4852,,
1.4088,,
0.0477,,
0.0625,,
0.1136,,
0.0969,,
0.112,,
0.1116,,
0.0946,,
1.0179,,
1.0884,,
1.2418,,
0.1007,,
1.3175,,
1.0519,,
0.0579,,
0.0591,,
1.5067,,
0.0593,,
1.6762,,
0.1409,,
0.059,,
0.0538,,
0.0728,,
0.1513,,
0.2834,,
0.0856,,
0.0495,,
1.332,,
0.0878,,
0.0742,,
0.0982,,
1.3506,,
1.4844,,
1.0528,,
0.1219,,
0.1104,,
0.0309,,
0.1007,,
0.0542,,
0.1361,,
0.0302,,
0.0198,,
1.0171,,
1.3331,,
1.4204,,
0.0311,,
0.0842,,
0.0781,,
1.2414,,
0.1008,,
1.7091,,
0.0003,,
0.0386,,
0.0505,,
1.3345,,
1.5392,,
0.0321,,
1.4879,,
0.147,,
0.3076,,
1.5095,,
1.3917,,
0.0656,,
1.4765,,
1.5899,,
0.0703,,
1.3222,,
0.0591,,
1.1873,,
0.0023,,
0.0867,,
0.0678,,
0.1388,,
1.4027,,
1.3258,,
0.0628,,
1.1881,,
1.4091,,
0.0784,,
0.1046,,
0.1155,,
0.1196,,
0.1506,,
0.1313,,
0.2306,,
0.1598,,
0.129,,
0.2252,,
1.1186,,
0.0782,,
1.4022,,
0.0528,,
0.1183,,
0.0388,,
1.6966,,
1.352,,
1.2281,,
1.4681,,
0.3098,,
1.3879,,
0.0873,,
1.1871,,
0.1285,,
0.1003,,
1.1857,,
1.4197,,
0.1361,,
0.0605,,
0.1834,,
0.0921,,
0.1033,,
1.318,,
1.1877,,
1.3863,,
0.136,,
0.084,,
1.0171,,
0.0618,,
0.0586,,
0.2585,,
0.0865,,
0.193,,
1.243,,
0.009,,
0.0311,,
1.6021,,
0.0365,,
1.387,,
1.1488,,
1.2917,,
0.2017,,
0.1586,,
0.1505,,
1.4417,,
0.1153,,
1.255,,
1.1503,,
0.1727,,
1.4674,,
0.2269,,
0.3462,,
0.1249,,
0.1255,,
1.1498,,
0.0021,,
0.0123,,
0.1016,,
0.068,,
0.1286,,
1.1193,,
0.0524,,
1.3721,,
0.1286,,
1.4205,,
0.0613,,
0.0639,,
1.3225,,
1.3271,,
1.2724,,
1.421,,
0.0996,,
1.2729,,
1.2592,,
1.2599,,
0.1827,,
0.0302,,
0.0305,,
0.0277,,
0.2836,,
0.1146,,
0.0389,,
1.2275,,
0.1272,,
1.4009,,
1.3268,,
0.0186,,
0.1529,,
1.1187,,
0.1412,,
0.0624,,
1.6224,,
1.2722,,
1.4206,,
0.0187,,
1.2608,,
0.0818,,
0.2273,,
0.1286,,
0.0823,,
0.0043,,
1.2907,,
0.0745,,
0.0682,,
0.15,,
0.0992,,
0.0159,,
0.1931,,
1.4212,,
1.529,,
1.3871,,
0.2599,,
0.2364,,
1.306,,
0.018,,
0.0519,,
0.1592,,
1.6774,,
0.039,,
1.5574,,
0.3535,,
0.0082,,
1.1869,,
1.1198,,
0.34,,
0.0781,,
1.601,,
1.2728,,
1.2421,,
0.1363,,
0.2007,,
0.0593,,
0.0387,,
0.1386,,
0.1138,,
1.7329,,
0.0296,,
0.0741,,
0.0971,,
0.2675,,
1.1508,,
0.1265,,
0.0108,,
0.1226,,
0.0592,,
0.0024,,
0.0066,,
0.1128,,
0.0651,,
1.1191,,
1.1848,,
0.1289,,
1.2592,,
1.3863,,
1.6026,,
1.3168,,
0.0266,,
0.0609,,
1.588,,
0.1578,,
1.468,,
0.0768,,
1.327,,
0.2896,,
0.1257,,
0.0626,,
1.421,,
0.2632,,
0.0568,,
0.0904,,
1.4756,,
0.0668,,
1.3865,,
0.0031,,
1.505,,
0.081,,
1.2292,,
0.1493,,
0.1487,,
0.1495,,
0.3414,,
0.0341,,
1.0876,,
0.1051,,
0.1444,,
0.1533,,
1.1862,,
0.136,,
1.4562,,
0.1257,,
1.4745,,
0.1284,,
1.4201,,
1.2909,,
0.1889,,
0.1313,,
0.1057,,
0.002,,
0.0357,,
0.2909,,
1.0884,,
1.3878,,
0.1887,,
0.0922,,
0.289,,
0.0333,,
0.0528,,
0.0198,,
1.4315,,
1.0882,,
0.2272,,
0.2996,,
1.5063,,
0.0614,,
1.6759,,
0.1432,,
0.0872,,
0.1387,,
0.1198,,
1.0511,,
0.2722,,
0.0629,,
0.1366,,
0.0341,,
0.1226,,
1.2717,,
0.1592,,
1.464,,
1.4638,,
0.1059,,
0.1426,,
0.3011,,
0.0652,,
0.0047,,
1.0519,,
0.01,,
1.7101,,
0.0323,,
0.1391,,
0.1036,,
1.1883,,
0.1255,,
0.1486,,
1.15,,
0.15,,
1.3063,,
0.1503,,
1.1863,,
0.2381,,
0.0592,,
0.1484,,
0.1255,,
0.0846,,
0.2381,,
1.3765,,
1.1852,,
0.0699,,
0.0542,,
0.1395,,
0.1932,,
1.0521,,
1.4022,,
0.0888,,
0.0181,,
0.112,,
1.3831,,
1.532,,
1.3268,,
0.0629,,
0.2321,,
0.0711,,
0.0843,,
0.0308,,
1.2278,,
1.42,,
0.1284,,
1.227,,
0.3591,,
0.1726,,
0.1348,,
1.7095,,
0.0575,,
0.0498,,
0.0966,,
0.0285,,
0.1397,,
0.0392,,
1.4418,,
1.5441,,
1.0886,,
0.1363,,
0.0529,,
0.3551,,
1.2725,,
0.0185,,
0.0983,,
1.5627,,
0.2003,,
0.1116,,
0.0092,,
0.2761,,
1.7333,,
1.5327,,
0.0954,,
0.1138,,
1.3367,,
0.1604,,
0.0027,,
0.0103,,
0.3023,,
0.1142,,
0.1031,,
1.3912,,
0.0026,,
0.1578,,
1.2416,,
1.1493,,
0.0659,,
0.1064,,
0.0606,,
0.1605,,
1.6969,,
0.2956,,
1.2423,,
0.0633,,
0.2272,,
1.2598,,
0.0501,,
0.0815,,
0.0172,,
1.4855,,
0.0995,,
0.0935,,
1.2906,,
0.0467,,
0.0983,,
1.0518,,
0.0988,,
0.1832,,
0.0026,,
0.1142,,
0.2007,,
0.0162,,
0.143,,
0.0747,,
0.0976,,
0.0857,,
1.3271,,
1.5586,,
0.1484,,
0.0191,,
0.1407,,
0.1027,,
1.1502,,
0.0582,,
1.4854,,
1.4207,,
0.0535,,
0.0613,,
0.0393,,
1.4554,,
0.0068,,
1.1504,,
0.0184,,
0.0194,,
0.1396,,
1.1187,,
0.143,,
0.0499,,
1.4878,,
0.0386,,
1.1874,,
0.0483,,
0.1499,,
1.2432,,
0.0183,,
0.0662,,
1.2277,,
0.1266,,
0.0278,,
0.1827,,
0.1237,,
0.0802,,
1.3878,,
1.0889,,
1.3061,,
0.1834,,
0.0185,,
0.3101,,
0.013,,
0.2661,,
0.2361,,
0.0124,,
1.4883,,
1.1867,,
0.1495,,
0.1411,,
0.2584,,
0.0683,,
0.1362,,
0.0395,,
0.0493,,
0.2869,,
0.2931,,
0.0999,,
0.1276,,
0.2449,,
0.2486,,
1.5379,,
0.1267,,
1.5314,,
0.1475,,
0.0552,,
0.2251,,
0.0044,,
0.0025,,
0.0486,,
0.1149,,
0.3444,,
0.0569,,
1.0173,,
0.1532,,
0.0325,,
0.1589,,
0.1449,,
