3,21929751282051;3,21929751282051;0
0,482040052631579;0,482040052631579;0
0,616064289473684;0,616064289473684;0
0,917929;0,917929;0
0,5044075;0,5044075;0
0,502207128205128;0,502207128205128;0
0,502442666666667;0,502442666666667;0
0,365789897435897;0,365789897435897;0
0,518546692307692;0,518546692307692;0
0,535565435897436;0,535565435897436;0
0,505745282051282;0,505745282051282;0
0,518685128205128;0,518685128205128;0
0,573065948717949;0,573065948717949;0
0,502896333333333;0,502896333333333;0
0,432443897435898;0,432443897435898;0
0,588716307692308;0,568212307692308;-4
3,32498517948718;3,26764964102564;-2
0,587065410256411;0,53944458974359;-9
6,55980843589743;6,51271964102564;-1
5,84702674358974;5,85660738461539;0
6,59247753846154;6,50929243589744;-1
5,87969584615385;5,870778;0
6,57545879487179;6,53109484615385;-1
6,6081278974359;6,51166176923077;-1
5,8626771025641;5,87087387179487;0
5,8953462051282;5,84491694871795;-1
0,483019897435898;0,467633153846154;-3
0,401307948717949;0,374817641025641;-7
0,554534743589744;0,526568538461538;-5
0,498670256410257;0,474230538461539;-5
0,570185102564103;0,533739923076923;-7
6,57559723076923;6,54155320512821;-1
6,59124758974359;6,55013617948718;-1
5,86281553846154;5,86363853846154;0
5,8784658974359;5,8616597368421;0
0,515689000000001;0,478926921052632;-8
0,587203846153847;0,528323051282051;-11
6,60826633333333;6,52198284615385;-1
2,05918269230769;2,03291538461538;-1
5,89548464102564;5,85854202564103;-1
0,53133935897436;0,478703692307692;-11
6,62391669230769;6,53009856410256;-1
0,602854205128206;0,53221558974359;-13
5,911135;5,84551712820513;-1
0,481586385964913;0,478544333333333;-1
10,7524947807017;10,7562264102564;0
0,749079512820513;0,75464147368421;1
10,9167662820512;10,9212162307692;0
0,497236744939272;0,501547205128205;1
0,421219743589744;0,386080631578947;-9
0,764729871794872;0,751386666666667;-2
10,7681451396761;10,7736278974359;0
10,9324166410256;10,9093499487179;0
0,514255488529016;0,510615487179487;-1
10,7851638832658;10,7249887435897;-1
0,529905847503375;0,499134230769231;-6
10,8008142422402;10,7364329230769;-1
0,781748615384616;0,756163307692308;-3
0,797398974358975;0,74202382051282;-7
10,9494353846153;10,9029474473684;0
2,07909448717949;2,08431376923077;0
10,9650857435897;10,9054147631579;-1
0,497375180836708;0,502242282051282;1
10,7682835755735;10,7314186410256;0
0,764868307692308;0,734729461538462;-4
10,932555076923;10,8926092820513;0
0,530044283400811;0,501298128205128;-6
0,797537410256411;0,741280897435897;-8
10,8009526781376;10,7425747692308;-1
10,9652241794871;10,91743365;0
0,513025539811067;0,503099025641026;-2
0,55420317948718;0,526405769230769;-5
10,7839339345479;10,7292004358974;-1
0,54569464237517;0,497255897435897;-10
10,816603037112;10,7241724210526;-1
0,780518666666667;0,747503102564103;-4
0,81318776923077;0,747416210526316;-9
10,9482054358974;10,9249083947368;0
10,9808745384615;10,9099363421053;-1
0,506343333333334;0,508516763157895;0
10,7772517280702;10,7475049230769;0
0,772624564102565;0,772647;0
0,624372794871796;0,577441076923077;-8
10,9403113333333;10,943653;0
0,521993692307693;0,510209459459459;-2
0,788274923076924;0,771137871794872;-2
10,7929020870445;10,7449976052632;0
10,9559616923076;10,9276094102564;0
0,522132128205129;0,512415421052632;-2
10,793040522942;10,7029561315789;-1
0,537782487179488;0,517968473684211;-4
10,8086908819163;10,7099706923077;-1
0,78841335897436;0,750785794871795;-5
0,417096743589744;0,376276605263158;-11
0,804063717948719;0,76255841025641;-5
10,9561001282051;10,9009974736842;-1
10,9717504871794;10,9158494102564;-1
0,539012435897437;0,520309923076923;-4
10,8099208306343;10,7397864102564;-1
0,805293666666668;0,771518435897436;-4
10,9729804358974;10,93962545;0
0,554801230769232;0,520164128205128;-7
0,821082461538463;0,756900763157895;-8
10,8257096255061;10,7072054615385;-1
0,437008538461539;0,389726868421053;-12
10,9887692307692;10,9192320263158;-1
0,554662794871796;0,525368513513513;-6
10,8255711896086;10,7362442564103;-1
0,570451589743591;0,523887282051282;-9
10,8413599844804;10,7516961794872;-1
0,820944025641027;0,772978358974359;-6
0,836732820512822;0,749788868421053;-12
10,9886307948717;10,928371025641;-1
11,0044195897435;10,890371025641;-1
0,484435334682862;0,483833179487179;0
3,27060435897436;3,23745146153846;-1
10,7553437294197;10,7314993947368;0
0,751928461538462;0,750755282051282;0
10,9196152307692;10,9220752051282;0
0,500085693657221;0,496748102564103;-1
0,767578820512821;0,752121973684211;-2
10,770994088394;10,7334816666667;0
10,9352655897435;10,9093486578947;0
0,517104437246965;0,502955743589743;-3
10,7880128319838;10,7319317948718;-1
0,532754796221324;0,497178358974359;-7
0,381440256410256;0,366015631578947;-4
2,07497148717949;2,02370268421053;-3
10,8036631909581;10,7331582051282;-1
0,784597564102565;0,764017333333333;-3
0,800247923076924;0,748330868421053;-7
10,9522843333333;10,9013821081081;0
10,9679346923076;10,917801425;0
0,509192282051283;0,508836512820513;0
10,7801006767881;10,7223165128205;-1
0,775473512820514;0,779261736842105;0
10,9431602820512;10,924860972973;0
0,541861384615386;0,51504282051282;-5
3,34077397435897;3,28335443589744;-2
0,808142615384617;0,773130256410256;-5
10,8127697793522;10,7131234615385;-1
10,9758293846153;10,9348547179487;0
0,524842641025642;0,512857421052632;-2
10,7957510357625;10,7335255384615;-1
0,557511743589745;0,518937526315789;-7
10,8284201383266;10,7103387027027;-1
0,791123871794873;0,782204051282051;-1
0,823792974358976;0,776812256410256;-6
10,9588106410256;10,9380917948718;0
2,09488328205128;2,08628448717949;0
10,9914797435897;10,9039715;-1
0,500224129554657;0,498174769230769;0
10,7711325242915;10,7372117692308;0
0,767717256410257;0,741715184210526;-4
10,935404025641;10,8987056052632;0
0,515874488529016;0,500193657894737;-3
0,783367615384616;0,751243435897436;-4
10,7867828832658;10,737751948718;0
10,9510543846153;10,9309046666667;0
0,524981076923078;0,512931205128205;-2
0,554064743589744;0,527278368421053;-5
10,7958894716599;10,7366211794872;-1
0,540631435897437;0,518000051282052;-4
10,8115398306343;10,7373837948718;-1
0,791262307692309;0,75369317948718;-5
0,806912666666668;0,759619736842105;-6
10,958949076923;10,9176541282051;0
10,9745994358974;10,9228429459459;0
0,53289323211876;0,501553641025641;-6
10,8038016268556;10,7346753076923;-1
0,80038635897436;0,746494135135135;-7
0,62423435897436;0,579977897435898;-8
10,9680731282051;10,9040807435897;-1
0,557650179487181;0,520934615384616;-7
0,823931410256412;0,75767641025641;-9
10,828558574224;10,7135706153846;-1
10,9916181794871;10,9232195641026;-1
0,548543591093119;0,493411846153846;-11
10,8194519858299;10,7213274615385;-1
0,57330053846154;0,521399384615385;-10
10,8442089331984;10,729516;-1
0,816036717948719;0,749623897435897;-9
3,27046592307692;3,23279905128205;-1
0,839581769230771;0,753422184210526;-11
10,9837234871794;10,911433;-1
11,0072685384615;10,9074773947368;-1
10,7529484473684;10,7529484473684;0
0,749533179487179;0,749533179487179;0
10,9172199487179;10,9172199487179;0
0,497690411605938;0,499727368421052;0
0,765183538461538;0,752133743589744;-2
10,7685988063428;10,7495611794872;0
3,34063553846154;3,27102728205128;-2
10,9328703076923;10,9168708378378;0
0,514709155195682;0,513024263157895;0
10,7856175499325;10,7221867948718;-1
0,530359514170041;0,498736763157895;-6
10,8012679089069;10,7393972820513;-1
0,782202282051282;0,754040923076923;-4
0,797852641025641;0,752175923076923;-6
10,949889051282;10,8960904871795;0
10,9655394102564;10,9025615641026;-1
0,497828847503374;0,501874769230769;1
0,569853538461539;0,521600342105263;-9
10,7687372422402;10,7251883846154;0
0,765321974358974;0,732406631578947;-4
10,9330087435897;10,8896856153846;0
0,530497950067477;0,498927923076923;-6
0,797991076923077;0,742831666666667;-7
10,8014063448043;10,7410433076923;-1
10,9656778461538;10,8977321794872;-1
0,513479206477733;0,506829256410256;-1
10,7843876012146;10,7304819230769;-1
0,546148309041836;0,496938820512821;-10
3,28625471794872;3,21245651282051;-2
10,8170567037787;10,7188976315789;-1
0,780972333333333;0,747610717948718;-4
0,813641435897436;0,747630842105263;-9
10,9486591025641;10,922635575;0
10,9813282051282;10,9066077105263;-1
0,484889001349528;0,485087263157895;0
10,7557973960863;10,7431062307692;0
0,752382128205128;0,750367102564102;0
10,9200688974358;10,9192870769231;0
0,500539360323887;0,497007631578947;-1
0,640023153846155;0,583330769230769;-10
0,768032487179487;0,753075641025641;-2
10,7714477550607;10,7300759230769;0
10,9357192564102;10,9130264615385;0
0,500677796221323;0,500549871794872;0
10,7715861909581;10,7357688461538;0
0,516328155195682;0,501923923076923;-3
10,7872365499325;10,7344992051282;0
0,768170923076923;0,74442558974359;-3
0,783821282051282;0,748962717948718;-5
10,9358576923076;10,898161974359;0
0,401352051282051;0,390812230769231;-3
3,35642433333333;3,28526623076923;-2
10,951508051282;10,9338856153846;0
0,517558103913631;0,505856435897436;-2
10,7884664986505;10,7322295641026;-1
0,785051230769231;0,760084871794872;-3
10,952738;10,8993860263158;0
0,533346898785426;0,503539666666667;-6
0,800840025641026;0,745916;-7
10,8042552935222;10,7305295384615;-1
10,9685267948717;10,9035487179487;-1
0,53320846288799;0,498735394736842;-7
0,416958307692308;0,362926205128205;-15
10,8041168576248;10,7313448205128;-1
0,548997257759785;0,494166076923077;-11
10,8199056524966;10,7214467692308;-1
0,80070158974359;0,749269076923077;-7
0,816490384615385;0,751130743589744;-9
10,9683883589743;10,9182551621622;0
10,9841771538461;10,9184204871795;-1
0,506797;0,506797;0
10,7777053947368;10,7330248717949;0
0,773078230769231;0,773078230769231;0
0,436870102564103;0,385507128205128;-13
10,940765;10,937584974359;0
0,522447358974359;0,510030538461538;-2
0,78872858974359;0,774185282051282;-2
10,7933557537112;10,7338392307692;-1
10,9564153589743;10,9107893513514;0
0,539466102564103;0,520637447368421;-4
10,8103744973009;10,7237240769231;-1
0,555116461538462;0,515265184210526;-8
10,8260248562753;10,7266265263158;-1
0,805747333333334;0,77495917948718;-4
0,432747102564103;0,373442538461538;-16
0,821397692307693;0,776731538461538;-6
10,9734341025641;10,9580576;0
10,9890844615384;10,9368079230769;0
0,509645948717949;0,506535789473684;-1
10,7805543434548;10,7130727948718;-1
0,77592717948718;0,776654432432432;0
10,9436139487179;10,9230791351351;0
0,542315051282052;0,514011078947368;-6
0,808596282051283;0,773951736842105;-4
10,8132234460189;10,718135974359;-1
0,452658897435898;0,40187802631579;-13
10,976283051282;10,9373071666667;0
0,525296307692308;0,512260358974359;-3
10,7962047024291;10,7322793589744;-1
0,557965410256411;0,519947307692308;-7
10,8288738049932;10,7133153076923;-1
0,791577538461539;0,782150717948718;-1
0,824246641025642;0,776519846153846;-6
10,9592643076923;10,9379863333333;0
10,9919334102564;10,9088716756757;-1
0,522585794871795;0,511390282051282;-2
2,07483305128205;2,03072558974359;-2
10,7934941896086;10,7003192564103;-1
0,788867025641026;0,752171358974359;-5
10,9565537948717;10,89621785;-1
0,538236153846154;0,518244974358974;-4
0,804517384615385;0,765242384615385;-5
10,809144548583;10,7065270263158;-1
10,9722041538461;10,9114745384615;-1
0,525434743589744;0,513113641025641;-2
10,7963431383266;10,7357454871795;-1
0,541085102564103;0,516918846153846;-5
2,09062184615385;2,0416451025641;-2
10,8119934973009;10,7325071538462;-1
0,791715974358975;0,751894184210526;-5
0,807366333333334;0,754568615384615;-7
10,9594027435897;10,9123707692308;0
10,9750531025641;10,9198045128205;-1
0,555254897435898;0,520639947368421;-7
10,8261632921727;10,6980868974359;-1
0,821536128205129;0,754889384615385;-9
10,9892228974359;10,9387360769231;0
0,558103846153847;0,523184025641026;-7
2,09474484615385;2,0605841025641;-2
0,824385076923078;0,756590102564102;-9
10,8290122408907;10,7400914871795;-1
10,9920718461538;10,962586948718;0
0,570905256410257;0,523466025641026;-9
10,8418136511471;10,770140974359;-1
0,573754205128206;0,520984358974359;-10
10,844662599865;10,748161974359;-1
0,837186487179488;0,754704487179487;-11
0,840035435897437;0,759354820512821;-11
11,0048732564102;10,9246781025641;-1
2,11053364102564;2,07724035897436;-2
11,0077222051282;10,9305218421053;-1
0,483551219298246;0,485591615384615;0
0,751044346153846;0,753564461538461;0
0,499201578272605;0,500295358974359;0
0,766694705128205;0,752372692307692;-2
0,516220321862349;0,512697487179487;-1
0,531870680836708;0,497566230769231;-7
0,783713448717949;0,768409358974359;-2
0,799363807692308;0,749137894736842;-7
0,499340014170041;0,508784916666666;2
0,766833141025641;0,73776841025641;-4
0,532009116734144;0,504606315789474;-5
0,799502243589744;0,745940897435897;-7
0,5149903731444;0,506420025641026;-2
0,547659475708503;0,498653717948718;-10
0,7824835;0,750750051282051;-4
0,815152602564103;0,75106541025641;-9
0,508308166666667;0,51007441025641;0
0,774589397435898;0,776393974358974;0
0,523958525641026;0,512058282051282;-2
3,23494787179487;3,26088430769231;1
0,574577115384616;0,582306230769231;1
0,790239756410257;0,781869394736842;-1
0,524096961538462;0,515010153846154;-2
0,539747320512821;0,520198128205128;-4
0,790378192307693;0,75858445;-4
0,806028551282052;0,769152179487179;-5
0,54097726923077;0,527702743589744;-3
0,807258500000001;0,775488487179487;-4
0,556766064102565;0,521501179487179;-7
0,823047294871796;0,760143128205128;-8
0,556627628205129;0,520250512820513;-7
3,22080867948718;3,25199935897436;1
0,572416423076924;0,526041128205128;-9
0,82290885897436;0,775146666666666;-6
0,838697653846155;0,74718541025641;-12
10,7544596140351;10,7813827692308;0
10,9187311153846;10,9212218421053;0
10,7701099730094;10,7687952564103;0
10,9343814743589;10,9212017027027;0
10,7871287165992;10,7228596923077;-1
10,8027790755735;10,7353604358974;-1
10,9514002179487;10,9157053157895;0
3,29097829487179;3,301858;0
10,967050576923;10,9280711282051;0
10,7792165614035;10,7513536666667;0
10,9422761666666;10,9350040263158;0
10,8118856639676;10,7453837631579;-1
10,9749452692307;10,9427115897436;0
10,7948669203778;10,7474592564103;0
10,827536022942;10,7623945897436;-1
10,957926525641;10,9364995128205;0
10,9905956282051;10,937996051282;0
10,7702484089069;10,7291246410256;0
0,367301064102564;0,368129487179487;0
10,9345199102564;10,892494375;0
10,7858987678812;10,7426854736842;0
10,9501702692307;10,9476256410256;0
10,7950053562753;10,7266306923077;-1
10,8106557152496;10,7396257105263;-1
10,9580649615384;10,9197336153846;0
10,9737153205128;10,9305156153846;0
10,802917511471;10,7590616923077;0
10,9671890128205;10,9193516923077;0
10,8276744588394;10,7028348974359;-1
2,02517580769231;2,02860943243243;0
10,9907340641025;10,9066306315789;-1
10,8185678704453;10,7223747179487;-1
10,8433248178137;10,7521616153846;-1
10,9828393717948;10,9261124736842;-1
11,0063844230769;10,9242088947368;-1
0,486400168016195;0,485192871794872;0
0,753893294871795;0,748528324324324;-1
0,502050526990554;0,496672974358974;-1
0,769543653846154;0,743754717948718;-3
0,519069270580298;0,505779897435897;-3
0,387212858974359;0,386138333333333;0
0,534719629554657;0,498201923076923;-7
0,786562397435898;0,760644846153846;-3
0,802212756410257;0,747544923076923;-7
0,50218896288799;0,499730846153846;0
0,76968208974359;0,747115538461539;-3
0,534858065452093;0,505390179487179;-6
0,802351192307693;0,745673;-8
0,517839321862349;0,503794230769231;-3
0,550508424426452;0,492907128205128;-12
0,785332448717949;0,752509102564103;-4
2,0450876025641;2,08058758974359;2
0,818001551282052;0,750832025641025;-9
10,757308562753;10,7411048157895;0
10,9215800641025;10,930239475;0
10,7729589217274;10,7539413076923;0
10,9372304230769;10,9251428947368;0
10,7730973576248;10,7378341794872;0
10,7887477165992;10,7327082972973;-1
10,9373688589743;10,8905435675676;0
10,9530192179487;10,9395526153846;0
10,7899776653171;10,7587161025641;0
0,520057858974359;0,52050541025641;0
10,9542491666666;10,9213985897436;0
10,8057664601889;10,7555356666667;0
10,9700379615384;10,9268455675676;0
10,8056280242915;10,7379424102564;-1
10,8214168191633;10,7184006666667;-1
10,969899525641;10,9389714736842;0
10,9856883205128;10,9363107631579;0
0,511157115384616;0,509818923076923;0
0,777438346153847;0,782270487179487;1
0,526807474358975;0,512283846153846;-3
0,590227474358975;0,570067128205128;-4
0,793088705128206;0,790032358974359;0
0,543826217948719;0,516139871794872;-5
0,559476576923078;0,518393358974359;-8
0,81010744871795;0,776149769230769;-4
0,825757807692309;0,776953641025641;-6
10,7820655101214;10,7170301578947;-1
10,9451251153846;10,9185587948718;0
10,8147346126855;10,7476384324324;-1
10,9777942179487;10,9677501794872;0
10,7977158690958;10,7227681794872;-1
0,382951423076923;0,367106076923077;-4
10,8303849716599;10,7385879487179;-1
10,9607754743589;10,9549698947368;0
10,993444576923;10,9060613513514;-1
0,526945910256411;0,517185487179487;-2
0,793227141025642;0,755023736842105;-5
0,54259626923077;0,520435333333333;-4
0,808877500000001;0,76623758974359;-6
10,7978543049932;10,7511682307692;0
10,8135046639676;10,7489216923077;-1
10,9609139102564;10,9362394473684;0
2,039315;2,0421112051282;0
0,402863217948718;0,393820025641025;-2
10,9765642692307;10,9400548421053;0
0,559615012820514;0,52268658974359;-7
0,825896243589745;0,759230102564103;-9
10,8305234075573;10,7420155384615;-1
10,9935830128205;10,9241751794872;-1
0,575265371794873;0,521863871794871;-10
10,8461737665317;10,7534426486487;-1
0,841546602564104;0,757554358974359;-11
11,0092333717948;10,9168642368421;-1
0,481350847503374;0,480289820512821;0
3,23645903846154;3,25488656410256;1
0,497001206477733;0,498180564102564;0
0,514019950067477;0,511676315789474;0
0,529670309041836;0,498571641025641;-6
0,497139642375169;0,500653205128205;1
0,529808744939272;0,499725102564103;-6
0,512790001349528;0,505930923076923;-1
0,545459103913631;0,498075435897436;-10
0,506107794871795;0,50964341025641;1
0,521758153846154;0,51027876923077;-2
0,52189658974359;0,512519487179487;-2
2,04082616666667;2,04363276923077;0
0,537546948717949;0,518193948717949;-4
0,538776897435898;0,523740153846154;-3
0,554565692307693;0,522803615384615;-6
0,554427256410257;0,518411052631579;-7
0,570216051282052;0,525377794871795;-9
0,484199796221323;0,48593917948718;0
0,499850155195682;0,499176794871795;0
0,516868898785426;0,507866538461539;-2
0,532519257759785;0,49751882051282;-7
0,508956743589744;0,505544743589744;-1
3,30662865384615;3,28505;-1
0,541625846153847;0,515384820512821;-5
0,524607102564103;0,510183384615385;-3
0,557276205128206;0,519248871794872;-7
0,499988591093118;0,501216333333333;0
0,515638950067477;0,500773615384616;-3
0,524745538461539;0,512971871794872;-2
0,540395897435898;0,518332102564103;-4
0,532657693657221;0,505772256410256;-5
0,557414641025642;0,522667025641026;-7
0,54830805263158;0,493295461538461;-11
2,06073796153846;2,06532676923077;0
0,573065000000001;0,520384974358974;-10
0,748843974358974;0,750865128205128;0
0,764494333333333;0,743481657894737;-3
0,781513076923077;0,753704717948718;-4
0,797163435897436;0,748520210526316;-6
0,764632769230769;0,73257817948718;-4
0,797301871794872;0,738733894736842;-8
0,780283128205128;0,747907717948718;-4
0,812952230769231;0,746961846153846;-9
0,751692923076923;0,750266487179487;0
0,537076602564103;0,534583358974359;0
0,767343282051282;0,749383974358974;-2
0,767481717948718;0,740263102564103;-4
0,783132076923077;0,751350388888889;-4
0,784362025641026;0,761916;-3
0,800150820512821;0,74373958974359;-8
0,800012384615385;0,748157871794872;-7
0,81580117948718;0,754564153846154;-8
0,772389025641026;0,772413871794872;0
0,788039384615385;0,774695026315789;-2
0,805058128205129;0,773246769230769;-4
0,607246217948719;0,581893307692308;-4
0,820708487179488;0,7843835;-5
0,775237974358975;0,779995;1
0,807907076923078;0,784632421052632;-3
0,790888333333334;0,783604666666667;-1
0,823557435897437;0,775283282051282;-6
0,788177820512821;0,752823641025641;-5
0,80382817948718;0,765605717948718;-5
0,79102676923077;0,753086666666667;-5
0,806677128205129;0,759668717948718;-6
0,820846923076924;0,757227435897436;-8
3,25347778205128;3,20970625641026;-1
0,823695871794873;0,756648282051282;-9
0,836497282051283;0,749568743589744;-12
0,839346230769232;0,752955763157895;-11
10,7522592422402;10,7515235128205;0
10,7679096012146;10,7632543243243;0
10,7849283448043;10,7439998461538;0
10,8005787037787;10,7563594054054;0
10,768048037112;10,7563317777778;0
10,8007171396761;10,7471029210526;0
10,7836983960863;10,7319907692308;0
3,3236473974359;3,27968912820513;-1
10,8163674986505;10,723519;-1
10,7770161896086;10,742288972973;0
10,792666548583;10,7278787105263;-1
10,7928049844804;10,7016426666667;-1
10,8084553434548;10,7152677894737;-1
10,8096852921727;10,7295051794872;-1
10,8254740870445;10,7033888717949;-1
10,8253356511471;10,7378157692308;-1
10,8411244460189;10,7489613076923;-1
10,9165307435897;10,9150858205128;0
0,552726961538462;0,527254487179487;-5
10,9321811025641;10,9346019444444;0
10,9491998461538;10,9221940769231;0
10,9648502051282;10,9128817948718;0
10,9400757948717;10,9542665789474;0
10,9727448974359;10,956258631579;0
10,9557261538461;10,9266387435897;0
10,9883952564102;10,9456126315789;0
10,9323195384615;10,8936707368421;0
10,9479698974359;10,9294035263158;0
10,9558645897435;10,9012635263158;-1
3,30511748717949;3,28647933333333;-1
3,26912814102564;3,22513902564103;-1
10,9715149487179;10,939225;0
10,9649886410256;10,9181042631579;0
10,9885336923076;10,9162308157895;-1
10,980639;10,9036973421053;-1
11,004184051282;10,8918190526316;-1
10,7551081909581;10,7399238974359;0
10,7707585499325;10,7409595641026;0
10,7877772935222;10,7519462368421;0
10,8034276524966;10,7587891842105;0
10,7708969858299;10,7559619210526;0
0,622896576923078;0,578862897435897;-8
10,803566088394;10,7352197692308;-1
10,7865473448043;10,748076925;0
10,8192164473684;10,7418655384615;-1
10,9193796923076;10,9300894615385;0
10,935030051282;10,9351901842105;0
10,9351684871794;10,9176659487179;0
10,9508188461538;10,9519555405405;0
10,9520487948717;10,9005768461538;0
10,9678375897435;10,9022232368421;-1
10,9676991538461;10,9188864358974;0
3,33929775641025;3,2852008974359;-2
10,9834879487179;10,9201834210526;-1
10,7798651383266;10,718491974359;-1
10,7955154973009;10,7378994871795;-1
10,8125342408907;10,7160891388889;-1
10,828184599865;10,718539125;-1
10,9429247435897;10,9241467179487;0
10,9755938461538;10,9450172307692;0
10,9585751025641;10,9552368;0
10,9912442051282;10,9382521578947;0
10,7956539331984;10,7422339230769;0
0,399970166666667;0,370124743589744;-8
10,8113042921727;10,7380908421053;-1
10,9587135384615;10,9154604473684;0
10,9743638974359;10,941460974359;0
10,8283230357625;10,7344640263158;-1
10,9913826410256;10,9226674324324;-1
10,8439733947368;10,727516;-1
11,007033;10,928463051282;-1
0,617575456140351;0,617643846153846;0
1,25490369298246;1,25694351282051;0
0,63322581511471;0,631542692307692;0
0,419881961538462;0,384385692307692;-9
1,27055405195682;1,26100805405405;-1
0,650244558704454;0,643458307692308;-1
0,665894917678813;0,630553794871795;-6
1,28757279554656;1,25427547368421;-3
1,30322315452092;1,24267964102564;-5
0,633364251012146;0,633665897435897;0
1,27069248785425;1,24158476315789;-2
0,666033353576249;0,630504846153846;-6
1,30336159041835;1,25150351282051;-4
0,649014609986505;0,638332128205128;-2
0,415620525641026;0,355221461538462;-17
0,681683712550608;0,627514842105263;-9
1,28634284682861;1,25146228205128;-3
1,31901194939271;1,249853575;-6
0,641461551282051;0,634213025641025;-1
1,30812114035088;1,30764697297297;0
0,65711191025641;0,640399923076923;-3
1,32377149932524;1,31121941025641;-1
0,657250346153846;0,638432769230769;-3
0,672900705128205;0,643212743589744;-5
1,32390993522267;1,25851051282051;-5
0,435532320512821;0,387198435897436;-12
1,33956029419703;1,27334031578947;-5
0,674130653846154;0,657110923076923;-3
1,34079024291498;1,30806636842105;-3
0,689919448717949;0,647043025641026;-7
1,35657903778678;1,27749969230769;-6
0,689781012820513;0,65416458974359;-5
0,705569807692308;0,649239512820513;-9
1,35644060188934;1,30834287179487;-4
1,37222939676113;1,25543302631579;-9
0,6204244048583;0,618145461538462;0
2,05784491025641;2,03424276923077;-1
1,25775264170041;1,2566481025641;0
0,636074763832659;0,633223384615385;0
1,27340300067476;1,2577545;-1
0,653093507422403;0,640325230769231;-2
0,668743866396762;0,628673333333333;-6
1,29042174426451;1,26750769230769;-2
1,30607210323887;1,24799484615385;-5
0,6443105;0,636637256410257;-1
1,31097008906883;1,31052258974359;0
0,676979602564103;0,643523230769231;-5
2,07349526923077;2,03903692307692;-2
1,34363919163293;1,30971221052632;-3
0,659960858974359;0,645878384615385;-2
0,692629961538462;0,648949487179487;-7
1,32662044804318;1,31637441025641;-1
1,35928955060729;1,30550517948718;-4
0,636213199730095;0,630715769230769;-1
1,2735414365722;1,25456335897436;-2
0,651863558704454;0,633150947368421;-3
1,28919179554656;1,26203487179487;-2
0,660099294871795;0,636073358974359;-4
2,0777567051282;2,08776502564103;0
0,675749653846154;0,638856789473684;-6
1,32675888394062;1,26111930769231;-5
1,34240924291498;1,25579515384615;-7
0,668882302294198;0,631494641025641;-6
1,3062105391363;1,25716932432432;-4
0,692768397435898;0,643477384615385;-8
1,35942798650472;1,26645120512821;-7
0,684532661268557;0,623675923076923;-10
0,708418756410257;0,641178692307693;-10
1,32186089811066;1,26856268421053;-4
2,05922679487179;2,06613666666667;0
2,09340706410256;2,08528102564103;0
1,37507834547908;1,25751987179487;-9
20,0029446261262;20,0033302307692;0
21,2620973974359;21,2565189487179;0
20,0185949851005;19,9823619210526;0
21,2777477564102;21,2449133;0
20,0356137286903;19,9645311351351;0
20,0512640876646;20,031858948718;0
21,2947665;21,2639693333333;0
21,3104168589743;21,2768014864865;0
20,018733420998;19,9746037368421;0
0,507256448717949;0,504412666666667;-1
21,2778861923077;21,2188106666667;0
20,0514025235621;20,0124338157895;0
21,3105552948718;21,2265494102564;0
20,0343837799723;20,0014086923077;0
20,0670528825364;19,9962281282051;0
21,293536551282;21,2706180540541;0
21,3262056538461;21,238933972973;0
20,0057935748441;20,0257292368421;0
21,2649463461538;21,2913026315789;0
20,0214439338185;20,0028300769231;0
0,577426064102565;0,569262564102564;-1
21,2805967051282;21,2651872307692;0
20,0215823697159;19,9844371052632;0
20,0372327286903;20,0093801052632;0
21,2807351410256;21,2191669210526;0
21,2963855;21,3090596666667;0
20,0384626774082;19,9847887179487;0
21,2976154487179;21,2395042368421;0
20,05425147228;19,9770086666667;0
21,3134042435897;21,2342937894737;0
20,0541130363826;20,0207369473684;0
3,22365762820513;3,24620338461538;1
20,0699018312544;19,9734740833333;0
21,3132658076923;21,2629071578947;0
21,3290546025641;21,2931858157895;0
20,0268307212679;19,9609112631579;0
21,3153148448043;21,2655843421053;0
20,0424810802422;19,9645400769231;0
21,3309652037786;21,2864443157895;0
20,059499823832;19,9973178461538;0
20,0751501828063;19,9973208947368;0
21,3479839473684;21,28421035;0
3,29382724358974;3,27682117948718;-1
21,3636343063427;21,245792475;-1
20,0296796699858;19,9701404871795;0
21,3181637935222;21,2480936666667;0
20,0623487725499;19,9261343076923;-1
21,3508328960863;21,2984974594595;0
20,0453300289602;19,9904061315789;0
20,0779991315243;19,9531823846154;-1
21,3338141524966;21,271283325;0
21,3664832550607;21,2488251351351;-1
20,0426195161397;19,9129088461538;-1
0,370150012820513;0,369515157894737;0
21,3311036396761;21,1927161578947;-1
20,058269875114;19,9085485128205;-1
21,3467539986504;21,1989758684211;-1
20,0454684648576;19,9323106410256;-1
20,061118823832;19,9207522564103;-1
21,333952588394;21,2104871794872;-1
21,3496029473684;21,2463055263158;0
20,0752886187038;19,9286051052632;-1
21,3637727422402;21,2015799736842;-1
20,0781375674217;19,9231647105263;-1
2,02802475641026;2,04281912820513;1
21,3666216909581;21,2674378684211;0
20,0909389776781;19,95687025;-1
20,0937879263961;19,9591601052632;-1
21,3794231012145;21,1766066666667;-1
21,3822720499325;21,1745932777778;-1
0,615375084345479;0,61270082051282;0
1,25270332118758;1,25254310810811;0
0,631025443319838;0,62926582051282;0
1,26835368016194;1,24749945945946;-2
0,648044186909582;0,64052;-1
0,390061807692308;0,388895128205128;0
0,663694545883941;0,629887076923077;-5
1,28537242375169;1,25802888888889;-2
1,30102278272605;1,24390620512821;-5
0,631163879217274;0,631982923076923;0
1,26849211605938;1,24368797368421;-2
0,663832981781377;0,631441871794872;-5
1,30116121862348;1,25072341025641;-4
0,646814238191633;0,63781241025641;-1
0,679483340755736;0,625970051282051;-9
1,28414247503374;1,25342241025641;-2
2,04793655128205;2,0685938974359;1
1,31681157759784;1,25287541025641;-5
0,639261179487179;0,633404692307692;-1
1,30592076855601;1,30443723076923;0
0,654911538461538;0,641200820512821;-2
1,32157112753036;1,3027728974359;-1
0,655049974358974;0,635487076923077;-3
0,670700333333333;0,641378102564103;-5
1,3217095634278;1,25508066666667;-5
1,33735992240216;1,26881252631579;-5
0,671930282051282;0,651508564102564;-3
0,539925551282052;0,531498743589744;-2
1,33858987112011;1,3133862;-2
0,687719076923077;0,647400564102564;-6
1,3543786659919;1,27559243589744;-6
0,687580641025641;0,65035458974359;-6
0,703369435897436;0,653826512820513;-8
1,35424023009447;1,31226164102564;-3
1,37002902496626;1,26265346153846;-9
20,0007442543313;20,0178024871795;0
21,259897025641;21,2528075384615;0
20,0163946133057;20,0215923157895;0
0,610095166666668;0,583304384615385;-5
21,2755473846154;21,2836635384615;0
20,0334133568954;20,0015262894737;0
20,0490637158698;20,024596;0
21,2925661282051;21,2438292820513;0
21,3082164871795;21,2393363684211;0
20,024630349473;19,9952955384615;0
21,3131144730094;21,2956867297297;0
20,0572994520371;20,011916945946;0
21,3457835755735;21,282735975;0
20,0402807084474;19,9914186111111;0
0,402819115384616;0,375801230769231;-7
20,0729498110115;19,9961975263158;0
21,3287648319838;21,2547994864865;0
21,3614339345479;21,2229963157895;-1
20,0165330492031;19,9648105897436;0
21,2756858205128;21,2486389230769;0
20,0321834081774;20,0147801388889;0
21,2913361794871;21,3124138461538;0
20,0404191443448;19,9053804871795;-1
20,0560695033191;19,9045629736842;-1
21,3289032678812;21,1898236052632;-1
0,422730910256411;0,383039153846154;-10
21,3445536268556;21,2035748974359;-1
20,0492021517672;19,9845127894737;0
21,3083549230769;21,2206015526316;0
20,0730882469089;19,929707025641;-1
21,3615723704453;21,2340980789474;-1
20,0648525107415;20,0187966486486;0
20,0887386058833;19,9468121578947;-1
21,3240052820513;21,2576897368421;0
21,3772227294197;21,1748342631579;-1
0,618224033063428;0,614594205128205;-1
3,25632673076923;3,22339384615385;-1
1,25555226990553;1,25771371794872;0
0,633874392037787;0,631724871794872;0
1,27120262887989;1,25722115384615;-1
0,650893135627531;0,641430794871795;-1
0,66654349460189;0,629064461538462;-6
1,28822137246964;1,26934643589744;-1
1,303871731444;1,24962741025641;-4
0,634012827935223;0,63332082051282;0
1,27134106477733;1,25682717948718;-1
0,666681930499326;0,632625051282051;-5
2,06069385897436;2,03725030769231;-1
1,30401016734143;1,25735682051282;-4
0,649663186909582;0,634508846153846;-2
0,682332289473685;0,627086128205128;-9
1,28699142375169;1,26604653846154;-2
1,31966052631579;1,27131224324324;-4
20,0035932030492;20,0117786666667;0
21,2627459743589;21,304009051282;0
20,0192435620236;19,9743373421053;0
21,2783963333333;21,2739844358974;0
20,019381997921;20,0204040769231;0
3,32649634615384;3,28211023076923;-1
20,0350323568954;20,0146817179487;0
21,2785347692307;21,2102822777778;0
21,2941851282051;21,3011482631579;0
20,0362623056133;19,9921350769231;0
21,295415076923;21,2317394054054;0
20,0520511004851;19,9687042631579;0
21,3112038717948;21,2756522307692;0
20,0519126645877;20,0190965135135;0
20,0677014594595;19,9811974594595;0
21,3110654358974;21,291971675;0
2,08060565384615;2,08312453846154;0
21,3268542307692;21,2474203333333;0
0,642110128205128;0,632554076923077;-2
1,30876971727395;1,31136051282051;0
0,657760487179487;0,639103;-3
1,32442007624831;1,30576256410256;-1
0,674779230769231;0,642781461538462;-5
0,69042958974359;0,64805458974359;-7
1,34143881983806;1,31168969230769;-2
1,35708917881242;1,30623705128205;-4
20,0274792981909;19,9571587948718;0
0,522906807692308;0,521094717948718;0
21,3159634217274;21,2738784594595;0
20,060148400755;19,9874417692308;0
21,3486325242915;21,2562105945946;0
20,0431296571653;19,9343962051282;-1
20,0757987597294;19,9711938717949;-1
21,3316137807017;21,272041;0
21,3642828832658;21,2309177027027;-1
0,657898923076923;0,634444666666667;-4
1,32455851214575;1,26158833333333;-5
0,673549282051282;0,642219184210526;-5
0,593076423076924;0,568080717948718;-4
1,34020887112011;1,2547552972973;-7
20,0432680930627;19,9344056153846;-1
20,0589184520371;19,9224812894737;-1
21,3317522165992;21,2425937948718;0
21,3474025755735;21,2508818648649;0
0,690568025641026;0,645380923076923;-7
1,35722761470985;1,26689141025641;-7
20,0759371956268;19,8986015641026;-1
21,3644213191633;21,2663816315789;0
0,706218384615385;0,643119692307692;-10
3,23930798717949;3,25025528205128;0
20,0915875546012;19,9643044054054;-1
1,37287797368421;1,26663961538462;-8
21,3800716781376;21,1979781;-1
0,631714648448043;0,631668333333334;0
0,648733392037787;0,64441958974359;-1
0,664383751012146;0,631216358974359;-5
0,631853084345479;0,644655666666667;2
0,664522186909582;0,634721153846154;-5
0,647503443319838;0,639872615384615;-1
0,605735051282052;0,587467435897436;-3
3,3094776025641;3,29320935897436;0
0,680172545883941;0,626857564102564;-9
0,639950384615384;0,639950384615384;0
0,655600743589743;0,643286868421053;-2
0,655739179487179;0,641279128205128;-2
0,671389538461538;0,643885923076923;-4
0,672619487179487;0,650722897435897;-3
0,688408282051282;0,644951641025641;-7
0,688269846153846;0,645974435897436;-7
0,704058641025641;0,646597717948718;-9
0,618913238191633;0,615312615384616;-1
0,555575910256411;0,524764230769231;-6
0,634563597165992;0,626971179487179;-1
0,651582340755736;0,637133358974359;-2
0,667232699730095;0,624749205128205;-7
0,642799333333333;0,637563794871795;-1
0,675468435897436;0,643347564102564;-5
0,658449692307692;0,644649666666667;-2
0,691118794871795;0,646993487179487;-7
0,634702033063428;0,628421564102564;-1
0,650352392037787;0,63393217948718;-3
0,658588128205128;0,635847051282051;-4
3,27197708974359;3,23148756410256;-1
0,674238487179487;0,641195333333333;-5
0,667371135627531;0,631554794871795;-6
0,691257230769231;0,644264230769231;-7
0,68302149460189;0,625459743589744;-9
0,70690758974359;0,643108333333333;-10
1,25339252631579;1,25339252631579;0
1,26904288529015;1,24620238461538;-2
1,28606162887989;1,25255318918919;-3
1,30171198785425;1,24475818421053;-5
1,26918132118758;1,2466695;-2
0,625745525641027;0,579709666666667;-8
1,30185042375169;1,25695527027027;-4
1,28483168016194;1,25771571794872;-2
1,31750078272605;1,25536473684211;-5
1,25624147503374;1,25774457894737;0
1,2718918340081;1,25750938461538;-1
1,27203026990553;1,2583577027027;-1
1,28768062887989;1,26652766666667;-2
1,28891057759784;1,26935934210526;-2
1,30469937246964;1,260393;-4
1,3045609365722;1,24255465789474;-5
3,3421467051282;3,26875397435897;-2
1,320349731444;1,26646241025641;-4
1,30660997368421;1,30660997368421;0
1,32226033265857;1,31187864102564;-1
1,33927907624831;1,30462305263158;-3
1,35492943522267;1,30474507692308;-4
1,30945892240216;1,30766541025641;0
1,34212802496626;1,30921002564103;-3
1,32510928137652;1,30896997435897;-1
1,35777838394062;1,30840326315789;-4
1,322398768556;1,25581766666667;-5
0,385800371794872;0,369315692307692;-4
1,33804912753036;1,26994420512821;-5
1,32524771727395;1,26327723684211;-5
1,34089807624831;1,25542987179487;-7
1,35506787112011;1,27081167567568;-7
1,35791681983806;1,26863266666667;-7
1,37071823009447;1,2566145;-9
1,37356717881242;1,25964412820513;-9
20,0014334594595;20,0014334594595;0
20,0170838184339;19,9877255263158;0
20,0341025620236;20,0064835897436;0
0,405712166666667;0,395670230769231;-3
20,049752920998;20,027798;0
20,0172222543313;20,001429972973;0
20,0498913568954;20,0247514871795;0
20,0328726133057;19,9723819210526;0
20,0655417158698;20,0097336410256;0
20,0253195546012;19,9785889230769;0
20,0409699135756;19,9821946486487;0
20,041108349473;19,9277875384615;-1
20,0567587084474;19,9482782972973;-1
20,0579886571653;19,9786247435897;0
0,418469474358975;0,363682974358974;-15
20,0737774520371;19,9315904358974;-1
20,0736390161397;19,9787248947368;0
20,0894278110115;19,9496649473684;-1
21,2605862307692;21,2605862307692;0
21,2762365897436;21,2399088461538;0
21,2932553333333;21,272471948718;0
21,3089056923077;21,2868159459459;0
21,3138036781376;21,2939250512821;0
21,3464727807017;21,247339025641;0
21,329454037112;21,2735874324324;0
0,43838126923077;0,389837948717949;-12
21,3621231396761;21,2653520555556;0
21,276375025641;21,2519896315789;0
21,2920253846154;21,3177785897436;0
21,3295924730094;21,200580948718;-1
21,3452428319838;21,2099142;-1
21,3090441282051;21,2615140277778;0
21,3622615755735;21,2343342105263;-1
21,3246944871795;21,242761025641;0
21,3779119345479;21,2033502894737;-1
20,0042824081774;20,0318685384615;0
2,04367511538461;2,04151682051282;0
20,0199327671518;20,0103386578947;0
20,0369515107415;20,0172812105263;0
20,0526018697159;19,998568025641;0
20,0200712030492;19,9779641794872;0
20,0527403056133;19,9736271538461;0
20,0357215620236;19,9715618461538;0
20,0683906645877;19,9767065128205;0
21,2634351794871;21,2787934871795;0
21,2790855384615;21,2930250263158;0
21,2792239743589;21,2577061538462;0
3,25196661538461;3,20700712820513;-1
2,07634421794872;2,03596433333333;-2
21,2948743333333;21,3140720789474;0
21,2961042820513;21,2859363947368;0
21,311893076923;21,263855025641;0
21,3117546410256;21,2860507179487;0
21,3275434358974;21,2853988421053;0
20,0281685033191;19,9111988205128;-1
20,0438188622935;19,9508161794872;0
20,0608376058833;19,9631417435897;0
20,0764879648576;19,9720941052632;-1
21,3166526268556;21,2663373846154;0
2,06358691025641;2,09215846153846;1
21,3493217294197;21,253484025641;0
21,3323029858299;21,2520805384615;0
21,364972088394;21,232472;-1
20,0439572981909;19,9296991025641;-1
20,0596076571653;19,9269901052632;-1
21,3324414217274;21,2198292307692;-1
21,3480917807017;21,2408566578947;-1
20,076626400755;19,9186247692308;-1
21,3651105242915;21,2474562368421;-1
20,0922767597294;19,9649576052632;-1
2,09625601282051;2,06676876923077;-1
21,3807608832658;21,2141431621622;-1
0,615610622807018;0,617434641025641;0
0,648279725371121;0,645698307692308;0
0,631399417678813;0,635639230769231;1
0,664068520242916;0,635227717948718;-5
0,639496717948718;0,639552315789474;0
0,655285512820513;0,636992461538462;-3
0,672165820512821;0,649953256410257;-3
0,687954615384616;0,644833205128205;-7
0,618459571524967;0,618824205128205;0
0,520196294871795;0,529223384615385;2
0,65112867408907;0,637905282051282;-2
0,642345666666667;0,636577230769231;-1
0,67501476923077;0,640287897435898;-5
0,634248366396762;0,633320025641026;0
0,658134461538462;0,639576333333333;-3
0,666917468960865;0,633192256410256;-5
0,690803564102565;0,644440435897435;-7
20,0009797927928;20,0471525641026;0
20,0336488953569;19,9653261578947;0
20,0167685876646;19,9646423846154;0
0,590365910256411;0,567226564102564;-4
20,0494376902287;19,9932415526316;0
20,0038287415108;20,008450225;0
20,0196175363826;20,0170546410256;0
20,0364978440749;19,9801021794872;0
20,0522866389467;19,971246027027;0
20,0248658879345;19,9586512631579;0
20,0575349904986;19,9630987027027;0
20,0277148366525;19,9490660512821;0
20,0603839392166;19,9793508157895;0
20,0406546828063;19,953298974359;0
3,23659747435897;3,25646820512821;1
20,0435036315243;19,978903;0
20,0733237853704;19,9360304615385;-1
20,0761727340884;19,9132496842105;-1
0,631260981781377;0,631411717948718;0
0,66393008434548;0,627874102564102;-6
0,647049776653172;0,638221657894737;-1
0,679718879217275;0,623182846153846;-9
0,655147076923077;0,643365974358974;-2
0,670935871794872;0,641539210526316;-5
0,68781617948718;0,649359538461539;-6
3,30676708974359;3,2687967948718;-1
0,703604974358975;0,653330333333333;-8
20,0166301517672;20,023871025641;0
20,0492992543313;20,026844025641;0
20,0405162469089;19,9909927631579;0
20,073185349473;19,9754653421053;0
20,032418946639;19,9700950789474;0
20,0563050417807;19,9088988947368;-1
20,0650880492031;19,9807561578947;0
20,0889741443448;19,9614256153846;-1
0,634109930499326;0,633195394736842;0
0,383089858974359;0,361715435897436;-6
0,666779033063429;0,629039205128205;-6
0,649898725371121;0,636149846153846;-2
0,682567827935224;0,627516282051282;-9
20,0194791004851;20,0177754210526;0
20,0352678953569;20,0215234210526;0
20,0521482030492;19,9832903589744;0
20,067936997921;19,9741841578947;0
0,657996025641026;0,646539435897436;-2
0,690665128205129;0,646901236842105;-7
20,0433651956268;19,9481138974359;0
2,0409646025641;2,02016648717949;-1
20,0760342981909;19,9399994871795;-1
0,673784820512821;0,643754333333333;-5
20,0591539904986;19,9662564358974;0
0,706453923076924;0,643954384615384;-10
20,0918230930627;19,9479648205128;-1
1,25293885964912;1,25194151282051;0
1,28560796221323;1,25421623076923;-3
1,26872765452092;1,24142602702703;-2
1,30139675708502;1,25568679487179;-4
1,30615630701754;1,30697674358974;0
0,403001653846154;0,388343794871795;-4
1,32194510188934;1,27286717948718;-4
1,33882540958165;1,32384878947368;-1
1,35461420445344;1,27561653846154;-6
1,25578780836707;1,25693181081081;0
1,28845691093118;1,26882131578947;-2
1,30900525573549;1,31737526315789;1
1,3416743582996;1,31229371794872;-2
1,27157660323887;1,25410705263158;-1
1,32479405060729;1,26420969230769;-5
1,30424570580297;1,26399451282051;-3
3,32213623076923;3,28602248717949;-1
2,0608763974359;2,07304597435897;1
1,35746315317139;1,26958282051282;-7
1,26858921862348;1,25373613513514;-1
1,30125832118759;1,24968071052632;-4
1,28437801349528;1,2565071025641;-2
1,31704711605938;1,25865352631579;-5
1,27143816734143;1,25827358974359;-1
1,28722696221323;1,26169766666667;-2
1,30410726990553;1,24859952631579;-4
1,31989606477733;1,27445134210526;-4
1,3218066659919;1,31353405128205;-1
0,535846653846154;0,53453482051282;0
1,35447576855601;1,31381902564103;-3
1,32465561470985;1,31577205128205;-1
1,35732471727396;1,3172131025641;-3
1,3375954608637;1,26880761538462;-5
1,34044440958165;1,25462917948718;-7
1,3702645634278;1,26438105128205;-8
1,37311351214575;1,26717217948718;-8
21,2601325641025;21,2980006216216;0
21,2928016666666;21,23596;0
21,2759213589743;21,2650344358974;0
0,60601626923077;0,580243461538461;-4
21,3085904615384;21,2602484615385;0
21,313350011471;21,2966184210526;0
21,3291388063427;21,1878162307692;-1
21,3460191140351;21,2667714615385;0
21,3618079089069;21,249718027027;-1
21,2757829230769;21,2475284358974;0
21,308452025641;21,2425672105263;0
21,3290003704453;21,2773084324324;0
21,3616694730094;21,2342744473684;-1
21,2915717179487;21,2885471578947;0
0,398740217948718;0,376024974358974;-6
21,3447891653171;21,2369545384615;-1
21,3242408205128;21,2783670526316;0
21,3774582678812;21,2146915135135;-1
21,2629815128205;21,2562618684211;0
21,2956506153846;21,280856725;0
21,2787703076923;21,2170672631579;0
21,3114394102564;21,2301095128205;0
21,2786318717948;21,2534873846154;0
21,2944206666666;21,2951597948718;0
21,3113009743589;21,2895074210526;0
0,418652012820513;0,406735153846154;-3
21,3270897692307;21,3009303589744;0
21,3161989601889;21,2790672820513;0
21,348868062753;21,2569011621622;0
21,3318493191633;21,2877088461538;0
21,3645184217274;21,2692926388889;0
21,3319877550607;21,197313875;-1
21,3476381140351;21,2163080769231;-1
21,3646568576248;21,2273812368421;-1
21,3803072165992;21,1878737631579;-1
3,25224783333333;3,24412602564103;0
0,933579358974359;0,933316447368421;0
0,950598102564103;0,943753487179487;-1
0,966248461538462;0,932449605263158;-4
0,933717794871795;0,932075974358974;0
0,966386897435898;0,92978676923077;-4
0,949368153846154;0,932586153846154;-2
0,982037256410257;0,92120958974359;-7
0,951975948717949;0,951975948717949;0
0,967626307692308;0,949951487179488;-2
0,967764743589744;0,922479615384616;-5
2,05661496153846;2,04034761538462;-1
0,983415102564103;0,926525897435897;-6
0,984645051282052;0,960257051282051;-3
1,00043384615385;0,926069692307692;-8
1,00029541025641;0,958361333333333;-4
1,01608420512821;0,931494871794871;-9
0,920777948717949;0,917719756756757;0
0,936428307692308;0,926613051282051;-1
0,953447051282052;0,935303105263158;-2
0,969097410256411;0,924936692307692;-5
0,954824897435898;0,94915317948718;-1
3,32241744871795;3,2807621025641;-1
0,987494000000001;0,953329289473684;-4
0,970475256410257;0,955673307692308;-2
1,00314435897436;0,956773128205128;-5
0,936566743589744;0,918402710526316;-2
0,952217102564103;0,925;-3
0,970613692307693;0,924184102564103;-5
0,986264051282052;0,92422558974359;-7
0,969235846153847;0,921814256410256;-5
1,0032827948718;0,927569205128205;-8
0,984886205128206;0,91785058974359;-7
2,07652675641026;2,086072925;0
1,01893315384616;0,925223552631579;-10
37,7909468157895;37,7909468157895;0
37,8065971747639;37,753654025641;0
37,8236159183536;37,7470075405405;0
37,839266277328;37,7791504871795;0
37,8067356106613;37,8018481621622;0
37,8394047132254;37,76618;0
37,8223859696357;37,7629962631579;0
37,8550550721998;37,8282064615384;0
37,7937957645075;37,7689580526316;0
0,523045243589744;0,527140333333333;1
37,8094461234818;37,8091677692308;0
37,8095845593792;37,7488995;0
37,8252349183536;37,8512533589744;0
37,8264648670716;37,8123205405405;0
37,8422536619433;37,8247927894737;0
37,8421152260459;37,8633516666667;0
37,8579040209177;37,803494425;0
37,8249937645075;37,6640755;0
37,8406441234818;37,5867580789474;-1
37,8576628670716;37,685872275;0
0,551215794871795;0,527975205128205;-4
0,59321485897436;0,569676;-4
37,8733132260459;37,6641755526316;-1
37,8278427132254;37,625741;-1
37,8605118157895;37,648778948718;-1
37,8434930721998;37,6392649473684;-1
37,8761621747639;37,6538347179487;-1
37,8407825593793;37,6923634871795;0
37,8564329183536;37,6526223;-1
37,8436315080972;37,6886833421053;0
37,8592818670716;37,6708986;-1
37,8734516619433;37,6541634210526;-1
3,23944642307692;3,24541256410256;0
37,8763006106613;37,640403875;-1
37,8891020209177;37,7354408461539;0
37,8919509696357;37,7196442162162;0
2,38557086842105;2,38557086842105;0
2,40122122739541;2,39325576923077;0
2,41823997098515;2,39078153846154;-1
2,43389032995951;2,39052884615385;-2
2,40135966329285;2,10493717948718;-14
2,43402876585695;2,12594656410256;-14
2,4170100222672;2,110340925;-15
3,30961603846154;3,30452894871795;0
2,44967912483131;2,1049706;-16
2,14721894736842;2,14721894736842;0
2,16286930634278;2,15191587179487;-1
2,16300774224021;2,15732656410256;0
2,17865810121457;2,18469668421053;0
2,17988804993252;2,15948669230769;-1
2,19567684480432;2,18593492307692;0
2,19553840890688;2,1450507948718;-2
2,21132720377868;2,17378636111111;-2
39,0532458974359;39,0532458974359;0
0,538695602564103;0,52553317948718;-3
39,0688962564103;39,0525095945946;0
39,085915;38,979411525;0
39,1015653589744;39,0060261842105;0
38,8148939763833;38,9396417692308;0
38,8475630789474;38,8701874324324;0
38,8305443353576;38,8650602051282;0
38,8632134379217;38,8212044102564;0
39,0690346923077;38,9536245526316;0
39,0846850512821;39,0524606666667;0
38,8306827712551;38,8936616578947;0
3,25509678205128;3,24590976923077;0
38,8463331302294;38,9011551282051;0
39,1017037948718;39,0378635789474;0
38,8633518738192;38,9669644615385;0
39,1173541538462;38,9911362162162;0
38,8790022327935;38,8698345789474;0
2,388419817139;2,36477992307692;-1
2,40407017611336;2,39358402631579;0
2,4210889197031;2,39458951351351;-1
2,43673927867746;2,39311024324324;-2
2,40420861201079;2,114854375;-14
0,608865217948719;0,570307512820513;-7
2,4368777145749;2,09877828205128;-16
2,41985897098515;2,10290687179487;-15
2,45252807354926;2,10325148717949;-17
39,0560948461538;39,0698982105263;0
39,0717452051282;38,9775102307692;0
39,0718836410256;39,0130036923077;0
39,087534;39,0688073947369;0
39,0887639487179;38,9937658157895;0
39,1045527435897;38,9904920512821;0
39,1044143076923;38,9977301794872;0
3,3252663974359;3,29881471794872;-1
39,1202031025641;39,0424066578947;0
2,15006789608637;2,15075443589744;0
2,16571825506073;2,14099374358974;-1
2,18273699865047;2,13431905128205;-2
2,19838735762483;2,14522978947368;-2
38,8177429251012;38,9460229487179;0
38,8504120276653;38,882196;0
38,8333932840756;38,8572722;0
38,8660623866397;38,9264659230769;0
2,16585669095816;2,16875035897436;0
0,385938807692308;0,363318131578947;-6
2,18150704993252;2,179497325;0
38,833531719973;38,8794355263158;0
38,8491820789474;38,8596601025641;0
2,19852579352227;2,1464193;-2
38,8662008225371;38,9351102820513;0
2,21417615249663;2,157238;-3
38,8818511815115;38,8715203333333;0
0,917475333333334;0,909833076923077;-1
0,933125692307693;0,921463897435898;-1
0,950144435897437;0,929547923076923;-2
0,405850602564103;0,386915564102564;-5
0,965794794871796;0,924951102564103;-4
0,933264128205129;0,916725128205128;-2
0,965933230769232;0,921104815789474;-5
0,948914487179488;0,924174846153846;-3
0,981583589743591;0,914623184210526;-7
0,951522282051283;0,944716128205128;-1
0,967172641025642;0,943954666666667;-2
0,967311076923078;0,91575717948718;-6
0,982961435897437;0,914896666666667;-7
0,984191384615386;0,955212256410256;-3
0,401589166666667;0,367125641025641;-9
0,999980179487181;0,921300487179487;-9
0,999841743589745;0,95025217948718;-5
1,01563053846154;0,938510512820513;-8
0,920324282051283;0,918350684210526;0
0,935974641025642;0,924770256410257;-1
0,952993384615386;0,929554871794872;-3
0,968643743589745;0,925942256410257;-5
0,954371230769232;0,965193702702703;1
0,987040333333335;0,951900256410256;-4
0,970021589743591;0,954508307692308;-2
3,26761697435897;3,227673;-1
0,421500961538462;0,393580184210526;-7
1,00269069230769;0,956803384615385;-5
0,936113076923078;0,927161105263158;-1
0,951763435897437;0,930098842105263;-2
0,970160025641027;0,922134763157895;-5
0,985810384615386;0,917641025641026;-7
0,968782179487181;0,912854692307692;-6
1,00282912820513;0,922890157894737;-9
0,98443253846154;0,911760487179487;-8
1,01847948717949;0,925648461538462;-10
2,38511720175438;2,37894407692308;0
2,04381355128205;2,03577535897436;0
2,40076756072874;2,39921810810811;0
2,41778630431849;2,38891115789474;-1
2,43343666329285;2,39422997435897;-2
2,40090599662618;2,110817;-14
2,43357509919028;2,09821158974359;-16
2,41655635560054;2,10216756410256;-15
2,44922545816464;2,11748684615385;-16
2,38796615047233;2,37914247368421;0
2,40361650944669;2,40230733333333;0
2,40375494534413;2,115922625;-14
2,05946391025641;2,03925115384615;-1
2,41940530431849;2,10332597368421;-15
2,42063525303644;2,40845323076923;-1
2,43642404790823;2,09157451282051;-16
2,4362856120108;2,39437884210526;-2
2,45207440688259;2,08783046153846;-17
2,14676528070175;2,14638647368421;0
2,16241563967611;2,14111671052632;-1
2,17943438326586;2,16090668421053;-1
2,19508474224022;2,13950005263158;-3
2,1496142294197;2,15952160526316;0
2,06372534615385;2,08261851351351;1
2,18228333198381;2,13932453846154;-2
2,16526458839406;2,13713931578947;-1
2,19793369095816;2,14782405;-2
2,16255407557355;2,15586665;0
2,17820443454791;2,16905048717949;0
2,1654030242915;2,15941994871795;0
2,18105338326586;2,160404675;-1
2,19522317813765;2,15850830769231;-2
2,1980721268556;2,15598358974359;-2
2,21087353711201;2,15050258974359;-3
2,0793757051282;2,08651868421053;0
2,21372248582996;2,15629297435897;-3
37,7904931491228;37,7970270263158;0
37,8061435080972;37,8179195;0
37,8231622516869;37,8258803157895;0
37,8388126106613;37,8316010526316;0
37,8062819439946;37,7632504615385;0
37,8389510465587;37,7763202894737;0
37,821932302969;37,8252472972973;0
37,8546014055331;37,8489716756757;0
37,8245400978408;37,6791567027027;0
0,552865397435898;0,528058657894737;-5
37,8401904568151;37,6059441282051;-1
37,8403288927126;37,7027702702703;0
37,8559792516869;37,682353;0
37,8572092004049;37,6973812820513;0
37,8729979952767;37,682453025641;-1
37,8728595593793;37,6330922368421;-1
37,888648354251;37,7295683157895;0
39,0527922307692;39,0299924871795;0
39,0684425897436;38,9766183333333;0
39,0854613333333;39,0207101052632;0
0,623035012820514;0,574298230769231;-8
39,1011116923077;38,9492308421053;0
38,8144403097166;38,9368056052632;0
38,8471094122807;38,8868626052632;0
38,830090668691;38,9880779230769;0
38,8627597712551;38,8917346052632;0
39,068581025641;39,0341184736842;0
39,0842313846154;39,0383762051282;0
38,8302291045884;38,8457088108108;0
38,8458794635628;38,8834813243243;0
39,1012501282051;38,9836503076923;0
3,26926657692307;3,23701084615385;-1
38,8628982071525;38,8701021282051;0
39,1169004871795;39,0079305945946;0
38,8785485661269;38,8176036052632;0
37,7933420978408;37,7720890540541;0
37,8089924568151;37,8129254871795;0
37,8260112004049;37,7808524871795;0
37,8416615593792;37,8358896578947;0
37,8091308927126;37,8105531794872;0
37,8417999952767;37,8101048378378;0
37,8247812516869;37,8247584358974;0
3,33943619230769;3,26306142105263;-2
37,857450354251;37,8413361842105;0
39,0556411794872;39,0677855789474;0
39,0712915384615;38,9626757567568;0
39,071429974359;39,0170455789474;0
39,0870803333333;39,0850482432432;0
39,0883102820513;38,9759092105263;0
39,1040990769231;39,0165690526316;0
39,1039606410256;39,0333707837838;0
39,1197494358974;38,9853895641026;0
37,8273890465587;37,5821981621622;-1
0,415758961538462;0,370661394736842;-12
37,8430394055331;37,5620659487179;-1
37,8600581491228;37,6526588;-1
37,8757085080972;37,5557710769231;-1
38,8172892584346;38,8726216842105;0
38,8499583609987;38,863411;0
38,8329396174089;38,8812847297297;0
38,865608719973;38,8176345;0
37,8431778414305;37,7236156410256;0
37,8588282004049;37,7024297894737;0
38,8330780533064;38,9344551621622;0
0,621385410256411;0,577827025641026;-8
2,0736337051282;2,02170130769231;-3
38,8487284122807;39,0244374210526;0
37,8758469439946;37,6527010540541;-1
38,8657471558705;38,9317453513513;0
37,891497302969;37,6527613846154;-1
38,8813975148448;38,8810875789474;0
0,917239794871795;0,909398921052632;-1
0,949908897435898;0,929779692307692;-2
0,93302858974359;0,914675692307692;-2
0,965697692307693;0,918919923076923;-5
0,951286743589744;0,947760794871795;0
0,435670756410257;0,387457888888889;-12
0,967075538461539;0,9177915;-5
0,983955846153847;0,955207307692308;-3
0,999744641025642;0,921500794871795;-8
0,920088743589744;0,911694684210527;-1
0,952757846153847;0,924377763157895;-3
0,954135692307693;0,943887205128205;-1
0,986804794871796;0,948559076923077;-4
0,935877538461539;0,921220105263158;-2
0,969924487179488;0,918357153846154;-6
0,968546641025642;0,919638307692308;-5
2,0935455;2,07695994871795;-1
1,00259358974359;0,927863210526316;-8
37,7902576106613;37,8377178947368;0
37,8229267132254;37,7474238205128;0
37,8060464055331;37,7611122631579;0
37,8387155080972;37,8209703684211;0
37,7931065593792;37,8135959487179;0
37,808895354251;37,7685667179487;0
37,8257756619433;37,8019588378378;0
37,8415644568151;37,7478245526316;0
37,8243045593793;37,6505352631579;0
0,555714346153847;0,521230307692308;-7
37,8569736619434;37,6997410810811;0
37,8271535080972;37,6434249722222;0
37,8598226106613;37,60685435;-1
37,840093354251;37,6539947567568;0
37,842942302969;37,7219925384615;0
37,8727624568151;37,593860974359;-1
37,8756114055331;37,6560117631579;-1
0,932890153846154;0,925988421052632;-1
0,965559256410257;0,929229974358974;-4
0,948678948717949;0,927841315789474;-2
0,625883961538463;0,575723868421053;-9
0,981348051282052;0,916911615384616;-7
0,966937102564103;0,950210564102564;-2
0,982725897435898;0,924699794871795;-6
0,999606205128206;0,954399128205128;-5
1,015395;0,933804333333333;-9
37,8059079696357;37,8012243846154;0
37,8385770721998;37,8392793157895;0
37,8399549183536;37,5900825945946;-1
37,8726240209177;37,6323466756757;-1
37,8216967645075;37,8013905;0
0,418607910256411;0,370549256410256;-13
37,8557437132254;37,661020425;-1
37,8543658670716;37,8367809230769;0
37,8884128157895;37,7435350526316;0
0,935739102564103;0,925396864864865;-1
0,968408205128206;0,925657842105263;-5
0,951527897435898;0,930010631578948;-2
0,984197000000001;0,918124589743589;-7
37,8087569183536;37,8269895405405;0
37,8245457132254;37,787693175;0
37,8414260209177;37,833783974359;0
0,438519705128206;0,385869;-14
37,8572148157895;37,8284772105263;0
0,969786051282052;0,954808;-2
1,00245515384616;0,961892153846154;-4
37,8428038670716;37,6229487;-1
37,8754729696357;37,6009643421053;-1
0,985574846153847;0,915824052631579;-8
37,8585926619434;37,6319720512821;-1
1,01824394871795;0,923370615384615;-10
37,8912617645075;37,7172037631579;0
2,38488166329285;2,37849076923077;0
3,27211552564102;3,2353827948718;-1
2,41755076585695;2,37463564102564;-2
2,40067045816464;2,093913075;-15
2,43333956072874;2,08799551282051;-17
2,14652974224021;2,13844142105263;0
2,16231853711201;2,154798725;0
2,17919884480432;2,15056938461538;-1
2,19498763967611;2,159322675;-2
2,38773061201079;2,36974964102564;-1
2,4203997145749;2,40450028947368;-1
2,14937869095816;2,15915512820513;0
2,07648265384615;2,02823238461538;-2
2,18204779352227;2,15134682051282;-1
2,40351940688259;2,11896869230769;-13
2,16516748582996;2,17189192307692;0
2,43618850944669;2,102216875;-16
2,19783658839406;2,164368475;-2
2,4005320222672;2,38763376923077;-1
2,43320112483131;2,39774456410257;-1
2,416320817139;2,10203220512821;-15
2,4489899197031;2,11786561538462;-16
2,40338097098515;2,40677146153846;0
3,34228514102564;3,27677158974359;-2
2,41916976585695;2,101961325;-15
2,43605007354926;2,40875305128205;-1
2,45183886842105;2,10513056410256;-16
2,16218010121457;2,14464102564103;-1
2,19484920377868;2,13316225641026;-3
2,16502904993252;2,14853592307692;-1
2,19769815249663;2,15637632432432;-2
2,17796889608637;2,1705987;0
2,18081784480432;2,171853775;0
2,21063799865047;2,160230025;-2
3,33778658974359;3,28810741025641;-2
2,09639444871795;2,06908446153846;-1
2,21348694736842;2,154671125;-3
39,0525566923077;39,0335925;0
39,0852257948718;39,0285562631579;0
39,0683454871795;39,0416061052632;0
39,1010145897436;39,0173642777778;0
38,8142047712551;38,9232288205128;0
38,8299935661269;38,900727225;0
38,8468738738192;38,9106389473684;0
38,862662668691;38,8986432368421;0
39,0682070512821;38,9802026842105;0
0,568515756410257;0,512819717948718;-11
39,1008761538462;38,9489549487179;0
38,8298551302294;38,9338851842105;0
38,8625242327935;38,8630728684211;0
39,0839958461538;39,0639094736842;0
38,8456439251012;38,923184475;0
39,1166649487179;39,0127966923077;0
38,8783130276653;38,8527473076923;0
39,0554056410256;39,0190850263158;0
39,0880747435897;38,981314972973;0
39,0711944358974;39,0084056666667;0
0,638685371794873;0,582710384615385;-10
39,1038635384615;38,9583851282051;0
39,071056;38,9997640769231;0
39,0868447948718;39,0115956578947;0
39,1037251025641;39,0008954615385;0
39,1195138974359;39,0261232631579;0
38,817053719973;38,916010025;0
38,8497228225371;38,8089106052632;0
38,8327040789474;38,8874534473684;0
38,8653731815115;38,8233213421053;0
38,8328425148448;38,9307817368421;0
3,28491693589743;3,20663956410256;-2
38,8484928738192;38,8723414210526;0
38,8655116174089;38,9673058947368;0
38,8811619763833;38,8024107631579;0
0,919440166666667;0,909632487179487;-1
0,935228961538462;0,914618461538461;-2
0,953487115384616;0,947348589743589;-1
0,969275910256411;0,917460615384615;-6
0,922289115384616;0,908881051282052;-1
0,956336064102565;0,942519384615385;-1
0,938077910256411;0,914455076923077;-3
3,35508655128205;3,31354830769231;-1
0,97212485897436;0,917014;-6
37,7924579824562;37,7879048157895;0
37,808246777328;37,7322711842105;0
37,7953069311741;37,7691992972973;0
37,8110957260459;37,7287667179487;0
37,8265049311741;37,6364296410256;-1
37,8293538798921;37,5655850810811;-1
37,8422937260459;37,6421016666667;-1
37,8451426747639;37,6685832162162;0
2,38708203508772;2,36724031578947;-1
0,571364705128206;0,51740558974359;-10
2,40287082995951;2,093984475;-15
2,14873011403509;2,13588328205128;-1
2,16451890890688;2,155303;0
39,0547570641026;38,9399923421053;0
38,8164051430499;38,9344612051282;0
39,0705458589744;39,0283723157895;0
38,8321939379217;38,8257833157895;0
2,38993098380567;2,38066536842105;0
2,40571977867746;2,11759241025641;-14
39,0576060128205;39,0131117894737;0
3,28776588461538;3,20079502564103;-3
39,0733948076923;38,9276123947368;0
2,15157906275304;2,14992505263158;0
38,8192540917679;38,8694278947369;0
2,16736785762483;2,161850025;0
38,8350428866397;38,8426833947368;0
0,95210926923077;0,9320915;-2
0,967898064102565;0,913856526315789;-6
0,986156217948719;0,958806105263158;-3
1,00194501282051;0,920564743589743;-9
0,954958217948719;0,924647743589743;-3
0,641534320512822;0,580262717948718;-11
0,989005166666668;0,948435128205128;-4
0,970747012820514;0,912895184210526;-6
1,00479396153846;0,920436512820513;-9
2,41975113765182;2,37381907692308;-2
2,43553993252362;2,10136282051282;-16
2,42260008636977;2,40637802631579;-1
2,43838888124156;2,09967566666667;-16
2,18139921659919;2,15714941025641;-1
2,18424816531714;2,14533363157895;-2
2,19718801147098;2,17273874358974;-1
3,3579355;3,28455758974359;-2
2,20003696018893;2,15521369230769;-2
37,8251270850203;37,7456492894737;0
37,8409158798921;37,8185330769231;0
37,8591740337382;37,7009786666667;0
37,87496282861;37,6257345675676;-1
39,0874261666667;38,9336897435897;0
38,849074245614;38,9563177027027;0
39,1032149615385;38,9634079230769;0
38,8648630404858;38,9307544736842;0
37,8279760337382;37,8014421621622;0
0,431409320512821;0,36762141025641;-17
37,84376482861;37,7801289210526;0
39,0902751153846;39,040938975;0
39,1060639102564;38,9729560263158;0
37,8620229824562;37,6133624102564;-1
38,851923194332;38,926801925;0
37,877811777328;37,6442672564103;-1
38,8677119892038;38,9000034615385;0
0,935090525641026;0,921285263157895;-1
0,950879320512821;0,927325263157894;-3
0,969137474358975;0,942818897435897;-3
0,398459;0,365953307692308;-9
0,451321115384616;0,391720307692308;-15
0,98492626923077;0,916578897435897;-7
0,937939474358975;0,919309717948718;-2
0,971986423076924;0,953999236842105;-2
0,95372826923077;0,929829894736842;-3
0,987775217948719;0,920680289473684;-7
37,8081083414305;37,8200293333333;0
37,8238971363023;37,7615725135135;0
37,8109572901485;37,7709974473684;0
37,8267460850203;37,8238261794872;0
37,8421552901485;37,6491354210526;-1
0,43425826923077;0,367665666666667;-18
37,8450042388664;37,5860514615385;-1
37,8579440850203;37,6032376666667;-1
37,8607930337382;37,6509277;-1
0,967759628205129;0,927965236842105;-4
0,983548423076924;0,915928051282051;-7
1,00180657692308;0,954181128205128;-5
1,01759537179487;0,933137256410256;-9
37,8407774439946;37,8427355405405;0
37,8748243927126;37,605915974359;-1
37,8565662388664;37,8363607435897;0
0,454170064102565;0,397004487179487;-14
37,8906131875844;37,6677423947369;-1
0,970608576923078;0,921069230769231;-5
0,986397371794873;0,912108605263158;-8
37,8436263927126;37,7616795945946;0
37,8594151875844;37,8025923157895;0
1,00465552564103;0,960718205128205;-5
37,8776733414305;37,6081014054054;-1
1,02044432051282;0,923714205128205;-10
37,8934621363023;37,718553;0
2,40273239406208;2,3983472972973;0
2,08928406410256;2,04071817948718;-2
2,41852118893387;2,10627985;-15
2,16438047300945;2,14537752631579;-1
2,18016926788124;2,16554138461539;-1
2,40558134278003;2,39205382051282;-1
2,16722942172739;2,13606969230769;-1
2,42137013765182;2,09203492307692;-16
2,18301821659919;2,16931169230769;-1
2,43540149662618;2,39169173684211;-2
2,45119029149797;2,11625758974359;-16
2,43825044534413;2,39572678947368;-2
2,09213301282051;2,04073630769231;-3
2,45403924021592;2,09752055;-17
2,19704957557355;2,13429081578947;-3
2,1998985242915;2,14697056410256;-2
2,21283837044534;2,15925646153846;-2
2,21568731916329;2,16746930769231;-2
39,0704074230769;39,028268974359;0
39,0861962179487;39,068634948718;0
38,8320555020243;38,9026172564103;0
38,8478442968961;38,880589368421;0
39,103076525641;38,983163972973;0
2,10919585897436;2,07257202564103;-2
38,8647246045884;38,7889927567568;0
39,1188653205128;39,0090920789474;0
38,8805133994602;38,8632138717949;0
39,0732563717949;39,0255242820513;0
39,0890451666667;39,0524476578947;0
39,105925474359;38,9432853333333;0
39,1217142692308;39,0218040263158;0
38,8349044507423;38,882304;0
38,8675735533064;38,8631115128205;0
38,850693245614;38,842902368421;0
2,11204480769231;2,071991825;-2
38,8833623481781;38,8241264615385;0
3,2186083076923;3,23904653846154;1
0,365100692307692;0,362087641025641;-1
0,418370794871795;0,384933846153846;-9
2,02297543589743;2,02675256410256;0
0,517857487179487;0,516436615384615;0
0,380751051282051;0,360646282051282;-6
3,23425866666666;3,24919425641026;0
2,03862579487179;2,03501943589744;0
0,534876230769231;0,528818615384615;-1
3,25127741025641;3,20123443589744;-2
0,55052658974359;0,527922025641026;-4
3,26692776923077;3,22218666666667;-1
0,397769794871795;0,367623282051282;-8
0,414109358974359;0,353774025641026;-17
0,413420153846154;0,356396564102564;-16
2,05564453846154;2,02317365;-2
2,0712948974359;2,04349315384615;-1
0,517995923076923;0,520114974358974;0
3,2343971025641;3,25168134210526;1
0,380889487179487;0,359598282051282;-6
2,03876423076923;2,02137784615385;-1
0,550665025641026;0,519968923076923;-6
0,41355858974359;0,369583358974359;-12
3,2670662051282;3,23241215384615;-1
0,434021153846154;0,382539641025641;-13
2,07143333333333;2,01560021052632;-3
0,533646282051282;0,530156487179487;-1
3,25004746153846;3,23743702564102;0
0,566315384615385;0,514706230769231;-10
3,28271656410256;3,20420012820513;-2
0,396539846153846;0,36333958974359;-9
0,429208948717949;0,365999692307692;-17
2,05441458974359;2,03671478947368;-1
2,08708369230769;2,03959533333333;-2
0,572376743589744;0,568295717948718;-1
2,05633374358974;2,02361848717949;-2
3,28877792307692;3,2862118974359;0
0,385012487179487;0,383013692307692;-1
2,04288723076923;2,08752133333333;2
0,588027102564103;0,56791641025641;-4
0,400662846153846;0,385425769230769;-4
3,30442828205128;3,28379992307692;-1
2,05853758974359;2,05886430769231;0
0,588165538461539;0,567231435897436;-4
3,30456671794872;3,25561784615385;-2
0,603815897435898;0,573835435897436;-5
2,0719841025641;2,03956694871795;-2
3,32021707692308;3,27540307692308;-1
0,400801282051282;0,389826025641026;-3
0,416451641025641;0,400579615384615;-4
2,05867602564102;2,0636251025641;0
2,07432638461538;2,08688053846154;1
0,605045846153847;0,581254794871795;-4
3,32144702564102;3,27675543589744;-1
0,41768158974359;0,385130051282051;-8
2,07555633333333;2,0853788974359;0
0,620834641025642;0,574549512820513;-8
2,07624553846154;2,08809584615385;1
0,433470384615385;0,391878384615385;-11
3,33723582051282;3,26054876923077;-2
2,09134512820513;2,07479766666667;-1
0,620696205128206;0,577567153846154;-7
3,33709738461538;3,28516384615385;-2
0,636485000000001;0,584119692307692;-9
3,35288617948718;3,31960115384615;-1
0,433331948717949;0,381496564102564;-14
0,449120743589744;0,390835538461538;-15
2,09120669230769;2,08675878947368;0
2,0918958974359;2,0874418974359;0
2,10699548717949;2,07511715384615;-2
0,505056076923077;0,50758658974359;0
3,22145725641025;3,22911302564103;0
0,367949641025641;0,367099384615385;0
2,02582438461538;2,03777779487179;1
0,520706435897436;0,514777717948718;-1
0,3836;0,36348441025641;-6
3,23710761538461;3,23912023076923;0
2,04147474358974;2,03084274358974;-1
0,53772517948718;0,526814846153846;-2
3,25412635897436;3,2094858974359;-1
0,553375538461539;0,52498482051282;-5
3,26977671794872;3,22669238461538;-1
0,400618743589744;0,368982230769231;-9
0,416269102564103;0,362512641025641;-15
2,05849348717949;2,02788658974359;-2
2,07414384615385;2,02511287179487;-2
0,575225692307693;0,569552;-1
3,29162687179487;3,26536107692308;-1
0,387861435897436;0,388115333333333;0
0,588854743589744;0,566704205128205;-4
2,04573617948718;2,07002402564103;1
0,607894794871796;0,579445769230769;-5
0,420530538461539;0,382528666666667;-10
3,32429597435897;3,27143984615385;-2
2,07840528205128;2,0793827948718;0
0,590876051282052;0,566759256410256;-4
3,30727723076923;3,28144217948718;-1
0,623545153846155;0,576989974358974;-8
3,33994633333333;3,26889992307692;-2
0,403511794871795;0,388534282051282;-4
3,23508630769231;3,23860635897436;0
0,436180897435898;0,383678641025641;-14
2,06138653846154;2,07535925641026;1
2,09405564102564;2,06081212820513;-2
0,520844871794872;0,517244384615384;-1
3,23724605128205;3,23851687179487;0
0,383738435897436;0,365160921052632;-5
2,04161317948718;2,0309788974359;-1
0,536495230769231;0,529655358974359;-1
0,399388794871795;0,367587179487179;-9
3,25289641025641;3,24724807692308;0
3,30525592307692;3,26721682051282;-1
2,05726353846154;2,03926625641026;-1
0,591014487179488;0,569118923076923;-4
3,30741566666667;3,30239458974359;0
0,606664846153847;0,571919769230769;-6
3,32306602564102;3,28746007692308;-1
0,403650230769231;0,38744758974359;-4
0,41930058974359;0,390543974358974;-7
2,06152497435897;2,08141086842105;1
2,07717533333333;2,08717964102564;0
0,553513974358975;0,521710230769231;-6
0,381578692307692;0,360540717948718;-6
3,26991515384615;3,23982266666667;-1
0,416407538461539;0,370062128205128;-13
2,07428228205128;2,028941;-2
0,623683589743591;0,574085307692308;-9
0,436319333333334;0,387745384615385;-13
3,34008476923077;3,28013;-2
2,09419407692308;2,07205341666667;-1
0,569164333333334;0,515767717948718;-10
3,28556551282051;3,19896953846154;-3
0,63933394871795;0,581134641025641;-10
2,03945343589743;2,01938102631579;-1
3,35573512820513;3,28091682051282;-2
0,432057897435898;0,365896102564103;-18
0,451969692307693;0,39436841025641;-15
2,08993264102564;2,03698469230769;-3
2,10984443589744;2,07444723076923;-2
0,365336230769231;0,365148461538462;0
0,518093025641026;0,517814051282051;0
0,38098658974359;0,360080666666667;-6
0,53511176923077;0,529441307692308;-1
0,401490487179487;0,388433384615385;-3
0,550762128205129;0,528840846153846;-4
0,398005333333334;0,367116461538462;-8
0,413655692307693;0,358910512820513;-15
0,518231461538462;0,519607447368421;0
0,381125025641026;0,353611435897436;-8
0,550900564102565;0,522236358974359;-5
0,413794128205129;0,3696055;-12
0,533881820512821;0,529324051282051;-1
0,566550923076924;0,512774153846154;-10
0,396775384615385;0,364196052631579;-9
3,28946712820513;3,28114138461538;0
2,05936523076923;2,06126025641026;0
0,429444487179488;0,367477205128205;-17
0,505291615384616;0,504213743589744;0
0,36818517948718;0,36643058974359;0
0,520941974358975;0,514851384615385;-1
0,383835538461539;0,363065076923077;-6
0,521080410256411;0,515908256410256;-1
0,53673076923077;0,527463641025641;-2
0,383973974358975;0,361401692307692;-6
0,399624333333334;0,365840076923077;-9
0,537960717948719;0,525474710526316;-2
0,551354230769231;0,521046358974359;-6
0,400854282051283;0,368315358974359;-9
0,553749512820514;0,523632564102564;-6
0,416643076923078;0,372784763157895;-12
0,553611076923078;0,526503657894737;-5
0,569399871794873;0,518572894736842;-10
0,416504641025642;0,363922256410256;-14
0,432293435897437;0,368895567567568;-17
3,21884384615384;3,23731948717949;1
2,02321097435897;2,02582558974359;0
3,2344942051282;3,2529428974359;1
0,621523846153847;0,575270538461539;-8
2,03886133333333;2,03608220512821;0
3,25151294871795;3,20513374358974;-1
3,26716330769231;3,22791546153846;-1
2,05588007692308;2,02437697435897;-2
2,07153043589744;2,04255887179487;-1
3,22169279487179;3,22255923076923;0
2,02605992307692;2,02931287179487;0
3,2543618974359;3,20853512820513;-1
2,05872902564102;2,02655092307692;-2
3,23734315384615;3,23742487179487;0
0,414247794871795;0,370478358974359;-12
3,27001225641025;3,22669784615385;-1
2,04171028205128;2,03124856410256;-1
2,07437938461538;2,02040843589744;-3
3,23463264102564;3,23786548717949;0
2,03899976923077;2,01851;-1
3,250283;3,23765271794872;0
2,05465012820513;2,03146215384615;-1
3,23748158974359;3,23901225641026;0
3,25313194871795;3,23891484615385;0
2,04184871794872;2,02998815789474;-1
0,43415958974359;0,389781128205128;-11
2,05749907692308;2,0346877948718;-1
3,26730174358974;3,23486330769231;-1
2,07166887179487;2,01572674358974;-3
3,27015069230769;3,23443217948718;-1
2,07451782051282;2,0223117948718;-3
3,2829521025641;3,20637156410257;-2
3,28580105128205;3,20423148717949;-3
2,08731923076923;2,03315302564103;-3
2,09016817948718;2,04547386842105;-2
0,572612282051283;0,576374243243243;1
3,26775541025641;3,24727952631579;-1
0,385248025641026;0,385276025641026;0
0,588262641025642;0,566569512820513;-4
0,400898384615385;0,387878717948718;-3
0,605281384615386;0,585195394736842;-3
0,620931743589745;0,575892205128205;-8
0,417917128205129;0,383115358974359;-9
0,433567487179488;0,383538743589744;-13
0,588401076923078;0,568269487179487;-4
0,401036820512821;0,387046717948718;-4
0,621070179487181;0,574183717948718;-8
2,07212253846154;2,01580746153846;-3
0,433705923076924;0,389847307692308;-11
0,604051435897437;0,572122333333334;-6
0,63672053846154;0,580939102564103;-10
0,41668717948718;0,400301384615385;-4
0,449356282051283;0,391791102564103;-15
3,28901346153846;3,28493038461539;0
2,04312276923077;2,08460748717949;2
3,30466382051282;3,28651043589744;-1
2,05877312820513;2,06335555555556;0
3,30480225641026;3,26838220512821;-1
3,33792502564102;3,26281992307692;-2
3,32045261538461;3,27512733333333;-1
2,05891156410256;2,06512351282051;0
2,07456192307692;2,08570574358974;1
3,32168256410256;3,27841076923077;-1
2,07579187179487;2,08823097435897;1
3,33747135897436;3,25657023076923;-2
2,09158066666667;2,07463412820513;-1
3,33733292307692;3,28172930769231;-2
3,35312171794872;3,31097964102564;-1
2,09144223076923;2,08564776923077;0
2,09203433333333;2,07275335897436;-1
2,10723102564103;2,07129233333333;-2
0,575461230769232;0,56806658974359;-1
0,388096974358975;0,382775948717949;-1
0,591111589743591;0,566343743589744;-4
0,403747333333334;0,393649384615385;-3
0,608130333333335;0,576508025641026;-5
0,623780692307694;0,579517102564103;-8
0,420766076923078;0,382726794871795;-10
0,436416435897437;0,382612641025641;-14
3,29186241025641;3,26051074358974;-1
0,534335487179487;0,529062358974359;-1
2,04597171794872;2,06652656410256;1
3,32453151282051;3,26714376923077;-2
2,07864082051282;2,08085076923077;0
3,30751276923077;3,28089782051282;-1
3,34018187179487;3,26918551282051;-2
2,06162207692308;2,0759551025641;1
2,09429117948718;2,05687823076923;-2
0,591250025641027;0,569345897435897;-4
0,40388576923077;0,388059102564103;-4
0,606900384615386;0,56806941025641;-7
0,604505102564103;0,573802128205128;-5
0,419536128205129;0,390251;-8
3,3076512051282;3,29953941025641;0
3,32330156410256;3,29025958974359;-1
2,06176051282051;2,08462466666667;1
2,07741087179487;2,08937425641026;1
0,62391912820513;0,574999435897436;-9
0,436554871794873;0,387023743589744;-13
3,34032030769231;3,29285682051282;-1
2,09442961538462;2,07042533333333;-1
0,639569487179489;0,580896564102564;-10
3,25073666666666;3,24124935897436;0
3,35597066666667;3,28010056410256;-2
0,452205230769232;0,397915717948718;-14
2,11007997435897;2,0746197948718;-2
0,431754692307693;0,433031078947368;0
0,434603641025642;0,436745769230769;0
6,52433202564102;6,53629208108108;0
6,52718097435897;6,52825974358974;0
0,514778692307692;0,517683783783784;1
5,82305948717949;5,83938617948718;0
0,517627641025641;0,516612128205128;0
3,32090628205128;3,27927028205128;-1
5,82590843589743;5,84440582051282;0
0,447405051282052;0,449298236842105;0
0,450254000000001;0,445518692307692;-1
0,530429051282051;0,510199307692308;-4
0,533278;0,511109888888889;-4
6,53998238461538;6,539771;0
5,83870984615385;5,83792135897436;0
6,54283133333333;6,5286872051282;0
5,84155879487179;5,84570964102564;0
0,464423794871796;0,460938384615385;-1
0,56700458974359;0,514098769230769;-10
0,467272743589745;0,454379871794872;-3
6,55700112820513;6,49942047368421;-1
6,55985007692308;6,51411364102564;-1
0,480074153846155;0,454166974358974;-6
6,57265148717949;6,5250941025641;-1
0,482923102564104;0,451987051282051;-7
6,57550043589744;6,52721197368421;-1
0,547447794871795;0,516304615384615;-6
0,550296743589744;0,523098947368421;-5
0,563098153846154;0,513642538461538;-10
3,28340576923077;3,2063891025641;-2
0,565947102564103;0,50931958974359;-11
5,85572858974359;5,81580846153846;-1
5,87137894871795;5,84922461538461;0
5,85857753846154;5,8400411025641;0
5,8742278974359;5,83093015384615;-1
0,447543487179488;0,453253102564103;1
0,450392435897437;0,44553582051282;-1
6,54012082051282;6,53443476923077;0
6,54296976923077;6,52784771794872;0
0,530567487179487;0,505622128205128;-5
0,637174205128206;0,58403741025641;-9
5,83884828205128;5,82927468421053;0
0,533416435897436;0,513231025641026;-4
5,84169723076923;5,84115633333333;0
0,480212589743591;0,447702435897436;-7
0,48306153846154;0,45265141025641;-7
0,56323658974359;0,517182205128205;-9
0,566085538461539;0,512689384615385;-10
6,57278992307692;6,52113758974359;-1
5,87151738461538;5,8247578974359;-1
6,57563887179487;6,52531979487179;-1
3,35357538461538;3,31657615384615;-1
5,87436633333333;5,8326468974359;-1
0,463193846153847;0,460820282051282;-1
0,466042794871796;0,454455384615385;-3
6,55577117948718;6,53186674358974;0
6,55862012820513;6,51645865789474;-1
0,49586294871795;0,44426082051282;-12
6,58844028205128;6,50682658974359;-1
0,498711897435899;0,442897153846154;-13
6,59128923076923;6,49364784615384;-2
0,546217846153846;0,510347512820513;-7
0,397229051282051;0,364377794871795;-9
0,549066794871795;0,519165153846154;-6
0,578886948717949;0,513495743589744;-13
0,581735897435898;0,520796236842105;-12
5,85449864102564;5,83029863157895;0
5,88716774358974;5,83176589473684;-1
5,85734758974359;5,8350067948718;0
5,89001669230769;5,83198569230769;-1
0,463692948717949;0,463825769230769;0
0,466541897435898;0,464559815789474;0
6,55627028205128;6,52869676923077;0
0,417140846153846;0,394343820512821;-6
6,55911923076923;6,51510302564103;-1
0,535207794871795;0,537213897435897;0
5,84348858974359;5,86053794871795;0
0,538056743589744;0,53931952631579;0
5,84633753846154;5,85589758974359;0
0,479343307692308;0,461710666666667;-4
0,482192256410257;0,462934538461539;-4
0,550858153846154;0,540455564102564;-2
0,553707102564103;0,54389858974359;-2
6,57192064102564;6,52727110526316;-1
0,429898153846154;0,365337076923077;-18
5,85913894871795;5,82662343589744;-1
6,57476958974359;6,52784723684211;-1
5,8619878974359;5,85026817948718;0
0,479481743589744;0,464575820512821;-3
0,482330692307693;0,466457487179487;-3
6,57205907692308;6,50772074358974;-1
6,57490802564103;6,53477194871795;-1
0,495132102564103;0,468137205128205;-6
6,58770943589743;6,51527776315789;-1
0,497981051282052;0,466391052631579;-7
2,02366464102564;2,02366464102564;0
0,449809948717949;0,388676263157895;-16
6,59055838461538;6,54143158974359;-1
0,55099658974359;0,528053435897436;-4
0,553845538461539;0,524750846153846;-6
0,566646948717949;0,53570417948718;-6
0,569495897435898;0,528799897435898;-8
5,85927738461538;5,83338217948718;0
5,87492774358974;5,8526802631579;0
5,86212633333333;5,85208997435898;0
5,87777669230769;5,85396756410256;0
0,496362051282052;0,474979743589743;-5
2,05510379487179;2,03248607692308;-1
0,499211000000001;0,471350076923077;-6
6,58893938461538;6,53115930769231;-1
6,59178833333333;6,52078964102564;-1
0,567876897435898;0,534126076923077;-6
5,87615769230769;5,86826833333333;0
0,570725846153847;0,539859256410256;-6
5,87900664102564;5,85276461538461;0
0,512150846153847;0,475290256410256;-8
0,514999794871796;0,475411666666667;-8
0,583665692307693;0,530624897435897;-10
2,0877728974359;2,03775183783784;-2
0,586514641025642;0,526296717948718;-11
6,60472817948718;6,51717107692308;-1
5,89194648717949;5,85417651282051;-1
6,60757712820513;6,51624907692308;-1
5,89479543589744;5,84160248717949;-1
0,512012410256411;0,472835153846154;-8
0,51486135897436;0,474285473684211;-9
6,60458974358974;6,52152464102564;-1
6,60743869230769;6,50830792307692;-2
0,527801205128206;0,478536282051282;-10
2,07501558974359;2,08024897368421;0
6,62037853846154;6,54798666666667;-1
0,530650153846155;0,477547923076923;-11
6,62322748717949;6,52406497435897;-2
0,583527256410257;0,538849692307692;-8
0,586376205128206;0,536777435897436;-9
0,599316051282052;0,525956025641026;-14
0,602165000000001;0,530337;-14
5,89180805128205;5,8593091025641;-1
5,90759684615385;5,846541;-1
5,894657;5,83775079487179;-1
2,10768469230769;2,07225546153846;-2
5,91044579487179;5,84655182051282;-1
0,433955064102565;0,430814923076923;-1
0,436804012820514;0,435056763157895;0
6,5265323974359;6,52641228205128;0
6,52938134615385;6,51684966666667;0
0,516979064102564;0,515697974358974;0
5,82525985897436;5,82201461538462;0
0,519828012820513;0,511458641025641;-2
5,82810880769231;5,83427535897436;0
0,449605423076924;0,445490820512821;-1
0,452454371794873;0,443507948717949;-2
0,532629423076923;0,508122282051282;-5
0,535478371794872;0,507070923076923;-6
6,54218275641026;6,53064315384615;0
5,84091021794872;5,8277258974359;0
6,5450317051282;6,5139982051282;0
5,84375916666667;5,84338264102564;0
0,466624166666668;0,461970435897436;-1
0,469473115384617;0,452521948717949;-4
6,5592015;6,50060341025641;-1
0,575914897435898;0,569046051282051;-1
6,56205044871795;6,51011492105263;-1
0,482274525641027;0,452087944444444;-7
6,57485185897436;6,51211564102564;-1
0,485123474358976;0,449831051282051;-8
6,57770080769231;6,51453197435897;-1
0,549648166666667;0,520434076923077;-6
0,552497115384616;0,524038358974359;-5
0,565298525641026;0,51644358974359;-9
0,568147474358975;0,513074128205128;-11
5,85792896153846;5,82573194871795;-1
3,22214646153846;3,22935766666667;0
5,87357932051282;5,84221935897436;-1
5,86077791025641;5,82439055263158;-1
5,87642826923077;5,81729284615385;-1
0,465893320512821;0,462760368421053;-1
0,46874226923077;0,465193648648649;-1
6,55847065384615;6,52947543589743;0
6,5613196025641;6,52516051282051;-1
0,537408166666667;0,537231615384616;0
5,84568896153846;5,86986464102564;0
0,540257115384616;0,540818358974359;0
3,29231607692307;3,26631015384615;-1
5,84853791025641;5,85187241025641;0
0,498562423076924;0,476105810810811;-5
0,501411371794873;0,471883897435898;-6
0,57007726923077;0,53399441025641;-7
0,572926217948719;0,538642666666667;-6
6,59113975641026;6,5263881025641;-1
5,87835806410256;5,86211402564103;0
6,59398870512821;6,52146161538462;-1
5,88120701282051;5,86725428205128;0
0,48154367948718;0,464587871794872;-4
0,368638846153846;0,36338482051282;-1
0,484392628205129;0,466281289473684;-4
6,57412101282051;6,5371538974359;-1
6,57696996153846;6,54470364102564;0
0,514212782051283;0,471674666666667;-9
6,60679011538461;6,51783905128205;-1
0,517061730769232;0,473219820512821;-9
6,60963906410256;6,50462056410256;-2
0,553058525641026;0,543439051282051;-2
0,555907474358975;0,545247447368421;-2
0,585727628205129;0,538159666666667;-9
0,385701692307692;0,385701692307692;0
2,02651358974359;2,03684512820513;1
0,588576576923078;0,538745743589744;-9
5,86133932051282;5,84041869230769;0
5,89400842307692;5,87191274358974;0
5,86418826923077;5,86220253846154;0
5,89685737179487;5,84502446153846;-1
0,44974385897436;0,448271973684211;0
0,452592807692309;0,445316282051282;-2
6,54232119230769;6,52724471794872;0
6,54517014102564;6,53738058974359;0
0,532767858974359;0,509030435897436;-5
0,388550641025641;0,387465538461539;0
5,84104865384615;5,83087515384616;0
0,535616807692308;0,519705769230769;-3
5,8438976025641;5,83525848717949;0
0,465394217948719;0,459278210526316;-1
0,468243166666668;0,455578051282051;-3
0,548418217948718;0,515593487179487;-6
0,551267166666667;0,519497871794872;-6
6,55797155128205;6,54066374358974;0
5,85669901282051;5,83869755263158;0
6,5608205;6,53382715384615;0
2,04642538461538;2,07033982051282;1
5,85954796153846;5,84565305128205;0
0,481682115384616;0,465310333333333;-4
0,484531064102565;0,468385461538462;-3
6,57425944871795;6,51616258974359;-1
6,5771083974359;6,54906297435897;0
0,497332474358975;0,469227512820513;-6
6,58990980769231;6,53452994871795;-1
0,500181423076924;0,466404717948718;-7
6,59275875641026;6,55022158974359;-1
0,553196961538462;0,52832258974359;-5
0,521395641025641;0,517140128205128;-1
0,556045910256411;0,526624128205128;-6
0,568847320512821;0,535478256410256;-6
0,57169626923077;0,531348948717949;-8
5,86147775641026;5,8418892051282;0
5,87712811538461;5,86436153846154;0
5,8643267051282;5,8670858974359;0
5,87997706410256;5,86305892307692;0
0,482412961538463;0,448429368421053;-8
0,485261910256412;0,449832102564103;-8
6,5749902948718;6,52426543589744;-1
0,591565256410257;0,567880157894737;-4
6,57783924358974;6,52037130769231;-1
0,565436961538462;0,515527230769231;-10
5,87371775641026;5,82307433333333;-1
0,568285910256411;0,517972897435897;-10
5,87656670512821;5,82749656756757;-1
0,514351217948719;0,474690918918919;-8
0,517200166666668;0,47557817948718;-9
0,585866064102565;0,528406358974359;-11
0,588715012820514;0,524986461538462;-12
6,60692855128205;6,51964844736842;-1
0,384289205128205;0,361974461538462;-6
5,89414685897436;5,8589442368421;-1
6,6097775;6,53271130769231;-1
5,89699580769231;5,85113094871795;-1
0,498063320512822;0,448036307692308;-11
0,500912269230771;0,444967256410256;-13
6,59064065384615;6,51708705405405;-1
6,5934896025641;6,50535633333333;-1
0,530001576923078;0,478694263157895;-11
6,62257891025641;6,55956415384615;-1
0,532850525641027;0,477204179487179;-12
0,404201;0,394064307692308;-3
6,62542785897436;6,53842117948718;-1
0,581087320512821;0,519240358974359;-12
0,58393626923077;0,522941076923077;-12
0,601516423076924;0,528231641025641;-14
0,604365371794873;0,532057717948718;-14
5,88936811538461;5,84066315384615;-1
5,90979721794872;5,84839021621622;-1
5,89221706410256;5,84531738461539;-1
5,91264616666667;5,85858643589743;-1
0,431990230769232;0,43293558974359;0
3,23779682051282;3,24030292307692;0
6,52456756410256;6,52165923076923;0
0,515014230769231;0,51506282051282;0
5,82329502564103;5,83700246153846;0
0,447640589743591;0,44789341025641;0
0,53066458974359;0,506815102564103;-5
6,54021792307692;6,53780638461539;0
5,83894538461538;5,83934279487179;0
0,464659333333335;0,460421435897436;-1
6,55723666666667;6,49748112820513;-1
0,480309692307694;0,453215179487179;-6
2,04216394871795;2,03640882051282;0
6,57288702564103;6,52142589473684;-1
0,547683333333334;0,518915948717949;-6
0,563333692307693;0,514527717948718;-9
5,85596412820513;5,82668302631579;-1
5,87161448717949;5,85017120512821;0
0,447779025641027;0,452250307692308;1
6,54035635897436;6,52454755263158;0
0,530803025641026;0,506149794871795;-5
5,83908382051282;5,82225175;0
0,48044812820513;0,450088102564103;-7
3,30796643589743;3,28973028205128;-1
0,563472128205129;0,517258615384615;-9
6,57302546153846;6,52740423076923;-1
5,87175292307692;5,82562882051282;-1
0,463429384615386;0,45813182051282;-1
6,55600671794872;6,52902948717949;0
0,496098487179489;0,443924282051282;-12
6,58867582051282;6,50706497435898;-1
0,546453384615385;0,511602769230769;-7
0,579122487179488;0,520150230769231;-11
5,85473417948718;5,82958584615385;0
2,04357643589743;2,07939686842105;2
2,06207574358974;2,07367194871795;1
5,88740328205128;5,83083974358974;-1
0,434839179487181;0,434298210526316;0
6,52741651282051;6,51568518421052;0
0,51786317948718;0,509107666666667;-2
5,82614397435897;5,83142066666667;0
0,45048953846154;0,447452307692308;-1
0,533513538461539;0,512762717948718;-4
6,54306687179487;6,51633151351351;0
5,84179433333333;5,83311033333333;0
0,450627974358976;0,443371923076923;-2
0,521534076923077;0,519409128205128;0
6,54320530769231;6,52214946153846;0
0,466278333333335;0,454126871794872;-3
6,55885566666667;6,51933564102564;-1
0,533651974358975;0,515506282051282;-4
0,549302333333334;0,517730641025641;-6
5,84193276923077;5,82226708108108;0
5,85758312820513;5,84692735897436;0
0,467508282051284;0,454599230769231;-3
6,56008561538462;6,51209028205128;-1
0,550532282051283;0,522983974358974;-5
0,591703692307693;0,569480435897436;-4
5,85881307692308;5,8227818974359;-1
0,483297076923079;0,448242512820513;-8
0,566321076923078;0,51722258974359;-9
6,57587441025641;6,51708676923077;-1
5,87460187179487;5,83076321052632;-1
0,483158641025643;0,454654512820513;-6
6,57573597435897;6,5343767948718;-1
0,498947435897438;0,442965128205128;-13
6,59152476923077;6,50377957894737;-1
0,566182641025642;0,512679307692308;-10
3,23793525641025;3,24709066666667;0
0,581971435897437;0,521336794871795;-12
5,87446343589744;5,82988792105263;-1
5,89025223076923;5,8493941025641;-1
0,463928487179488;0,46290697368421;0
6,55650582051282;6,54274920512821;0
0,535443333333334;0,537813307692308;0
5,84372412820513;5,87471576923077;1
0,479578846153847;0,46334258974359;-4
0,551093692307693;0,539772736842105;-2
6,57215617948718;6,53642352631579;-1
3,30810487179487;3,30328166666667;0
5,85937448717949;5,840514;0
0,496597589743591;0,476570256410256;-4
6,58917492307692;6,54040820512821;-1
0,51224794871795;0,473464153846154;-8
6,60482528205128;6,53167960526316;-1
0,568112435897437;0,537116394736842;-6
0,583762794871796;0,538464307692308;-8
5,87639323076923;5,87129551282051;0
5,89204358974359;5,87112156410257;0
0,466777435897437;0,464494358974359;0
0,537184435897436;0,529790256410256;-1
6,55935476923077;6,52800581578948;0
0,538292282051283;0,537868487179487;0
5,84657307692308;5,85957394594594;0
0,49944653846154;0,473329;-6
0,570961384615386;0,540093871794872;-6
6,59202387179487;6,51944220512821;-1
5,87924217948718;5,85395064102564;0
0,482427794871796;0,463779923076923;-4
6,57500512820513;6,53097521621622;-1
0,515096897435899;0,47622941025641;-8
3,25358561538461;3,24106064102564;0
6,60767423076923;6,50672158974359;-2
0,553942641025642;0,543514051282051;-2
0,586611743589745;0,536268078947369;-9
5,86222343589744;5,84674181578947;0
5,89489253846154;5,84329397435897;-1
0,479717282051283;0,463422512820513;-4
6,57229461538461;6,51434841025641;-1
0,551232128205129;0,527478538461538;-5
5,85951292307692;5,84509984615385;0
0,495367641025642;0,46744317948718;-6
0,607354051282052;0,573003794871795;-6
0,566882487179488;0,535763307692308;-6
6,58794497435897;6,52990471794872;-1
5,87516328205128;5,86893594736842;0
0,482566230769232;0,467582948717949;-3
6,57514356410256;6,53798761538461;-1
0,498216589743591;0,467934487179487;-6
6,59079392307692;6,55186515384615;-1
0,554081076923078;0,525970153846154;-5
0,569731435897437;0,531448026315789;-7
5,86236187179487;5,86431723076923;0
3,32375523076923;3,29789251351351;-1
5,87801223076923;5,85840566666667;0
0,512386384615386;0,476774;-7
6,60496371794872;6,50247235897436;-2
0,583901230769232;0,527814974358974;-11
5,89218202564103;5,85626161538462;-1
0,515235333333335;0,47333817948718;-9
0,586750179487181;0,526333512820513;-11
6,60781266666667;6,52736482051282;-1
5,89503097435897;5,8525947631579;-1
0,528036743589745;0,478987974358975;-10
0,384427641025641;0,361700871794872;-6
6,62061407692308;6,55523625641026;-1
0,530885692307694;0,477975;-11
6,62346302564103;6,53358305128205;-1
0,599551589743591;0,527106307692308;-14
0,60240053846154;0,532467948717949;-13
5,90783238461538;5,86133623076923;-1
5,91068133333333;5,86119853846154;-1
0,515467897435897;0,515467897435897;0
0,448094256410257;0,449176538461538;0
0,404339435897436;0,38916941025641;-4
0,531118256410256;0,507538205128205;-5
0,465113000000001;0,460320405405405;-1
0,48076335897436;0,453193692307692;-6
0,548137;0,520409538461538;-5
0,563787358974359;0,514128641025641;-10
0,448232692307693;0,450536051282051;1
0,531256692307692;0,507684897435898;-5
0,480901794871796;0,451312666666667;-7
0,563925794871795;0,514884282051282;-10
0,463883051282052;0,456952710526316;-2
0,400078;0,36759241025641;-9
0,496552153846155;0,439211384615385;-13
0,546907051282051;0,512276128205128;-7
0,579576153846154;0,515084128205128;-13
0,464382153846154;0,464382153846154;0
0,535897;0,535897;0
0,480032512820513;0,461904102564103;-4
0,551547358974359;0,541620692307692;-2
0,480170948717949;0,465932384615385;-3
0,495821307692308;0,468338615384615;-6
0,551685794871795;0,525447230769231;-5
0,419989794871795;0,383368794871795;-10
0,567336153846154;0,535643230769231;-6
0,497051256410257;0,475720384615385;-4
0,568566102564103;0,532213820512821;-7
0,512840051282052;0,474616538461538;-8
0,584354897435898;0,524990307692308;-11
0,512701615384616;0,4717895;-9
0,528490410256411;0,477036743589744;-11
0,584216461538462;0,538961351351351;-8
0,600005256410257;0,527539435897436;-14
6,52502123076923;6,52502123076923;0
2,04230238461538;2,0317665;-1
5,82374869230769;5,82374869230769;0
6,54067158974359;6,52632861538462;0
5,83939905128205;5,83261055263158;0
6,55769033333333;6,48749235897436;-1
6,57334069230769;6,51379074358974;-1
5,85641779487179;5,81297530769231;-1
5,87206815384615;5,84345435897436;0
6,55695948717949;6,5464462051282;0
5,84417779487179;5,87047738461539;0
6,58962858974359;6,53303423076923;-1
2,05795274358974;2,0342528974359;-1
5,8768468974359;5,86589384615385;0
6,57260984615384;6,53843102702703;-1
6,60527894871795;6,55035715384615;-1
5,85982815384615;5,85162386842105;0
5,89249725641026;5,86016264102564;-1
6,54081002564103;6,52295857894737;0
5,83953748717949;5,81606261538461;0
6,55646038461538;6,524771;0
5,85518784615384;5,84039556410256;0
6,57274828205128;6,51401558974359;-1
2,06221417948718;2,08698115384615;1
6,58839864102564;6,52892038461539;-1
5,85996658974359;5,84071964102564;0
5,87561694871795;5,86426407894737;0
6,57347912820513;6,52599717948718;-1
5,87220658974359;5,82521736842105;-1
6,60541738461538;6,51675569230769;-1
5,89263569230769;5,84909515384615;-1
6,58912948717949;6,50492692307692;-1
6,62106774358974;6,55241343589744;-1
5,88785694871795;5,83151528205128;-1
2,07786453846154;2,08505718918919;0
5,90828605128205;5,84026721052631;-1
0,435292846153847;0,435210820512821;0
0,518316846153846;0,51345141025641;-1
0,450943205128206;0,445696974358974;-1
0,533967205128205;0,504071710526316;-6
0,46796194871795;0,452208894736842;-3
0,483612307692309;0,448548153846154;-8
0,550985948717949;0,521512815789474;-6
0,566636307692308;0,511346923076923;-11
0,451081641025642;0,44398;-2
0,538414384615385;0,524905820512821;-3
0,534105641025641;0,51441217948718;-4
0,483750743589745;0,448077717948718;-8
0,566774743589744;0,518091871794872;-9
0,466732000000001;0,453351743589744;-3
0,499401102564104;0,442832564102564;-13
0,549756;0,519800846153846;-6
0,582425102564103;0,517383051282051;-13
6,52787017948718;6,51613205128205;0
5,82659764102564;5,83059515384615;0
6,54352053846154;6,51599041025641;0
0,608584000000001;0,577300102564102;-5
5,842248;5,8353021025641;0
6,54365897435897;6,53640948717949;0
6,55930933333333;6,53415075;0
5,84238643589743;5,83142061538462;0
5,85803679487179;5,83330817948718;0
6,56053928205128;6,50153982051282;-1
5,85926674358974;5,82312353846154;-1
6,57632807692308;6,51523764102564;-1
5,87505553846154;5,81730664102564;-1
6,57618964102564;6,51741446153846;-1
3,25481556410256;3,2099878974359;-1
6,59197843589744;6,49447352631579;-2
5,8749171025641;5,81697094871795;-1
5,8907058974359;5,83214856410256;-1
0,467231102564103;0,464182315789474;-1
0,538745948717949;0,538359153846154;0
0,482881461538462;0,464016552631579;-4
0,554396307692308;0,541591;-2
0,499900205128206;0,473233025641026;-6
0,515550564102565;0,478508897435897;-8
0,571415051282052;0,540015871794872;-6
