N,N2,N3,M,All
1.2708,0.4787,0.3825,39.085,0.5029
2.0922,0.4719,5.8484,6.5194,0.5682
6.5121,6.5221,0.4617,0.4457,3.2676
5.8433,37.7686,0.369,6.5143,0.5394
0.6317,1.3028,37.8259,1.3083,6.5127
10.9543,0.9265,2.0703,2.3856,5.8566
6.529,0.5174,0.6412,0.4851,6.5093
10.7481,3.2277,5.8621,3.2979,5.8708
0.5038,0.627,10.7633,2.0726,6.5311
0.9181,3.2462,0.4513,10.7153,6.5117
0.5159,2.0874,21.3124,6.5006,5.8709
2.0415,0.5012,0.7684,0.7521,5.8449
38.946,0.5386,0.5007,10.9066,0.4676
2.0653,10.8925,1.2546,0.4761,0.3748
6.538,37.6542,2.0435,2.1163,0.5266
0.5273,0.6403,0.6571,2.0204,0.4742
1.2596,0.6396,37.8014,10.7332,0.5337
2.3746,5.832,0.4787,5.8613,6.5416
3.2609,10.8937,5.8309,2.1361,6.5501
21.236,0.5385,0.5773,10.9169,5.8636
0.7537,3.2768,0.513,37.7692,5.8617
0.7498,0.79,0.9257,1.3119,0.4789
0.5042,0.9301,0.7546,0.5154,0.5283
0.3881,0.7519,10.7072,0.5192,6.522
37.6526,3.2324,6.5243,21.2706,2.0329
6.5501,0.4976,2.0237,0.5068,5.8585
1.2644,0.7767,21.2474,0.3877,0.4787
0.9278,5.8519,0.9492,38.8811,6.5301
21.2548,2.037,0.3851,0.9295,0.5322
2.1655,21.1766,0.5059,19.9787,5.8455
10.7315,3.2085,0.647,6.5046,0.4785
39.0416,6.5161,0.6433,0.3881,10.7562
19.9904,1.3158,3.2684,1.3092,0.7546
10.9184,37.8092,0.4663,3.3196,10.9212
0.5131,0.9292,2.031,38.9802,0.5015
38.9813,0.5005,2.1691,21.2664,0.3861
0.3637,0.5738,0.4067,0.3874,0.7514
5.8404,19.9532,0.5355,19.9932,10.7736
0.7576,0.6247,19.9767,0.9473,10.9093
37.6887,5.8321,0.5198,3.3019,0.5106
0.5115,2.0939,1.2467,0.7692,10.725
0.4973,6.5083,2.0393,10.7401,0.4991
5.8404,0.5382,0.5164,37.7633,10.7364
0.4593,10.7352,2.0258,0.5303,0.7562
38.9492,2.0403,2.1472,0.573,0.742
10.904,0.6412,39.0384,0.3905,10.9029
0.4501,3.2851,3.2403,0.5042,2.0843
0.383,21.2877,10.756,38.8429,10.9054
0.3671,0.443,3.2012,0.9385,0.5022
0.7592,38.973,3.2566,21.2163,10.7314
37.6059,0.6366,0.6435,6.5245,0.7347
6.4936,5.8231,0.5399,10.7633,10.8926
2.1513,19.9962,10.9178,0.5135,0.5013
0.5024,6.5196,2.0868,3.2324,0.7413
0.5731,2.1506,0.5227,2.0435,10.7426
0.3671,1.2569,0.5387,3.2995,10.9174
2.0237,19.9483,0.7566,21.2791,0.5031
20.0178,10.7475,37.8282,6.5272,0.5264
37.5656,10.7398,0.627,38.9317,10.7292
0.3671,6.5342,2.0223,0.503,0.4973
1.2486,0.6413,1.2462,1.2475,10.7242
0.5382,21.2736,21.2486,0.7793,0.7475
38.9584,10.7338,5.8613,6.514,0.7474
0.3898,0.5288,21.2784,1.2566,10.9249
38.9775,0.5803,0.5128,3.2291,10.9099
2.1022,2.094,0.9225,1.3164,0.5085
0.4483,2.0651,21.298,0.5254,10.7475
37.7456,0.52,2.0286,38.9977,0.7726
21.2861,0.7753,0.6247,20.0278,0.5774
0.5184,3.2768,0.5237,0.3676,10.9437
0.4785,37.701,1.2534,2.031,0.5102
0.5192,0.5322,0.9324,0.4443,0.7711
5.8593,0.6444,20.0248,0.4619,10.745
2.0361,2.3648,1.2566,10.7431,10.9276
37.8338,19.948,38.9881,0.5148,0.5124
10.7131,0.5679,6.5215,19.9225,10.703
6.5416,0.6434,1.2577,10.7301,0.518
2.3697,0.9204,6.533,0.9247,10.71
6.5046,0.4653,20.0033,0.3944,0.7508
0.4455,2.0156,0.6435,0.7819,0.3763
5.8492,0.952,0.5273,0.5144,0.7626
2.3672,10.9178,10.717,0.5019,10.901
0.7472,20.0216,2.156,0.9237,10.9158
0.5124,0.6332,0.4733,0.6176,0.5203
0.7684,2.1604,10.8994,19.9822,10.7398
38.9276,1.2604,0.6414,1.2596,0.7715
6.5054,2.0428,2.0814,5.8699,10.9396
0.5386,1.3158,39.0639,0.4545,0.5202
21.2395,10.7624,1.2666,0.7732,0.7569
6.4975,5.8252,0.9244,0.3728,10.7072
,0.5204,0.6176,0.4533,0.3897
,21.2188,2.0393,5.8444,10.9192
,37.6677,2.3908,1.258,0.5254
,38.9026,0.5013,6.5093,10.7362
,1.2548,3.2654,39.0699,0.5239
,0.64,3.2226,0.9215,10.7517
,6.5317,2.0721,0.5399,0.773
,0.4455,10.8961,3.2784,0.7498
,1.2566,21.2141,0.6443,10.9284
,0.5813,10.7378,37.6032,10.8904
,37.8248,0.5265,37.654,0.4838
,0.5135,37.6059,19.9344,3.2375
,0.5288,10.7564,0.9438,10.7315
,0.7619,2.1563,20.0188,0.7508
,21.2577,38.9998,0.4638,10.9221
,3.2373,37.7296,10.7185,0.4967
,2.0236,0.4498,0.5101,0.7521
,0.7378,10.7374,21.3178,10.7335
,2.0831,0.4851,21.2788,10.9093
,0.509,0.5101,0.5372,0.503
,0.7731,37.7801,19.991,10.7319
,19.9508,1.2633,2.1149,0.4972
,19.9344,37.7435,37.6538,0.366
,21.2006,2.0997,0.4521,2.0237
,0.7684,0.5158,0.5774,10.7332
,10.733,2.1395,37.6641,0.764
,0.5371,0.3617,10.9124,0.7483
,0.6459,0.9242,0.627,10.9014
,21.2317,0.9338,5.8299,10.9178
,1.2548,2.0435,0.4481,0.5088
,5.8593,0.3917,19.9631,10.7223
,2.1548,0.6153,2.0332,0.7793
,0.5127,5.8299,0.5217,10.9249
,2.07,2.1559,0.4308,0.515
,5.8455,0.9234,10.9129,3.2834
,1.2542,0.5016,10.8926,0.7731
,1.2574,38.8701,0.5172,10.7131
,0.4997,38.8176,1.2557,10.9349
,0.3885,2.1108,10.913,0.5129
,5.8542,0.5135,10.9115,10.7335
,38.8527,5.8353,19.9904,0.5189
,19.9132,1.3135,10.7305,10.7103
,20.0097,0.7508,38.9634,0.7822
,10.7399,1.2497,1.3066,0.7768
,5.8378,10.7335,3.2492,10.9381
,2.3983,2.0279,0.4542,2.0863
,10.9054,0.5124,10.7624,10.904
,6.5038,10.7319,3.2471,0.4982
,10.9189,20.0257,3.2226,10.7372
,38.9775,21.2016,21.2809,0.7417
,0.525,0.3825,6.5214,10.8987
,5.8528,1.2693,1.2519,0.5002
,0.5155,0.5682,0.5181,0.7512
,6.5101,10.9543,10.9427,10.7378
,6.5093,39.0532,0.7715,10.9309
,37.6677,6.5273,0.5204,0.5129
,10.8897,37.6997,5.8275,0.5273
,21.2105,37.5656,2.035,10.7366
,0.6459,2.1547,0.9292,0.518
,10.9006,0.569,2.1485,10.7374
,21.2449,0.7378,10.7398,0.7537
,0.7476,1.2546,10.7517,0.7596
,0.6316,0.9273,38.9938,10.9177
,2.4085,2.1693,0.5171,10.9228
,0.366,3.2492,0.7531,0.5016
,0.6366,0.4986,20.0148,10.7347
,10.9581,10.9162,21.252,0.7465
,0.7417,0.4989,0.926,0.58
,5.8457,0.5759,0.5273,10.9041
,6.5121,20.0148,21.2198,0.5209
,0.7531,0.3695,0.5005,0.7577
,0.4982,10.7475,37.6792,10.7136
,0.6571,0.4545,0.5172,10.9232
,2.1014,37.656,0.4482,0.4934
,39.0525,0.5315,3.2291,10.7213
,0.6356,0.5046,2.0293,0.5214
,0.3861,3.2768,3.2852,10.7295
,38.9673,0.6237,20.0103,0.7496
,21.2784,6.5378,10.9563,3.2328
,1.2486,0.4308,5.8231,0.7534
,0.6447,2.0997,10.9035,10.9114
,0.7606,10.7426,0.5217,10.9075
,0.5386,0.515,0.3879,0.482
,0.7761,38.8212,10.7189,10.7529
,0.6466,1.3119,0.4991,0.7495
,19.9789,2.3648,0.462,10.9172
,0.7755,0.4997,21.2957,0.4997
,10.9124,0.5144,5.8711,0.7521
,3.2097,19.9491,0.9176,10.7496
,0.7534,10.7275,2.1719,3.271
,,0.4498,0.9248,10.9169
,,5.813,2.0846,0.513
,,1.3055,20.0173,10.7222
,,10.741,10.945,0.4987
,,0.7511,0.6435,10.7394
,,10.9178,37.6404,0.754
,,2.0204,0.5149,0.7522
,,0.5127,0.3696,10.8961
,,10.733,0.7732,10.9026
,,37.5822,0.6446,0.5019
,,21.2343,10.7522,0.5216
,,10.9363,19.9973,10.7252
,,0.7522,0.9261,0.7324
,,2.0378,0.9166,10.8897
,,37.7028,2.0809,0.4989
,,21.2877,0.5102,0.7428
,,0.518,0.775,10.741
,,0.7472,6.522,10.8977
,,10.7228,19.94,0.5068
,,0.9257,0.3908,10.7305
,,5.8503,1.2566,0.4969
,,19.9323,2.0874,3.2125
,,0.9301,10.9212,10.7189
,,0.6446,0.5681,0.7476
,,1.2546,2.1675,0.7476
,,0.6312,10.8904,10.9226
,,0.51,0.629,10.9066
,,21.2399,1.3044,0.4851
,,3.2193,0.6352,10.7431
,,0.4981,3.2875,0.7504
,,37.769,0.6444,10.9193
,,5.8231,1.3123,0.497
,,37.6488,0.513,0.5833
,,1.3134,0.3701,0.7531
,,0.5111,0.3617,10.7301
,,39.0244,39.0379,10.913
,,21.2548,6.5093,0.5005
,,2.0428,0.5058,10.7358
,,0.5022,6.5338,0.5019
,,5.8275,0.7524,10.7345
,,0.366,19.978,0.7444
,,2.0202,10.9212,0.749
,,2.0831,6.5038,10.8982
,,1.3172,0.5081,0.3908
,,0.5248,0.6255,3.2853
,,37.7489,0.497,10.9339
,,10.7357,20.0097,0.5059
,,0.4747,6.538,10.7322
,,0.6355,0.9321,0.7601
,,0.3664,0.3625,10.8994
,,2.4023,2.4023,0.5035
,,6.5211,6.5491,0.7459
,,21.2497,0.6432,10.7305
,,6.5306,2.1051,10.9035
,,2.0704,3.2801,0.4987
,,37.797,1.2558,0.3629
,,0.6317,0.5282,10.7313
,,21.1878,0.7768,0.4942
,,0.6339,2.1505,10.7214
,,0.5789,2.1103,0.7493
,,0.5215,37.771,0.7511
,,19.9962,19.9767,10.9183
,,0.9338,1.266,10.9184
,,21.2105,10.7519,0.5068
,,0.9234,0.5209,10.733
,,0.5129,37.7478,0.7731
,,0.5081,2.1343,0.3855
,,5.8451,5.8387,10.9376
,,0.3825,6.5162,0.51
,,21.2099,37.5621,0.7742
,,2.3697,0.952,10.7338
,,0.5667,0.5288,10.9108
,,0.5079,10.7481,0.5206
,,21.298,10.749,10.7237
,,1.3164,0.7476,0.5153
,,0.5672,3.2375,10.7266
,,0.5147,2.3905,0.775
,,38.9345,0.5007,0.3734
,,0.6326,38.9308,0.7767
,,0.5288,0.6431,10.9581
,,0.5266,10.9183,10.9368
,,2.1395,0.6306,0.5065
,,0.3835,0.6371,10.7131
,,21.2265,19.9822,0.7767
,,6.5264,10.7237,10.9231
,,37.8136,0.3883,0.514
,,10.9169,2.1847,0.774
,,37.6488,0.5163,10.7181
,,2.1393,0.5809,0.4019
,,1.2693,0.5216,10.9373
,,,37.6527,0.5123
,,,2.1691,10.7323
,,,19.9646,0.5199
,,,0.7511,10.7133
,,,2.1619,0.7822
,,,21.2474,0.7765
,,,0.5236,10.938
,,,0.5151,10.9089
,,,6.5319,0.5114
,,,0.626,2.0307
,,,37.8014,10.7003
,,,38.9938,0.7522
,,,3.2834,10.8962
,,,0.9425,0.5182
,,,3.199,0.7652
,,,10.7514,10.7065
,,,2.0613,10.9115
,,,10.7266,0.5131
,,,2.3936,10.7357
,,,37.6527,0.5169
,,,0.6447,2.0416
,,,2.0251,10.7325
,,,21.265,0.7519
,,,0.5141,0.7546
,,,0.7387,10.9124
,,,19.9742,10.9198
,,,21.2854,0.5206
,,,1.2585,10.6981
,,,6.5153,0.7549
,,,0.5212,10.9387
,,,0.4638,0.5232
,,,0.9206,2.0606
,,,10.955,0.7566
,,,6.5336,10.7401
,,,0.5144,10.9626
,,,10.8925,0.5235
,,,0.5797,10.7701
,,,2.0751,0.521
,,,2.0194,10.7482
,,,0.9492,0.7547
,,,10.7235,0.7594
,,,3.3196,10.9247
,,,3.2385,2.0772
,,,0.6444,10.9305
,,,37.7809,0.4856
,,,0.3763,0.7536
,,,10.9346,0.5003
,,,20.0119,0.7524
,,,0.9259,0.5127
,,,5.8309,0.4976
,,,0.5291,0.7684
,,,5.8593,0.7491
,,,2.1564,0.5088
,,,0.5213,0.5044
,,,0.6314,0.7378
,,,0.5132,0.5046
,,,0.95,0.7459
,,,5.8455,0.5064
,,,2.0403,0.4987
,,,0.5172,0.7508
,,,0.6337,0.7511
,,,6.5049,0.5101
,,,0.3837,0.7764
,,,38.9837,0.5121
,,,10.9268,3.2609
,,,3.2881,0.5823
,,,5.813,0.7819
,,,2.0289,0.515
,,,0.6391,0.5202
,,,0.9484,0.7586
,,,5.8586,0.7692
,,,0.5057,0.5277
,,,1.2633,0.7755
,,,0.6356,0.5215
,,,1.2566,0.7601
,,,1.3105,0.5203
,,,0.5044,3.252
,,,10.9305,0.526
,,,0.9212,0.7751
,,,19.9844,0.7472
,,,39.0424,10.7814
,,,0.9247,10.9212
,,,2.0185,10.7688
,,,0.6347,10.9212
,,,0.6389,10.7229
,,,1.307,10.7354
,,,38.9368,10.9157
,,,0.6176,3.3019
,,,0.6412,10.9281
,,,0.4475,10.7514
,,,6.5416,10.935
,,,0.7566,10.7454
,,,10.7396,10.9427
,,,10.741,10.7475
,,,0.3825,10.7624
,,,2.1411,10.9365
,,,0.9158,10.938
,,,6.5312,10.7291
,,,0.509,0.3681
,,,0.3908,10.8925
,,,0.753,10.7427
,,,6.525,10.9476
,,,5.8719,10.7266
,,,1.2665,10.7396
,,,10.7358,10.9197
,,,0.5199,10.9305
,,,0.58,10.7591
,,,0.6271,10.9194
,,,5.8435,10.7028
,,,10.9363,2.0286
,,,0.6326,10.9066
,,,5.8596,10.7224
,,,19.9261,10.7522
,,,10.7323,10.9261
,,,2.1563,10.9242
,,,0.3734,0.4852
,,,38.9854,0.7485
,,,2.0318,0.4967
,,,0.3892,0.7438
,,,6.5274,0.5058
,,,0.4603,0.3861
,,,5.8444,0.4982
,,,38.9276,0.7606
,,,0.5275,0.7475
,,,3.239,0.4997
,,,21.298,0.7471
,,,0.4545,0.5054
,,,0.5174,0.7457
,,,5.8318,0.5038
,,,0.5738,0.4929
,,,0.9242,0.7525
,,,10.7295,2.0806
,,,3.2354,0.7508
,,,6.5152,10.7411
,,,0.7403,10.9302
,,,0.3825,10.7539
,,,3.2042,10.9251
,,,2.0668,10.7378
,,,0.925,10.7327
,,,2.1693,10.8905
,,,10.7242,10.9396
,,,5.8404,10.7587
,,,10.9186,0.5205
,,,21.2016,10.9214
,,,0.4525,10.7555
,,,38.9026,10.9268
,,,2.1795,10.7379
,,,3.2605,10.7184
,,,2.4045,10.939
,,,5.8584,10.9363
,,,20.0124,0.5098
,,,2.0202,0.7823
,,,10.9365,0.5123
,,,0.9176,0.5701
,,,0.6247,0.79
,,,2.1675,0.5161
,,,19.9787,0.5184
,,,1.3081,0.7761
,,,0.9254,0.777
,,,21.2615,10.717
,,,2.3648,10.9186
,,,0.3957,10.7476
,,,5.8457,10.9678
,,,0.9542,10.7228
,,,0.5738,0.3671
,,,6.5006,10.7386
,,,2.0378,10.955
,,,3.2663,10.9061
,,,10.9183,0.5172
,,,0.5663,0.755
,,,0.4967,0.5204
,,,10.7475,0.7662
,,,0.6269,10.7512
,,,0.755,10.7489
,,,0.6332,10.9362
,,,5.8257,2.0421
,,,37.763,0.3938
,,,10.7305,10.9401
,,,37.802,0.5227
,,,37.7809,0.7592
,,,5.8252,10.742
,,,0.4787,10.9242
,,,5.8237,0.5219
,,,21.2163,10.7534
,,,0.5131,0.7576
,,,2.0665,10.9169
,,,6.531,0.4803
,,,3.2267,3.2549
,,,2.0421,0.4982
,,,10.7515,0.5117
,,,0.7765,0.4986
,,,3.2688,0.5007
,,,3.2379,0.4997
,,,5.8511,0.5059
,,,0.9257,0.4981
,,,2.1063,0.5096
,,,0.3675,0.5103
,,,21.2474,0.5125
,,,0.749,2.0436
,,,5.8705,0.5182
,,,2.1393,0.5237
,,,0.9276,0.5228
,,,3.2875,0.5184
,,,37.8238,0.5254
,,,0.9215,0.4859
,,,0.3552,0.4992
,,,0.5382,0.5079
,,,0.6237,0.4975
,,,2.0882,0.5055
,,,39.085,3.2851
,,,5.8422,0.5154
,,,1.2554,0.5102
,,,39.006,0.5192
,,,0.4859,0.5012
,,,5.8333,0.5008
,,,0.5841,0.513
,,,20.0188,0.5183
,,,0.4067,0.5058
,,,0.5111,0.5227
,,,37.7288,0.4933
,,,21.2895,2.0653
,,,0.6333,0.5204
,,,2.0668,0.7509
,,,5.8314,0.7435
,,,6.5194,0.7537
,,,38.8241,0.7485
,,,5.8622,0.7326
,,,10.9066,0.7387
,,,1.3105,0.7479
,,,10.9305,0.747
,,,6.5093,0.7503
,,,21.2706,0.5346
,,,37.6404,0.7494
,,,0.5292,0.7403
,,,0.6439,0.7514
,,,0.6438,0.7619
,,,0.7726,0.7437
,,,0.4753,0.7482
,,,6.5374,0.7546
,,,39.017,0.7724
,,,1.3138,0.7747
,,,37.827,0.7732
,,,3.2328,0.5819
,,,0.3625,0.7844
,,,0.9196,0.78
,,,10.8977,0.7846
,,,10.7252,0.7836
,,,0.6355,0.7753
,,,0.4987,0.7528
,,,2.072,0.7656
,,,3.2391,0.7531
,,,5.8612,0.7597
,,,2.088,0.7572
,,,19.9712,3.2097
,,,21.2757,0.7566
,,,10.7633,0.7496
,,,1.3044,0.753
,,,19.9572,10.7515
,,,21.2629,10.7633
,,,3.3045,10.744
,,,5.8455,10.7564
,,,0.6371,10.7563
,,,2.037,10.7471
,,,0.9211,10.732
,,,5.8412,3.2797
,,,10.9061,10.7235
,,,5.8331,10.7423
,,,2.1604,10.7279
,,,2.3738,10.7016
,,,0.7495,10.7153
,,,0.5088,10.7295
,,,19.9533,10.7034
,,,5.8318,10.7378
,,,38.8024,10.749
,,,0.5194,10.9151
,,,2.0874,0.5273
,,,1.2534,10.9346
,,,19.9687,10.9222
,,,6.5378,10.9129
,,,0.5255,10.9543
,,,10.9014,10.9563
,,,0.5401,10.9266
,,,10.7214,10.9456
,,,0.5136,10.8937
,,,0.6443,10.9294
,,,0.5174,10.9013
,,,0.9272,3.2865
,,,2.3944,3.2251
,,,2.4023,10.9392
,,,5.8378,10.9181
,,,0.5155,10.9162
,,,3.286,10.9037
,,,6.514,10.8918
,,,21.1748,10.7399
,,,10.7396,10.741
,,,20.0103,10.7519
,,,0.5127,10.7588
,,,5.8315,10.756
,,,37.849,0.5789
,,,3.2672,10.7352
,,,0.5214,10.7481
,,,0.9146,10.7419
,,,0.5271,10.9301
,,,5.8223,10.9352
,,,0.6275,10.9177
,,,0.6454,10.952
,,,0.9276,10.9006
,,,10.7591,10.9022
,,,10.7131,10.9189
,,,10.9305,3.2852
,,,2.1361,10.9202
,,,6.5151,10.7185
,,,0.7684,10.7379
,,,0.6396,10.7161
,,,0.526,10.7185
,,,0.4789,10.9241
,,,3.2085,10.945
,,,6.5336,10.9552
,,,10.7515,10.9383
,,,10.9054,10.7422
,,,0.9139,0.3701
,,,2.0746,10.7381
,,,2.1159,10.9155
,,,2.3785,10.9415
,,,0.7594,10.7345
,,,0.4972,10.9227
,,,0.7536,10.7275
,,,1.2665,10.9285
,,,19.9742,0.6176
,,,0.6469,1.2569
,,,0.4768,0.6315
,,,0.7753,0.3844
,,,1.2577,1.261
,,,6.5101,0.6435
,,,0.7761,0.6306
,,,38.9351,1.2543
,,,0.5679,1.2427
,,,39.0284,0.6337
,,,0.528,1.2416
,,,0.4718,0.6305
,,,1.2546,1.2515
,,,0.5382,0.6383
,,,0.9096,0.3552
,,,10.8977,0.6275
,,,10.9093,1.2515
,,,6.526,1.2499
,,,1.3044,0.6342
,,,0.5184,1.3076
,,,0.6474,0.6404
,,,37.8248,1.3112
,,,0.3701,0.6384
,,,37.8248,0.6432
,,,0.5271,1.2585
,,,21.2141,0.3872
,,,21.2725,1.2733
,,,5.8412,0.6571
,,,3.2875,1.3081
,,,0.4967,0.647
,,,2.1384,1.2775
,,,19.9208,0.6542
,,,21.2317,0.6492
,,,0.3676,1.3083
,,,0.4367,1.2554
,,,2.147,0.6181
,,,0.4856,2.0342
,,,0.7844,1.2566
,,,0.4852,0.6332
,,,2.0988,1.2578
,,,19.9572,0.6403
,,,37.7721,0.6287
,,,0.3875,1.2675
,,,0.5022,1.248
,,,20.0119,0.6366
,,,0.7475,1.3105
,,,0.7768,0.6435
,,,2.0315,2.039
,,,0.5789,1.3097
,,,0.6332,0.6459
,,,19.9721,0.6489
,,,0.518,1.3164
,,,0.4428,1.3055
,,,3.2226,0.6307
,,,21.2602,1.2546
,,,3.3045,0.6332
,,,0.4664,1.262
,,,19.9533,0.6361
,,,0.7485,2.0878
,,,19.9812,0.6389
,,,39.0336,1.2611
,,,37.6825,1.2558
,,,1.2557,0.6315
,,,2.0916,1.2572
,,,0.7692,0.6435
,,,2.1472,1.2665
,,,0.4434,0.6237
,,,0.9211,0.6412
,,,20.0124,1.2686
,,,0.5059,2.0661
,,,21.2343,2.0853
,,,0.5215,1.2575
,,,0.9473,20.0033
,,,0.6414,21.2565
,,,37.6792,19.9824
,,,0.9129,21.2449
,,,0.3536,19.9645
,,,0.5098,20.0319
,,,0.4674,21.264
,,,0.5693,21.2768
,,,10.9456,19.9746
,,,1.2733,0.5044
,,,10.7357,21.2188
,,,5.854,20.0124
,,,2.3936,21.2265
,,,0.4762,20.0014
,,,0.5204,19.9962
,,,1.2437,21.2706
,,,37.6059,21.2389
,,,21.2773,20.0257
,,,38.8694,21.2913
,,,2.0894,20.0028
,,,19.9822,0.5693
,,,39.085,21.2652
,,,0.5003,19.9844
,,,2.1595,20.0094
,,,0.7482,21.2192
,,,,21.3091
,,,,19.9848
,,,,21.2395
,,,,19.977
,,,,21.2343
,,,,20.0207
,,,,3.2462
,,,,19.9735
,,,,21.2629
,,,,21.2932
,,,,19.9609
,,,,21.2656
,,,,19.9645
,,,,21.2864
,,,,19.9973
,,,,19.9973
,,,,21.2842
,,,,3.2768
,,,,21.2458
,,,,19.9701
,,,,21.2481
,,,,19.9261
,,,,21.2985
,,,,19.9904
,,,,19.9532
,,,,21.2713
,,,,21.2488
,,,,19.9129
,,,,0.3695
,,,,21.1927
,,,,19.9085
,,,,21.199
,,,,19.9323
,,,,19.9208
,,,,21.2105
,,,,21.2463
,,,,19.9286
,,,,21.2016
,,,,19.9232
,,,,2.0428
,,,,21.2674
,,,,19.9569
,,,,19.9592
,,,,21.1766
,,,,21.1746
,,,,0.6127
,,,,1.2525
,,,,0.6293
,,,,1.2475
,,,,0.6405
,,,,0.3889
,,,,0.6299
,,,,1.258
,,,,1.2439
,,,,0.632
,,,,1.2437
,,,,0.6314
,,,,1.2507
,,,,0.6378
,,,,0.626
,,,,1.2534
,,,,2.0686
,,,,1.2529
,,,,0.6334
,,,,1.3044
,,,,0.6412
,,,,1.3028
,,,,0.6355
,,,,0.6414
,,,,1.2551
,,,,1.2688
,,,,0.6515
,,,,0.5315
,,,,1.3134
,,,,0.6474
,,,,1.2756
,,,,0.6504
,,,,0.6538
,,,,1.3123
,,,,1.2627
,,,,20.0178
,,,,21.2528
,,,,20.0216
,,,,0.5356
,,,,0.5833
,,,,21.2837
,,,,20.0015
,,,,20.0246
,,,,21.2438
,,,,21.2393
,,,,19.9953
,,,,21.2957
,,,,20.0119
,,,,21.2827
,,,,19.9914
,,,,0.3758
,,,,19.9962
,,,,21.2548
,,,,21.223
,,,,19.9648
,,,,21.2486
,,,,20.0148
,,,,21.3124
,,,,19.9054
,,,,19.9046
,,,,21.1898
,,,,0.383
,,,,21.2036
,,,,19.9845
,,,,21.2206
,,,,19.9297
,,,,21.2341
,,,,20.0188
,,,,19.9468
,,,,21.2577
,,,,21.1748
,,,,0.6146
,,,,3.2234
,,,,1.2577
,,,,0.6317
,,,,1.2572
,,,,0.6414
,,,,0.6291
,,,,1.2693
,,,,1.2496
,,,,0.6333
,,,,1.2568
,,,,0.6326
,,,,2.0373
,,,,1.2574
,,,,0.6345
,,,,0.6271
,,,,1.266
,,,,1.2713
,,,,20.0118
,,,,21.304
,,,,19.9743
,,,,21.274
,,,,20.0204
,,,,3.2821
,,,,20.0147
,,,,21.2103
,,,,21.3011
,,,,19.9921
,,,,21.2317
,,,,19.9687
,,,,21.2757
,,,,20.0191
,,,,19.9812
,,,,21.292
,,,,2.0831
,,,,21.2474
,,,,0.6326
,,,,1.3114
,,,,0.6391
,,,,1.3058
,,,,0.6428
,,,,0.6481
,,,,1.3117
,,,,1.3062
,,,,19.9572
,,,,0.5211
,,,,21.2739
,,,,19.9874
,,,,21.2562
,,,,19.9344
,,,,19.9712
,,,,21.272
,,,,21.2309
,,,,0.6344
,,,,1.2616
,,,,0.6422
,,,,0.5681
,,,,1.2548
,,,,19.9344
,,,,19.9225
,,,,21.2426
,,,,21.2509
,,,,0.6454
,,,,1.2669
,,,,19.8986
,,,,21.2664
,,,,0.6431
,,,,3.2503
,,,,19.9643
,,,,1.2666
,,,,21.198
,,,,0.6161
,,,,0.6317
,,,,0.6444
,,,,0.6312
,,,,0.6447
,,,,0.6347
,,,,0.6399
,,,,0.5875
,,,,3.2932
,,,,0.6269
,,,,0.64
,,,,0.6433
,,,,0.6413
,,,,0.6439
,,,,0.6507
,,,,0.645
,,,,0.646
,,,,0.6466
,,,,0.6153
,,,,0.5248
,,,,0.627
,,,,0.6371
,,,,0.6247
,,,,0.6376
,,,,0.6433
,,,,0.6446
,,,,0.647
,,,,0.6284
,,,,0.6339
,,,,0.6358
,,,,3.2315
,,,,0.6412
,,,,0.6316
,,,,0.6443
,,,,0.6255
,,,,0.6431
,,,,1.2534
,,,,1.2462
,,,,1.2526
,,,,1.2448
,,,,1.2467
,,,,0.5797
,,,,1.257
,,,,1.2577
,,,,1.2554
,,,,1.2577
,,,,1.2575
,,,,1.2584
,,,,1.2665
,,,,1.2694
,,,,1.2604
,,,,1.2426
,,,,3.2688
,,,,1.2665
,,,,1.3066
,,,,1.3119
,,,,1.3046
,,,,1.3047
,,,,1.3077
,,,,1.3092
,,,,1.309
,,,,1.3084
,,,,1.2558
,,,,0.3693
,,,,1.2699
,,,,1.2633
,,,,1.2554
,,,,1.2708
,,,,1.2686
,,,,1.2566
,,,,1.2596
,,,,20.0014
,,,,19.9877
,,,,20.0065
,,,,0.3957
,,,,20.0278
,,,,20.0014
,,,,20.0248
,,,,19.9724
,,,,20.0097
,,,,19.9786
,,,,19.9822
,,,,19.9278
,,,,19.9483
,,,,19.9786
,,,,0.3637
,,,,19.9316
,,,,19.9787
,,,,19.9497
,,,,21.2606
,,,,21.2399
,,,,21.2725
,,,,21.2868
,,,,21.2939
,,,,21.2473
,,,,21.2736
,,,,0.3898
,,,,21.2654
,,,,21.252
,,,,21.3178
,,,,21.2006
,,,,21.2099
,,,,21.2615
,,,,21.2343
,,,,21.2428
,,,,21.2034
,,,,20.0319
,,,,2.0415
,,,,20.0103
,,,,20.0173
,,,,19.9986
,,,,19.978
,,,,19.9736
,,,,19.9716
,,,,19.9767
,,,,21.2788
,,,,21.293
,,,,21.2577
,,,,3.207
,,,,2.036
,,,,21.3141
,,,,21.2859
,,,,21.2639
,,,,21.2861
,,,,21.2854
,,,,19.9112
,,,,19.9508
,,,,19.9631
,,,,19.9721
,,,,21.2663
,,,,2.0922
,,,,21.2535
,,,,21.2521
,,,,21.2325
,,,,19.9297
,,,,19.927
,,,,21.2198
,,,,21.2409
,,,,19.9186
,,,,21.2475
,,,,19.965
,,,,2.0668
,,,,21.2141
,,,,0.6174
,,,,0.6457
,,,,0.6356
,,,,0.6352
,,,,0.6396
,,,,0.637
,,,,0.65
,,,,0.6448
,,,,0.6188
,,,,0.5292
,,,,0.6379
,,,,0.6366
,,,,0.6403
,,,,0.6333
,,,,0.6396
,,,,0.6332
,,,,0.6444
,,,,20.0472
,,,,19.9653
,,,,19.9646
,,,,0.5672
,,,,19.9932
,,,,20.0085
,,,,20.0171
,,,,19.9801
,,,,19.9712
,,,,19.9587
,,,,19.9631
,,,,19.9491
,,,,19.9794
,,,,19.9533
,,,,3.2565
,,,,19.9789
,,,,19.936
,,,,19.9132
,,,,0.6314
,,,,0.6279
,,,,0.6382
,,,,0.6232
,,,,0.6434
,,,,0.6415
,,,,0.6494
,,,,3.2688
,,,,0.6533
,,,,20.0239
,,,,20.0268
,,,,19.991
,,,,19.9755
,,,,19.9701
,,,,19.9089
,,,,19.9808
,,,,19.9614
,,,,0.6332
,,,,0.3617
,,,,0.629
,,,,0.6361
,,,,0.6275
,,,,20.0178
,,,,20.0215
,,,,19.9833
,,,,19.9742
,,,,0.6465
,,,,0.6469
,,,,19.9481
,,,,2.0202
,,,,19.94
,,,,0.6438
,,,,19.9663
,,,,0.644
,,,,19.948
,,,,1.2519
,,,,1.2542
,,,,1.2414
,,,,1.2557
,,,,1.307
,,,,0.3883
,,,,1.2729
,,,,1.3238
,,,,1.2756
,,,,1.2569
,,,,1.2688
,,,,1.3174
,,,,1.3123
,,,,1.2541
,,,,1.2642
,,,,1.264
,,,,0.5731
,,,,3.286
,,,,2.073
,,,,1.2696
,,,,1.2537
,,,,1.2497
,,,,1.2565
,,,,1.2587
,,,,1.2583
,,,,1.2617
,,,,1.2486
,,,,1.2745
,,,,1.3135
,,,,0.5345
,,,,1.3138
,,,,1.3158
,,,,1.3172
,,,,1.2688
,,,,1.2546
,,,,1.2644
,,,,1.2672
,,,,21.298
,,,,21.236
,,,,21.265
,,,,0.5802
,,,,21.2602
,,,,21.2966
,,,,21.1878
,,,,21.2668
,,,,21.2497
,,,,21.2475
,,,,21.2426
,,,,21.2773
,,,,21.2343
,,,,21.2885
,,,,0.376
,,,,21.237
,,,,21.2784
,,,,21.2147
,,,,21.2563
,,,,21.2809
,,,,21.2171
,,,,21.2301
,,,,21.2535
,,,,21.2952
,,,,21.2895
,,,,0.4067
,,,,21.3009
,,,,21.2791
,,,,21.2569
,,,,21.2877
,,,,21.2693
,,,,21.1973
,,,,21.2163
,,,,21.2274
,,,,21.1879
,,,,0.9179
,,,,3.2441
,,,,0.9333
,,,,0.9438
,,,,0.9324
,,,,0.9321
,,,,0.9298
,,,,0.9326
,,,,0.9212
,,,,0.952
,,,,0.95
,,,,0.9225
,,,,2.0403
,,,,0.9265
,,,,0.9603
,,,,0.9261
,,,,0.9584
,,,,0.9315
,,,,0.9177
,,,,0.9266
,,,,0.9353
,,,,0.9249
,,,,0.9492
,,,,3.2808
,,,,0.9533
,,,,0.9557
,,,,0.9568
,,,,0.9184
,,,,0.925
,,,,0.9242
,,,,0.9242
,,,,0.9218
,,,,0.9276
,,,,0.9179
,,,,2.0861
,,,,0.9252
,,,,37.7909
,,,,37.7537
,,,,37.747
,,,,37.7792
,,,,37.8018
,,,,37.7662
,,,,37.763
,,,,37.8282
,,,,37.769
,,,,0.5271
,,,,37.8092
,,,,37.7489
,,,,37.8513
,,,,37.8123
,,,,37.8248
,,,,37.8634
,,,,37.8035
,,,,37.6641
,,,,37.5868
,,,,37.6859
,,,,0.528
,,,,0.5697
,,,,37.6642
,,,,37.6257
,,,,37.6488
,,,,37.6393
,,,,37.6538
,,,,37.6924
,,,,37.6526
,,,,37.6887
,,,,37.6709
,,,,37.6542
,,,,3.2454
,,,,37.6404
,,,,37.7354
,,,,37.7196
,,,,2.3856
,,,,2.3933
,,,,2.3908
,,,,2.3905
,,,,2.1049
,,,,2.1259
,,,,2.1103
,,,,3.3045
,,,,2.105
,,,,2.1472
,,,,2.1519
,,,,2.1573
,,,,2.1847
,,,,2.1595
,,,,2.1859
,,,,2.1451
,,,,2.1738
,,,,39.0532
,,,,0.5255
,,,,39.0525
,,,,38.9794
,,,,39.006
,,,,38.9396
,,,,38.8702
,,,,38.8651
,,,,38.8212
,,,,38.9536
,,,,39.0525
,,,,38.8937
,,,,3.2459
,,,,38.9012
,,,,39.0379
,,,,38.967
,,,,38.9911
,,,,38.8698
,,,,2.3648
,,,,2.3936
,,,,2.3946
,,,,2.3931
,,,,2.1149
,,,,0.5703
,,,,2.0988
,,,,2.1029
,,,,2.1033
,,,,39.0699
,,,,38.9775
,,,,39.013
,,,,39.0688
,,,,38.9938
,,,,38.9905
,,,,38.9977
,,,,3.2988
,,,,39.0424
,,,,2.1508
,,,,2.141
,,,,2.1343
,,,,2.1452
,,,,38.946
,,,,38.8822
,,,,38.8573
,,,,38.9265
,,,,2.1688
,,,,0.3633
,,,,2.1795
,,,,38.8794
,,,,38.8597
,,,,2.1464
,,,,38.9351
,,,,2.1572
,,,,38.8715
,,,,0.9098
,,,,0.9215
,,,,0.9295
,,,,0.3869
,,,,0.925
,,,,0.9167
,,,,0.9211
,,,,0.9242
,,,,0.9146
,,,,0.9447
,,,,0.944
,,,,0.9158
,,,,0.9149
,,,,0.9552
,,,,0.3671
,,,,0.9213
,,,,0.9503
,,,,0.9385
,,,,0.9184
,,,,0.9248
,,,,0.9296
,,,,0.9259
,,,,0.9652
,,,,0.9519
,,,,0.9545
,,,,3.2277
,,,,0.3936
,,,,0.9568
,,,,0.9272
,,,,0.9301
,,,,0.9221
,,,,0.9176
,,,,0.9129
,,,,0.9229
,,,,0.9118
,,,,0.9256
,,,,2.3789
,,,,2.0358
,,,,2.3992
,,,,2.3889
,,,,2.3942
,,,,2.1108
,,,,2.0982
,,,,2.1022
,,,,2.1175
,,,,2.3791
,,,,2.4023
,,,,2.1159
,,,,2.0393
,,,,2.1033
,,,,2.4085
,,,,2.0916
,,,,2.3944
,,,,2.0878
,,,,2.1464
,,,,2.1411
,,,,2.1609
,,,,2.1395
,,,,2.1595
,,,,2.0826
,,,,2.1393
,,,,2.1371
,,,,2.1478
,,,,2.1559
,,,,2.1691
,,,,2.1594
,,,,2.1604
,,,,2.1585
,,,,2.156
,,,,2.1505
,,,,2.0865
,,,,2.1563
,,,,37.797
,,,,37.8179
,,,,37.8259
,,,,37.8316
,,,,37.7633
,,,,37.7763
,,,,37.8252
,,,,37.849
,,,,37.6792
,,,,0.5281
,,,,37.6059
,,,,37.7028
,,,,37.6824
,,,,37.6974
,,,,37.6825
,,,,37.6331
,,,,37.7296
,,,,39.03
,,,,38.9766
,,,,39.0207
,,,,0.5743
,,,,38.9492
,,,,38.9368
,,,,38.8869
,,,,38.9881
,,,,38.8917
,,,,39.0341
,,,,39.0384
,,,,38.8457
,,,,38.8835
,,,,38.9837
,,,,3.237
,,,,38.8701
,,,,39.0079
,,,,38.8176
,,,,37.7721
,,,,37.8129
,,,,37.7809
,,,,37.8359
,,,,37.8106
,,,,37.8101
,,,,37.8248
,,,,3.2631
,,,,37.8413
,,,,39.0678
,,,,38.9627
,,,,39.017
,,,,39.085
,,,,38.9759
,,,,39.0166
,,,,39.0334
,,,,38.9854
,,,,37.5822
,,,,0.3707
,,,,37.5621
,,,,37.6527
,,,,37.5558
,,,,38.8726
,,,,38.8634
,,,,38.8813
,,,,38.8176
,,,,37.7236
,,,,37.7024
,,,,38.9345
,,,,0.5778
,,,,2.0217
,,,,39.0244
,,,,37.6527
,,,,38.9317
,,,,37.6528
,,,,38.8811
,,,,0.9094
,,,,0.9298
,,,,0.9147
,,,,0.9189
,,,,0.9478
,,,,0.3875
,,,,0.9178
,,,,0.9552
,,,,0.9215
,,,,0.9117
,,,,0.9244
,,,,0.9439
,,,,0.9486
,,,,0.9212
,,,,0.9184
,,,,0.9196
,,,,2.077
,,,,0.9279
,,,,37.8377
,,,,37.7474
,,,,37.7611
,,,,37.821
,,,,37.8136
,,,,37.7686
,,,,37.802
,,,,37.7478
,,,,37.6505
,,,,0.5212
,,,,37.6997
,,,,37.6434
,,,,37.6069
,,,,37.654
,,,,37.722
,,,,37.5939
,,,,37.656
,,,,0.926
,,,,0.9292
,,,,0.9278
,,,,0.5757
,,,,0.9169
,,,,0.9502
,,,,0.9247
,,,,0.9544
,,,,0.9338
,,,,37.8012
,,,,37.8393
,,,,37.5901
,,,,37.6323
,,,,37.8014
,,,,0.3705
,,,,37.661
,,,,37.8368
,,,,37.7435
,,,,0.9254
,,,,0.9257
,,,,0.93
,,,,0.9181
,,,,37.827
,,,,37.7877
,,,,37.8338
,,,,0.3859
,,,,37.8285
,,,,0.9548
,,,,0.9619
,,,,37.6229
,,,,37.601
,,,,0.9158
,,,,37.632
,,,,0.9234
,,,,37.7172
,,,,2.3785
,,,,3.2354
,,,,2.3746
,,,,2.0939
,,,,2.088
,,,,2.1384
,,,,2.1548
,,,,2.1506
,,,,2.1593
,,,,2.3697
,,,,2.4045
,,,,2.1592
,,,,2.0282
,,,,2.1513
,,,,2.119
,,,,2.1719
,,,,2.1022
,,,,2.1644
,,,,2.3876
,,,,2.3977
,,,,2.102
,,,,2.1179
,,,,2.4068
,,,,3.2768
,,,,2.102
,,,,2.4088
,,,,2.1051
,,,,2.1446
,,,,2.1332
,,,,2.1485
,,,,2.1564
,,,,2.1706
,,,,2.1719
,,,,2.1602
,,,,3.2881
,,,,2.0691
,,,,2.1547
,,,,39.0336
,,,,39.0286
,,,,39.0416
,,,,39.0174
,,,,38.9232
,,,,38.9007
,,,,38.9106
,,,,38.8986
,,,,38.9802
,,,,0.5128
,,,,38.949
,,,,38.9339
,,,,38.8631
,,,,39.0639
,,,,38.9232
,,,,39.0128
,,,,38.8527
,,,,39.0191
,,,,38.9813
,,,,39.0084
,,,,0.5827
,,,,38.9584
,,,,38.9998
,,,,39.0116
,,,,39.0009
,,,,39.0261
,,,,38.916
,,,,38.8089
,,,,38.8875
,,,,38.8233
,,,,38.9308
,,,,3.2066
,,,,38.8723
,,,,38.9673
,,,,38.8024
,,,,0.9096
,,,,0.9146
,,,,0.9473
,,,,0.9175
,,,,0.9089
,,,,0.9425
,,,,0.9145
,,,,3.3135
,,,,0.917
,,,,37.7879
,,,,37.7323
,,,,37.7692
,,,,37.7288
,,,,37.6364
,,,,37.5656
,,,,37.6421
,,,,37.6686
,,,,2.3672
,,,,0.5174
,,,,2.094
,,,,2.1359
,,,,2.1553
,,,,38.94
,,,,38.9345
,,,,39.0284
,,,,38.8258
,,,,2.3807
,,,,2.1176
,,,,39.0131
,,,,3.2008
,,,,38.9276
,,,,2.1499
,,,,38.8694
,,,,2.1619
,,,,38.8427
,,,,0.9321
,,,,0.9139
,,,,0.9588
,,,,0.9206
,,,,0.9246
,,,,0.5803
,,,,0.9484
,,,,0.9129
,,,,0.9204
,,,,2.3738
,,,,2.1014
,,,,2.4064
,,,,2.0997
,,,,2.1571
,,,,2.1453
,,,,2.1727
,,,,3.2846
,,,,2.1552
,,,,37.7456
,,,,37.8185
,,,,37.701
,,,,37.6257
,,,,38.9337
,,,,38.9563
,,,,38.9634
,,,,38.9308
,,,,37.8014
,,,,0.3676
,,,,37.7801
,,,,39.0409
,,,,38.973
,,,,37.6134
,,,,38.9268
,,,,37.6443
,,,,38.9
,,,,0.9213
,,,,0.9273
,,,,0.9428
,,,,0.366
,,,,0.3917
,,,,0.9166
,,,,0.9193
,,,,0.954
,,,,0.9298
,,,,0.9207
,,,,37.82
,,,,37.7616
,,,,37.771
,,,,37.8238
,,,,37.6491
,,,,0.3677
,,,,37.5861
,,,,37.6032
,,,,37.6509
,,,,0.928
,,,,0.9159
,,,,0.9542
,,,,0.9331
,,,,37.8427
,,,,37.6059
,,,,37.8364
,,,,0.397
,,,,37.6677
,,,,0.9211
,,,,0.9121
,,,,37.7617
,,,,37.8026
,,,,0.9607
,,,,37.6081
,,,,0.9237
,,,,37.7186
,,,,2.3983
,,,,2.0407
,,,,2.1063
,,,,2.1454
,,,,2.1655
,,,,2.3921
,,,,2.1361
,,,,2.092
,,,,2.1693
,,,,2.3917
,,,,2.1163
,,,,2.3957
,,,,2.0407
,,,,2.0975
,,,,2.1343
,,,,2.147
,,,,2.1593
,,,,2.1675
,,,,39.0283
,,,,39.0686
,,,,38.9026
,,,,38.8806
,,,,38.9832
,,,,2.0726
,,,,38.789
,,,,39.0091
,,,,38.8632
,,,,39.0255
,,,,39.0524
,,,,38.9433
,,,,39.0218
,,,,38.8823
,,,,38.8631
,,,,38.8429
,,,,2.072
,,,,38.8241
,,,,0.5022
,,,,3.239
,,,,0.3621
,,,,0.3849
,,,,2.0268
,,,,0.5164
,,,,0.3606
,,,,3.2492
,,,,2.035
,,,,0.5288
,,,,3.2012
,,,,0.5279
,,,,3.2222
,,,,0.3676
,,,,0.3538
,,,,0.3564
,,,,2.0232
,,,,2.0435
,,,,0.5201
,,,,3.2517
,,,,0.3596
,,,,2.0214
,,,,0.52
,,,,0.3696
,,,,3.2324
,,,,0.3825
,,,,2.0156
,,,,0.5302
,,,,3.2374
,,,,0.5147
,,,,3.2042
,,,,0.3633
,,,,0.366
,,,,2.0367
,,,,2.0396
,,,,0.5683
,,,,2.0236
,,,,3.2862
,,,,0.383
,,,,2.0875
,,,,0.5679
,,,,0.3854
,,,,3.2838
,,,,2.0589
,,,,0.5672
,,,,3.2556
,,,,0.5738
,,,,3.2193
,,,,2.0396
,,,,3.2754
,,,,0.3898
,,,,0.4006
,,,,2.0636
,,,,2.0869
,,,,0.5813
,,,,3.2768
,,,,0.3851
,,,,2.0854
,,,,0.5745
,,,,2.0881
,,,,0.3919
,,,,3.2605
,,,,2.0748
,,,,0.5776
,,,,3.2852
,,,,0.5841
,,,,3.3196
,,,,0.3815
,,,,0.3908
,,,,2.0868
,,,,2.0874
,,,,2.0751
,,,,0.5076
,,,,3.2291
,,,,0.3671
,,,,2.0378
,,,,0.5148
,,,,0.3635
,,,,3.2391
,,,,2.0308
,,,,0.5268
,,,,0.5187
,,,,3.2095
,,,,0.525
,,,,3.2267
,,,,0.369
,,,,0.3625
,,,,2.0279
,,,,2.0251
,,,,0.5696
,,,,3.2654
,,,,0.3881
,,,,0.5667
,,,,2.07
,,,,0.5794
,,,,0.3825
,,,,3.2714
,,,,2.0794
,,,,0.5668
,,,,3.2814
,,,,0.577
,,,,3.2689
,,,,0.3885
,,,,3.2386
,,,,0.3837
,,,,2.0754
,,,,2.0608
,,,,0.5172
,,,,3.2385
,,,,0.3652
,,,,2.031
,,,,0.5297
,,,,0.3676
,,,,3.2472
,,,,3.2672
,,,,2.0393
,,,,0.5691
,,,,3.3024
,,,,0.5719
,,,,3.2875
,,,,0.3874
,,,,0.3905
,,,,2.0814
,,,,2.0872
,,,,0.5217
,,,,0.3605
,,,,3.2398
,,,,0.3701
,,,,2.0289
,,,,0.5741
,,,,0.3877
,,,,3.2801
,,,,2.0721
,,,,0.5158
,,,,3.199
,,,,0.5811
,,,,2.0194
,,,,3.2809
,,,,0.3659
,,,,0.3944
,,,,2.037
,,,,2.0744
,,,,0.5024
,,,,0.3651
,,,,0.5178
,,,,0.3601
,,,,0.5294
,,,,0.3884
,,,,0.5288
,,,,0.3671
,,,,0.3589
,,,,0.5196
,,,,0.3536
,,,,0.5222
,,,,0.3696
,,,,0.5293
,,,,0.5128
,,,,0.3642
,,,,3.2811
,,,,2.0613
,,,,0.3675
,,,,0.5042
,,,,0.3664
,,,,0.5149
,,,,0.3631
,,,,0.5159
,,,,0.5275
,,,,0.3614
,,,,0.3658
,,,,0.5255
,,,,0.521
,,,,0.3683
,,,,0.5236
,,,,0.3728
,,,,0.5265
,,,,0.5186
,,,,0.3639
,,,,0.3689
,,,,3.2373
,,,,2.0258
,,,,3.2529
,,,,0.5753
,,,,2.0361
,,,,3.2051
,,,,3.2279
,,,,2.0244
,,,,2.0426
,,,,3.2226
,,,,2.0293
,,,,3.2085
,,,,2.0266
,,,,3.2374
,,,,0.3705
,,,,3.2267
,,,,2.0312
,,,,2.0204
,,,,3.2379
,,,,2.0185
,,,,3.2377
,,,,2.0315
,,,,3.239
,,,,3.2389
,,,,2.03
,,,,0.3898
,,,,2.0347
,,,,3.2349
,,,,2.0157
,,,,3.2344
,,,,2.0223
,,,,3.2064
,,,,3.2042
,,,,2.0332
,,,,2.0455
,,,,0.5764
,,,,3.2473
,,,,0.3853
,,,,0.5666
,,,,0.3879
,,,,0.5852
,,,,0.5759
,,,,0.3831
,,,,0.3835
,,,,0.5683
,,,,0.387
,,,,0.5742
,,,,2.0158
,,,,0.3898
,,,,0.5721
,,,,0.5809
,,,,0.4003
,,,,0.3918
,,,,3.2849
,,,,2.0846
,,,,3.2865
,,,,2.0634
,,,,3.2684
,,,,3.2628
,,,,3.2751
,,,,2.0651
,,,,2.0857
,,,,3.2784
,,,,2.0882
,,,,3.2566
,,,,2.0746
,,,,3.2817
,,,,3.311
,,,,2.0856
,,,,2.0728
,,,,2.0713
,,,,0.5681
,,,,0.3828
,,,,0.5663
,,,,0.3936
,,,,0.5765
,,,,0.5795
,,,,0.3827
,,,,0.3826
,,,,3.2605
,,,,0.5291
,,,,2.0665
,,,,3.2671
,,,,2.0809
,,,,3.2809
,,,,3.2692
,,,,2.076
,,,,2.0569
,,,,0.5693
,,,,0.3881
,,,,0.5681
,,,,0.3658
,,,,0.5738
,,,,0.3903
,,,,3.2995
,,,,3.2903
,,,,2.0846
,,,,2.0894
,,,,0.575
,,,,0.387
,,,,3.2929
,,,,2.0704
,,,,0.5809
,,,,3.2412
,,,,3.2801
,,,,0.3979
,,,,2.0746
,,,,0.433
,,,,0.4367
,,,,6.5363
,,,,6.5283
,,,,0.5177
,,,,5.8394
,,,,0.5166
,,,,3.2793
,,,,5.8444
,,,,0.4493
,,,,0.4455
,,,,0.5102
,,,,0.5111
,,,,6.5398
,,,,5.8379
,,,,6.5287
,,,,5.8457
,,,,0.4609
,,,,0.5141
,,,,0.4544
,,,,6.4994
,,,,6.5141
,,,,0.4542
,,,,6.5251
,,,,0.452
,,,,6.5272
,,,,0.5163
,,,,0.5231
,,,,0.5136
,,,,3.2064
,,,,0.5093
,,,,5.8158
,,,,5.8492
,,,,5.84
,,,,5.8309
,,,,0.4533
,,,,0.4455
,,,,6.5344
,,,,6.5278
,,,,0.5056
,,,,0.584
,,,,5.8293
,,,,0.5132
,,,,5.8412
,,,,0.4477
,,,,0.4527
,,,,0.5172
,,,,0.5127
,,,,6.5211
,,,,5.8248
,,,,6.5253
,,,,3.3166
,,,,5.8326
,,,,0.4608
,,,,0.4545
,,,,6.5319
,,,,6.5165
,,,,0.4443
,,,,6.5068
,,,,0.4429
,,,,6.4936
,,,,0.5103
,,,,0.3644
,,,,0.5192
,,,,0.5135
,,,,0.5208
,,,,5.8303
,,,,5.8318
,,,,5.835
,,,,5.832
,,,,0.4638
,,,,0.4646
,,,,6.5287
,,,,0.3943
,,,,6.5151
,,,,0.5372
,,,,5.8605
,,,,0.5393
,,,,5.8559
,,,,0.4617
,,,,0.4629
,,,,0.5405
,,,,0.5439
,,,,6.5273
,,,,0.3653
,,,,5.8266
,,,,6.5278
,,,,5.8503
,,,,0.4646
,,,,0.4665
,,,,6.5077
,,,,6.5348
,,,,0.4681
,,,,6.5153
,,,,0.4664
,,,,2.0237
,,,,0.3887
,,,,6.5414
,,,,0.5281
,,,,0.5248
,,,,0.5357
,,,,0.5288
,,,,5.8334
,,,,5.8527
,,,,5.8521
,,,,5.854
,,,,0.475
,,,,2.0325
,,,,0.4714
,,,,6.5312
,,,,6.5208
,,,,0.5341
,,,,5.8683
,,,,0.5399
,,,,5.8528
,,,,0.4753
,,,,0.4754
,,,,0.5306
,,,,2.0378
,,,,0.5263
,,,,6.5172
,,,,5.8542
,,,,6.5162
,,,,5.8416
,,,,0.4728
,,,,0.4743
,,,,6.5215
,,,,6.5083
,,,,0.4785
,,,,2.0802
,,,,6.548
,,,,0.4775
,,,,6.5241
,,,,0.5388
,,,,0.5368
,,,,0.526
,,,,0.5303
,,,,5.8593
,,,,5.8465
,,,,5.8378
,,,,2.0723
,,,,5.8466
,,,,0.4308
,,,,0.4351
,,,,6.5264
,,,,6.5168
,,,,0.5157
,,,,5.822
,,,,0.5115
,,,,5.8343
,,,,0.4455
,,,,0.5057
,,,,0.4435
,,,,0.5081
,,,,0.5071
,,,,6.5306
,,,,5.8277
,,,,6.514
,,,,5.8434
,,,,0.462
,,,,0.4525
,,,,6.5006
,,,,0.569
,,,,6.5101
,,,,0.4521
,,,,6.5121
,,,,0.4498
,,,,6.5145
,,,,0.5204
,,,,0.524
,,,,0.5164
,,,,0.5131
,,,,5.8257
,,,,3.2294
,,,,5.8422
,,,,5.8244
,,,,5.8173
,,,,0.4628
,,,,0.4652
,,,,6.5295
,,,,6.5252
,,,,0.5372
,,,,5.8699
,,,,0.5408
,,,,3.2663
,,,,5.8519
,,,,0.4761
,,,,0.4719
,,,,0.534
,,,,0.5386
,,,,6.5264
,,,,5.8621
,,,,6.5215
,,,,5.8673
,,,,0.4646
,,,,0.3634
,,,,0.4663
,,,,6.5372
,,,,6.5447
,,,,0.4717
,,,,6.5178
,,,,0.4732
,,,,6.5046
,,,,0.5434
,,,,0.5452
,,,,0.5382
,,,,0.3857
,,,,2.0368
,,,,0.5387
,,,,5.8404
,,,,5.8719
,,,,5.8622
,,,,5.845
,,,,0.4483
,,,,0.4453
,,,,6.5272
,,,,6.5374
,,,,0.509
,,,,0.3875
,,,,5.8309
,,,,0.5197
,,,,5.8353
,,,,0.4593
,,,,0.4556
,,,,0.5156
,,,,0.5195
,,,,6.5407
,,,,5.8387
,,,,6.5338
,,,,2.0703
,,,,5.8457
,,,,0.4653
,,,,0.4684
,,,,6.5162
,,,,6.5491
,,,,0.4692
,,,,6.5345
,,,,0.4664
,,,,6.5502
,,,,0.5283
,,,,0.5171
,,,,0.5266
,,,,0.5355
,,,,0.5313
,,,,5.8419
,,,,5.8644
,,,,5.8671
,,,,5.8631
,,,,0.4484
,,,,0.4498
,,,,6.5243
,,,,0.5679
,,,,6.5204
,,,,0.5155
,,,,5.8231
,,,,0.518
,,,,5.8275
,,,,0.4747
,,,,0.4756
,,,,0.5284
,,,,0.525
,,,,6.5196
,,,,0.362
,,,,5.8589
,,,,6.5327
,,,,5.8511
,,,,0.448
,,,,0.445
,,,,6.5171
,,,,6.5054
,,,,0.4787
,,,,6.5596
,,,,0.4772
,,,,0.3941
,,,,6.5384
,,,,0.5192
,,,,0.5229
,,,,0.5282
,,,,0.5321
,,,,5.8407
,,,,5.8484
,,,,5.8453
,,,,5.8586
,,,,0.4329
,,,,3.2403
,,,,6.5217
,,,,0.5151
,,,,5.837
,,,,0.4479
,,,,0.5068
,,,,6.5378
,,,,5.8393
,,,,0.4604
,,,,6.4975
,,,,0.4532
,,,,2.0364
,,,,6.5214
,,,,0.5189
,,,,0.5145
,,,,5.8267
,,,,5.8502
,,,,0.4523
,,,,6.5245
,,,,0.5061
,,,,5.8223
,,,,0.4501
,,,,3.2897
,,,,0.5173
,,,,6.5274
,,,,5.8256
,,,,0.4581
,,,,6.529
,,,,0.4439
,,,,6.5071
,,,,0.5116
,,,,0.5202
,,,,5.8296
,,,,2.0794
,,,,2.0737
,,,,5.8308
,,,,0.4343
,,,,6.5157
,,,,0.5091
,,,,5.8314
,,,,0.4475
,,,,0.5128
,,,,6.5163
,,,,5.8331
,,,,0.4434
,,,,0.5194
,,,,6.5221
,,,,0.4541
,,,,6.5193
,,,,0.5155
,,,,0.5177
,,,,5.8223
,,,,5.8469
,,,,0.4546
,,,,6.5121
,,,,0.523
,,,,0.5695
,,,,5.8228
,,,,0.4482
,,,,0.5172
,,,,6.5171
,,,,5.8308
,,,,0.4547
,,,,6.5344
,,,,0.443
,,,,6.5038
,,,,0.5127
,,,,3.2471
,,,,0.5213
,,,,5.8299
,,,,5.8494
,,,,0.4629
,,,,6.5427
,,,,0.5378
,,,,5.8747
,,,,0.4633
,,,,0.5398
,,,,6.5364
,,,,3.3033
,,,,5.8405
,,,,0.4766
,,,,6.5404
,,,,0.4735
,,,,6.5317
,,,,0.5371
,,,,0.5385
,,,,5.8713
,,,,5.8711
,,,,0.4645
,,,,0.5298
,,,,6.528
,,,,0.5379
,,,,5.8596
,,,,0.4733
,,,,0.5401
,,,,6.5194
,,,,5.854
,,,,0.4638
,,,,6.531
,,,,0.4762
,,,,3.2411
,,,,6.5067
,,,,0.5435
,,,,0.5363
,,,,5.8467
,,,,5.8433
,,,,0.4634
,,,,6.5143
,,,,0.5275
,,,,5.8451
,,,,0.4674
,,,,0.573
,,,,0.5358
,,,,6.5299
,,,,5.8689
,,,,0.4676
,,,,6.538
,,,,0.4679
,,,,6.5519
,,,,0.526
,,,,0.5314
,,,,5.8643
,,,,3.2979
,,,,5.8584
,,,,0.4768
,,,,6.5025
,,,,0.5278
,,,,5.8563
,,,,0.4733
,,,,0.5263
,,,,6.5274
,,,,5.8526
,,,,0.479
,,,,0.3617
,,,,6.5552
,,,,0.478
,,,,6.5336
,,,,0.5271
,,,,0.5325
,,,,5.8613
,,,,5.8612
,,,,0.4324
,,,,0.5155
,,,,0.4492
,,,,0.5185
,,,,0.3892
,,,,0.5075
,,,,0.4603
,,,,0.4532
,,,,0.5204
,,,,0.5141
,,,,0.4505
,,,,0.5077
,,,,0.4513
,,,,0.5149
,,,,0.457
,,,,0.3676
,,,,0.4392
,,,,0.5123
,,,,0.5151
,,,,0.4644
,,,,0.5359
,,,,0.4619
,,,,0.5416
,,,,0.4659
,,,,0.4683
,,,,0.5254
,,,,0.3834
,,,,0.5356
,,,,0.4757
,,,,0.5322
,,,,0.4746
,,,,0.525
,,,,0.4718
,,,,0.477
,,,,0.539
,,,,0.5275
,,,,6.525
,,,,2.0318
,,,,5.8237
,,,,6.5263
,,,,5.8326
,,,,6.4875
,,,,6.5138
,,,,5.813
,,,,5.8435
,,,,6.5464
,,,,5.8705
,,,,6.533
,,,,2.0343
,,,,5.8659
,,,,6.5384
,,,,6.5504
,,,,5.8516
,,,,5.8602
,,,,6.523
,,,,5.8161
,,,,6.5248
,,,,5.8404
,,,,6.514
,,,,2.087
,,,,6.5289
,,,,5.8407
,,,,5.8643
,,,,6.526
,,,,5.8252
,,,,6.5168
,,,,5.8491
,,,,6.5049
,,,,6.5524
,,,,5.8315
,,,,2.0851
,,,,5.8403
,,,,0.4352
,,,,0.5135
,,,,0.4457
,,,,0.5041
,,,,0.4522
,,,,0.4485
,,,,0.5215
,,,,0.5113
,,,,0.444
,,,,0.5249
,,,,0.5144
,,,,0.4481
,,,,0.5181
,,,,0.4534
,,,,0.4428
,,,,0.5198
,,,,0.5174
,,,,6.5161
,,,,5.8306
,,,,6.516
,,,,0.5773
,,,,5.8353
,,,,6.5364
,,,,6.5342
,,,,5.8314
,,,,5.8333
,,,,6.5015
,,,,5.8231
,,,,6.5152
,,,,5.8173
,,,,6.5174
,,,,3.21
,,,,6.4945
,,,,5.817
,,,,5.8321
,,,,0.4642
,,,,0.5384
,,,,0.464
,,,,0.5416
,,,,0.4732
,,,,0.4785
,,,,0.54
