hw_cpu_arch,hw_cpu_mhz,hw_num_cpus,hw_page_sz,hw_ram_sz,check,preset,extreme,sparse,PERF
i686,1495,1,4096,773036,none,PRESET0,1,1,132.672
i686,1495,1,4096,773036,none,PRESET0,1,0,132.242
i686,1495,1,4096,773036,none,PRESET2,0,1,34.33
i686,1495,1,4096,773036,crc64,PRESET5,1,1,167.91
i686,1495,1,4096,773036,crc64,PRESET5,1,0,169.40
i686,1495,1,4096,773036,crc64,PRESET5,0,1,72.008
i686,1495,1,4096,773036,crc64,PRESET5,0,0,71.824
i686,1495,1,4096,773036,crc64,PRESET6,1,1,186.106
i686,1495,1,4096,773036,crc64,PRESET6,1,0,185.826
i686,1495,1,4096,773036,crc64,PRESET6,0,1,90.722
i686,1495,1,4096,773036,crc64,PRESET6,0,0,90.248
i686,1495,1,4096,773036,crc64,PRESET7,1,1,193.356
i686,1495,1,4096,773036,crc64,PRESET7,1,0,193.678
i686,1495,1,4096,773036,none,PRESET2,0,0,34.472
i686,1495,1,4096,773036,crc64,PRESET7,0,1,92.81
i686,1495,1,4096,773036,crc64,PRESET7,0,0,93.564
i686,1495,1,4096,773036,crc64,PRESET8,1,1,195.126
i686,1495,1,4096,773036,crc64,PRESET8,1,0,196.172
i686,1495,1,4096,773036,crc64,PRESET8,0,1,94.87
i686,1495,1,4096,773036,crc64,PRESET8,0,0,94.768
i686,1495,1,4096,773036,crc64,PRESET9,1,1,198.328
i686,1495,1,4096,773036,crc64,PRESET9,1,0,197.562
i686,1495,1,4096,773036,crc64,PRESET9,0,1,96.684
i686,1495,1,4096,773036,crc64,PRESET9,0,0,98.624
i686,1495,1,4096,773036,none,PRESET3,1,1,160.188
i686,1495,1,4096,773036,sha256,PRESET0,1,1,134.414
i686,1495,1,4096,773036,sha256,PRESET0,1,0,134.716
i686,1495,1,4096,773036,sha256,PRESET0,0,1,22.298
i686,1495,1,4096,773036,sha256,PRESET0,0,0,23.032
i686,1495,1,4096,773036,sha256,PRESET1,1,1,154.442
i686,1495,1,4096,773036,sha256,PRESET1,1,0,154.368
i686,1495,1,4096,773036,sha256,PRESET1,0,1,28.18
i686,1495,1,4096,773036,sha256,PRESET1,0,0,28.344
i686,1495,1,4096,773036,sha256,PRESET2,1,1,164.288
i686,1495,1,4096,773036,sha256,PRESET2,1,0,164.136
i686,1495,1,4096,773036,none,PRESET3,1,0,160.168
i686,1495,1,4096,773036,sha256,PRESET2,0,1,36.314
i686,1495,1,4096,773036,sha256,PRESET2,0,0,36.318
i686,1495,1,4096,773036,sha256,PRESET3,1,1,161.786
i686,1495,1,4096,773036,sha256,PRESET3,1,0,161.778
i686,1495,1,4096,773036,sha256,PRESET3,0,1,47.596
i686,1495,1,4096,773036,sha256,PRESET3,0,0,47.446
i686,1495,1,4096,773036,sha256,PRESET4,1,1,174.798
i686,1495,1,4096,773036,sha256,PRESET4,1,0,174.274
i686,1495,1,4096,773036,sha256,PRESET4,0,1,59.674
i686,1495,1,4096,773036,sha256,PRESET4,0,0,59.924
i686,1495,1,4096,773036,none,PRESET3,0,1,45.764
i686,1495,1,4096,773036,sha256,PRESET5,1,1,169.756
i686,1495,1,4096,773036,sha256,PRESET5,1,0,169.356
i686,1495,1,4096,773036,sha256,PRESET5,0,1,73.602
i686,1495,1,4096,773036,sha256,PRESET5,0,0,73.942
i686,1495,1,4096,773036,sha256,PRESET6,1,1,187.596
i686,1495,1,4096,773036,sha256,PRESET6,1,0,187.702
i686,1495,1,4096,773036,sha256,PRESET6,0,1,93.452
i686,1495,1,4096,773036,sha256,PRESET6,0,0,93.456
i686,1495,1,4096,773036,sha256,PRESET7,1,1,196.05
i686,1495,1,4096,773036,sha256,PRESET7,1,0,195.62
i686,1495,1,4096,773036,none,PRESET3,0,0,45.816
i686,1495,1,4096,773036,sha256,PRESET7,0,1,94.492
i686,1495,1,4096,773036,sha256,PRESET7,0,0,95.348
i686,1495,1,4096,773036,sha256,PRESET8,1,1,199.606
i686,1495,1,4096,773036,sha256,PRESET8,1,0,198.808
i686,1495,1,4096,773036,sha256,PRESET8,0,1,96.444
i686,1495,1,4096,773036,sha256,PRESET8,0,0,96.488
i686,1495,1,4096,773036,sha256,PRESET9,1,1,198.666
i686,1495,1,4096,773036,sha256,PRESET9,1,0,199.29
i686,1495,1,4096,773036,sha256,PRESET9,0,1,97.986
i686,1495,1,4096,773036,sha256,PRESET9,0,0,97.984
i686,1495,1,4096,773036,none,PRESET4,1,1,173.994
i686,1495,1,4096,773036,none,PRESET4,1,0,172.83
i686,1495,1,4096,773036,none,PRESET4,0,1,58.25
i686,1495,1,4096,773036,none,PRESET4,0,0,59.724
i686,1495,1,4096,773036,none,PRESET0,0,1,22.796
i686,1495,1,4096,773036,none,PRESET5,1,1,168.25
i686,1495,1,4096,773036,none,PRESET5,1,0,168.884
i686,1495,1,4096,773036,none,PRESET5,0,1,72.156
i686,1495,1,4096,773036,none,PRESET5,0,0,72.17
i686,1495,1,4096,773036,none,PRESET6,1,1,186.518
i686,1495,1,4096,773036,none,PRESET6,1,0,186.55
i686,1495,1,4096,773036,none,PRESET6,0,1,90.474
i686,1495,1,4096,773036,none,PRESET6,0,0,91.196
i686,1495,1,4096,773036,none,PRESET7,1,1,194.212
i686,1495,1,4096,773036,none,PRESET7,1,0,194.248
i686,1495,1,4096,773036,none,PRESET0,0,0,20.47
i686,1495,1,4096,773036,none,PRESET7,0,1,92.932
i686,1495,1,4096,773036,none,PRESET7,0,0,93.062
i686,1495,1,4096,773036,none,PRESET8,1,1,195.52
i686,1495,1,4096,773036,none,PRESET8,1,0,195.62
i686,1495,1,4096,773036,none,PRESET8,0,1,94.858
i686,1495,1,4096,773036,none,PRESET8,0,0,94.606
i686,1495,1,4096,773036,none,PRESET9,1,1,197.206
i686,1495,1,4096,773036,none,PRESET9,1,0,197.52
i686,1495,1,4096,773036,none,PRESET9,0,1,96.586
i686,1495,1,4096,773036,none,PRESET9,0,0,97.476
i686,1495,1,4096,773036,none,PRESET1,1,1,156.612
i686,1495,1,4096,773036,crc32,PRESET0,1,1,133.096
i686,1495,1,4096,773036,crc32,PRESET0,1,0,134.086
i686,1495,1,4096,773036,crc32,PRESET0,0,1,20.95
i686,1495,1,4096,773036,crc32,PRESET0,0,0,21.832
i686,1495,1,4096,773036,crc32,PRESET1,1,1,153.032
i686,1495,1,4096,773036,crc32,PRESET1,1,0,153.522
i686,1495,1,4096,773036,crc32,PRESET1,0,1,26.48
i686,1495,1,4096,773036,crc32,PRESET1,0,0,26.614
i686,1495,1,4096,773036,crc32,PRESET2,1,1,172.272
i686,1495,1,4096,773036,crc32,PRESET2,1,0,162.438
i686,1495,1,4096,773036,none,PRESET1,1,0,152.502
i686,1495,1,4096,773036,crc32,PRESET2,0,1,34.834
i686,1495,1,4096,773036,crc32,PRESET2,0,0,34.89
i686,1495,1,4096,773036,crc32,PRESET3,1,1,160.758
i686,1495,1,4096,773036,crc32,PRESET3,1,0,165.26
i686,1495,1,4096,773036,crc32,PRESET3,0,1,46.366
i686,1495,1,4096,773036,crc32,PRESET3,0,0,46.084
i686,1495,1,4096,773036,crc32,PRESET4,1,1,173.994
i686,1495,1,4096,773036,crc32,PRESET4,1,0,173.20
i686,1495,1,4096,773036,crc32,PRESET4,0,1,58.558
i686,1495,1,4096,773036,crc32,PRESET4,0,0,59.692
i686,1495,1,4096,773036,none,PRESET1,0,1,26.384
i686,1495,1,4096,773036,crc32,PRESET5,1,1,169.71
i686,1495,1,4096,773036,crc32,PRESET5,1,0,168.178
i686,1495,1,4096,773036,crc32,PRESET5,0,1,72.126
i686,1495,1,4096,773036,crc32,PRESET5,0,0,72.052
i686,1495,1,4096,773036,crc32,PRESET6,1,1,186.498
i686,1495,1,4096,773036,crc32,PRESET6,1,0,186.378
i686,1495,1,4096,773036,crc32,PRESET6,0,1,90.60
i686,1495,1,4096,773036,crc32,PRESET6,0,0,90.796
i686,1495,1,4096,773036,crc32,PRESET7,1,1,198.076
i686,1495,1,4096,773036,crc32,PRESET7,1,0,194.038
i686,1495,1,4096,773036,none,PRESET1,0,0,26.338
i686,1495,1,4096,773036,crc32,PRESET7,0,1,93.668
i686,1495,1,4096,773036,crc32,PRESET7,0,0,94.30
i686,1495,1,4096,773036,crc32,PRESET8,1,1,196.228
i686,1495,1,4096,773036,crc32,PRESET8,1,0,196.388
i686,1495,1,4096,773036,crc32,PRESET8,0,1,95.32
i686,1495,1,4096,773036,crc32,PRESET8,0,0,95.918
i686,1495,1,4096,773036,crc32,PRESET9,1,1,198.36
i686,1495,1,4096,773036,crc32,PRESET9,1,0,197.662
i686,1495,1,4096,773036,crc32,PRESET9,0,1,96.27
i686,1495,1,4096,773036,crc32,PRESET9,0,0,95.986
i686,1495,1,4096,773036,none,PRESET2,1,1,162.986
i686,1495,1,4096,773036,crc64,PRESET0,1,1,133.834
i686,1495,1,4096,773036,crc64,PRESET0,1,0,132.82
i686,1495,1,4096,773036,crc64,PRESET0,0,1,20.688
i686,1495,1,4096,773036,crc64,PRESET0,0,0,20.756
i686,1495,1,4096,773036,crc64,PRESET1,1,1,153.17
i686,1495,1,4096,773036,crc64,PRESET1,1,0,153.452
i686,1495,1,4096,773036,crc64,PRESET1,0,1,26.952
i686,1495,1,4096,773036,crc64,PRESET1,0,0,26.72
i686,1495,1,4096,773036,crc64,PRESET2,1,1,162.904
i686,1495,1,4096,773036,crc64,PRESET2,1,0,163.38
i686,1495,1,4096,773036,none,PRESET2,1,0,162.676
i686,1495,1,4096,773036,crc64,PRESET2,0,1,35.018
i686,1495,1,4096,773036,crc64,PRESET2,0,0,35.124
i686,1495,1,4096,773036,crc64,PRESET3,1,1,160.90
i686,1495,1,4096,773036,crc64,PRESET3,1,0,160.688
i686,1495,1,4096,773036,crc64,PRESET3,0,1,48.054
i686,1495,1,4096,773036,crc64,PRESET3,0,0,46.402
i686,1495,1,4096,773036,crc64,PRESET4,1,1,174.438
i686,1495,1,4096,773036,crc64,PRESET4,1,0,173.708
i686,1495,1,4096,773036,crc64,PRESET4,0,1,58.774
i686,1495,1,4096,773036,crc64,PRESET4,0,0,58.88
x86_64,2411,16,4096,32965280,none,PRESET0,1,1,42.222
x86_64,2411,16,4096,32965280,none,PRESET0,1,0,42.12
x86_64,2411,16,4096,32965280,none,PRESET2,0,1,8.65
x86_64,2411,16,4096,32965280,crc64,PRESET5,1,1,53.64
x86_64,2411,16,4096,32965280,crc64,PRESET5,1,0,53.736
x86_64,2411,16,4096,32965280,crc64,PRESET5,0,1,22.388
x86_64,2411,16,4096,32965280,crc64,PRESET5,0,0,22.472
x86_64,2411,16,4096,32965280,crc64,PRESET6,1,1,57.546
x86_64,2411,16,4096,32965280,crc64,PRESET6,1,0,57.616
x86_64,2411,16,4096,32965280,crc64,PRESET6,0,1,28.408
x86_64,2411,16,4096,32965280,crc64,PRESET6,0,0,28.496
x86_64,2411,16,4096,32965280,crc64,PRESET7,1,1,58.96
x86_64,2411,16,4096,32965280,crc64,PRESET7,1,0,59.006
x86_64,2411,16,4096,32965280,none,PRESET2,0,0,8.522
x86_64,2411,16,4096,32965280,crc64,PRESET7,0,1,28.894
x86_64,2411,16,4096,32965280,crc64,PRESET7,0,0,28.878
x86_64,2411,16,4096,32965280,crc64,PRESET8,1,1,59.45
x86_64,2411,16,4096,32965280,crc64,PRESET8,1,0,59.442
x86_64,2411,16,4096,32965280,crc64,PRESET8,0,1,29.18
x86_64,2411,16,4096,32965280,crc64,PRESET8,0,0,29.16
x86_64,2411,16,4096,32965280,crc64,PRESET9,1,1,60.044
x86_64,2411,16,4096,32965280,crc64,PRESET9,1,0,59.852
x86_64,2411,16,4096,32965280,crc64,PRESET9,0,1,29.354
x86_64,2411,16,4096,32965280,crc64,PRESET9,0,0,29.368
x86_64,2411,16,4096,32965280,none,PRESET3,1,1,51.568
x86_64,2411,16,4096,32965280,sha256,PRESET0,1,1,42.602
x86_64,2411,16,4096,32965280,sha256,PRESET0,1,0,42.662
x86_64,2411,16,4096,32965280,sha256,PRESET0,0,1,4.966
x86_64,2411,16,4096,32965280,sha256,PRESET0,0,0,4.97
x86_64,2411,16,4096,32965280,sha256,PRESET1,1,1,49.11
x86_64,2411,16,4096,32965280,sha256,PRESET1,1,0,48.99
x86_64,2411,16,4096,32965280,sha256,PRESET1,0,1,6.508
x86_64,2411,16,4096,32965280,sha256,PRESET1,0,0,6.51
x86_64,2411,16,4096,32965280,sha256,PRESET2,1,1,52.752
x86_64,2411,16,4096,32965280,sha256,PRESET2,1,0,52.706
x86_64,2411,16,4096,32965280,none,PRESET3,1,0,50.76
x86_64,2411,16,4096,32965280,sha256,PRESET2,0,1,9.05
x86_64,2411,16,4096,32965280,sha256,PRESET2,0,0,9.07
x86_64,2411,16,4096,32965280,sha256,PRESET3,1,1,52.148
x86_64,2411,16,4096,32965280,sha256,PRESET3,1,0,52.16
x86_64,2411,16,4096,32965280,sha256,PRESET3,0,1,11.666
x86_64,2411,16,4096,32965280,sha256,PRESET3,0,0,11.534
x86_64,2411,16,4096,32965280,sha256,PRESET4,1,1,54.762
x86_64,2411,16,4096,32965280,sha256,PRESET4,1,0,54.852
x86_64,2411,16,4096,32965280,sha256,PRESET4,0,1,17.434
x86_64,2411,16,4096,32965280,sha256,PRESET4,0,0,17.41
x86_64,2411,16,4096,32965280,none,PRESET3,0,1,10.734
x86_64,2411,16,4096,32965280,sha256,PRESET5,1,1,52.752
x86_64,2411,16,4096,32965280,sha256,PRESET5,1,0,52.778
x86_64,2411,16,4096,32965280,sha256,PRESET5,0,1,21.902
x86_64,2411,16,4096,32965280,sha256,PRESET5,0,0,21.906
x86_64,2411,16,4096,32965280,sha256,PRESET6,1,1,56.554
x86_64,2411,16,4096,32965280,sha256,PRESET6,1,0,56.892
x86_64,2411,16,4096,32965280,sha256,PRESET6,0,1,28.02
x86_64,2411,16,4096,32965280,sha256,PRESET6,0,0,28.054
x86_64,2411,16,4096,32965280,sha256,PRESET7,1,1,58.222
x86_64,2411,16,4096,32965280,sha256,PRESET7,1,0,58.104
x86_64,2411,16,4096,32965280,none,PRESET3,0,0,11.036
x86_64,2411,16,4096,32965280,sha256,PRESET7,0,1,28.372
x86_64,2411,16,4096,32965280,sha256,PRESET7,0,0,28.406
x86_64,2411,16,4096,32965280,sha256,PRESET8,1,1,58.526
x86_64,2411,16,4096,32965280,sha256,PRESET8,1,0,58.694
x86_64,2411,16,4096,32965280,sha256,PRESET8,0,1,28.686
x86_64,2411,16,4096,32965280,sha256,PRESET8,0,0,28.672
x86_64,2411,16,4096,32965280,sha256,PRESET9,1,1,59.11
x86_64,2411,16,4096,32965280,sha256,PRESET9,1,0,59.136
x86_64,2411,16,4096,32965280,sha256,PRESET9,0,1,29.506
x86_64,2411,16,4096,32965280,sha256,PRESET9,0,0,29.52
x86_64,2411,16,4096,32965280,none,PRESET4,1,1,54.528
x86_64,2411,16,4096,32965280,none,PRESET4,1,0,54.942
x86_64,2411,16,4096,32965280,none,PRESET4,0,1,17.684
x86_64,2411,16,4096,32965280,none,PRESET4,0,0,17.676
x86_64,2411,16,4096,32965280,none,PRESET0,0,1,4.454
x86_64,2411,16,4096,32965280,none,PRESET5,1,1,53.308
x86_64,2411,16,4096,32965280,none,PRESET5,1,0,53.278
x86_64,2411,16,4096,32965280,none,PRESET5,0,1,22.16
x86_64,2411,16,4096,32965280,none,PRESET5,0,0,21.934
x86_64,2411,16,4096,32965280,none,PRESET6,1,1,56.898
x86_64,2411,16,4096,32965280,none,PRESET6,1,0,56.878
x86_64,2411,16,4096,32965280,none,PRESET6,0,1,27.922
x86_64,2411,16,4096,32965280,none,PRESET6,0,0,27.906
x86_64,2411,16,4096,32965280,none,PRESET7,1,1,58.466
x86_64,2411,16,4096,32965280,none,PRESET7,1,0,58.472
x86_64,2411,16,4096,32965280,none,PRESET0,0,0,4.446
x86_64,2411,16,4096,32965280,none,PRESET7,0,1,28.46
x86_64,2411,16,4096,32965280,none,PRESET7,0,0,28.45
x86_64,2411,16,4096,32965280,none,PRESET8,1,1,58.486
x86_64,2411,16,4096,32965280,none,PRESET8,1,0,58.45
x86_64,2411,16,4096,32965280,none,PRESET8,0,1,28.724
x86_64,2411,16,4096,32965280,none,PRESET8,0,0,28.726
x86_64,2411,16,4096,32965280,none,PRESET9,1,1,59.272
x86_64,2411,16,4096,32965280,none,PRESET9,1,0,59.33
x86_64,2411,16,4096,32965280,none,PRESET9,0,1,29.13
x86_64,2411,16,4096,32965280,none,PRESET9,0,0,29.138
x86_64,2411,16,4096,32965280,none,PRESET1,1,1,48.612
x86_64,2411,16,4096,32965280,crc32,PRESET0,1,1,42.168
x86_64,2411,16,4096,32965280,crc32,PRESET0,1,0,42.186
x86_64,2411,16,4096,32965280,crc32,PRESET0,0,1,4.492
x86_64,2411,16,4096,32965280,crc32,PRESET0,0,0,4.482
x86_64,2411,16,4096,32965280,crc32,PRESET1,1,1,48.628
x86_64,2411,16,4096,32965280,crc32,PRESET1,1,0,48.558
x86_64,2411,16,4096,32965280,crc32,PRESET1,0,1,6.004
x86_64,2411,16,4096,32965280,crc32,PRESET1,0,0,6.006
x86_64,2411,16,4096,32965280,crc32,PRESET2,1,1,52.086
x86_64,2411,16,4096,32965280,crc32,PRESET2,1,0,52.038
x86_64,2411,16,4096,32965280,none,PRESET1,1,0,48.472
x86_64,2411,16,4096,32965280,crc32,PRESET2,0,1,8.494
x86_64,2411,16,4096,32965280,crc32,PRESET2,0,0,8.412
x86_64,2411,16,4096,32965280,crc32,PRESET3,1,1,51.386
x86_64,2411,16,4096,32965280,crc32,PRESET3,1,0,51.276
x86_64,2411,16,4096,32965280,crc32,PRESET3,0,1,11.10
x86_64,2411,16,4096,32965280,crc32,PRESET3,0,0,11.088
x86_64,2411,16,4096,32965280,crc32,PRESET4,1,1,54.67
x86_64,2411,16,4096,32965280,crc32,PRESET4,1,0,54.642
x86_64,2411,16,4096,32965280,crc32,PRESET4,0,1,17.374
x86_64,2411,16,4096,32965280,crc32,PRESET4,0,0,17.366
x86_64,2411,16,4096,32965280,none,PRESET1,0,1,6.006
x86_64,2411,16,4096,32965280,crc32,PRESET5,1,1,53.03
x86_64,2411,16,4096,32965280,crc32,PRESET5,1,0,53.138
x86_64,2411,16,4096,32965280,crc32,PRESET5,0,1,21.904
x86_64,2411,16,4096,32965280,crc32,PRESET5,0,0,22.304
x86_64,2411,16,4096,32965280,crc32,PRESET6,1,1,57.484
x86_64,2411,16,4096,32965280,crc32,PRESET6,1,0,57.382
x86_64,2411,16,4096,32965280,crc32,PRESET6,0,1,28.37
x86_64,2411,16,4096,32965280,crc32,PRESET6,0,0,28.404
x86_64,2411,16,4096,32965280,crc32,PRESET7,1,1,58.604
x86_64,2411,16,4096,32965280,crc32,PRESET7,1,0,58.628
x86_64,2411,16,4096,32965280,none,PRESET1,0,0,5.976
x86_64,2411,16,4096,32965280,crc32,PRESET7,0,1,28.778
x86_64,2411,16,4096,32965280,crc32,PRESET7,0,0,28.746
x86_64,2411,16,4096,32965280,crc32,PRESET8,1,1,59.242
x86_64,2411,16,4096,32965280,crc32,PRESET8,1,0,59.176
x86_64,2411,16,4096,32965280,crc32,PRESET8,0,1,29.032
x86_64,2411,16,4096,32965280,crc32,PRESET8,0,0,29.01
x86_64,2411,16,4096,32965280,crc32,PRESET9,1,1,59.692
x86_64,2411,16,4096,32965280,crc32,PRESET9,1,0,59.632
x86_64,2411,16,4096,32965280,crc32,PRESET9,0,1,29.448
x86_64,2411,16,4096,32965280,crc32,PRESET9,0,0,29.518
x86_64,2411,16,4096,32965280,none,PRESET2,1,1,52.238
x86_64,2411,16,4096,32965280,crc64,PRESET0,1,1,42.148
x86_64,2411,16,4096,32965280,crc64,PRESET0,1,0,42.176
x86_64,2411,16,4096,32965280,crc64,PRESET0,0,1,4.506
x86_64,2411,16,4096,32965280,crc64,PRESET0,0,0,4.516
x86_64,2411,16,4096,32965280,crc64,PRESET1,1,1,48.666
x86_64,2411,16,4096,32965280,crc64,PRESET1,1,0,48.554
x86_64,2411,16,4096,32965280,crc64,PRESET1,0,1,6.036
x86_64,2411,16,4096,32965280,crc64,PRESET1,0,0,6.038
x86_64,2411,16,4096,32965280,crc64,PRESET2,1,1,52.146
x86_64,2411,16,4096,32965280,crc64,PRESET2,1,0,52.146
x86_64,2411,16,4096,32965280,none,PRESET2,1,0,52.052
x86_64,2411,16,4096,32965280,crc64,PRESET2,0,1,8.654
x86_64,2411,16,4096,32965280,crc64,PRESET2,0,0,8.664
x86_64,2411,16,4096,32965280,crc64,PRESET3,1,1,51.486
x86_64,2411,16,4096,32965280,crc64,PRESET3,1,0,51.494
x86_64,2411,16,4096,32965280,crc64,PRESET3,0,1,11.206
x86_64,2411,16,4096,32965280,crc64,PRESET3,0,0,11.246
x86_64,2411,16,4096,32965280,crc64,PRESET4,1,1,54.492
x86_64,2411,16,4096,32965280,crc64,PRESET4,1,0,54.722
x86_64,2411,16,4096,32965280,crc64,PRESET4,0,1,17.53
x86_64,2411,16,4096,32965280,crc64,PRESET4,0,0,17.514
i686,1733,2,4096,1813636,none,PRESET0,1,1,91.09
i686,1733,2,4096,1813636,none,PRESET0,1,0,91.01
i686,1733,2,4096,1813636,none,PRESET2,0,1,18.254
i686,1733,2,4096,1813636,crc64,PRESET5,1,1,108.418
i686,1733,2,4096,1813636,crc64,PRESET5,1,0,108.608
i686,1733,2,4096,1813636,crc64,PRESET5,0,1,43.13
i686,1733,2,4096,1813636,crc64,PRESET5,0,0,43.076
i686,1733,2,4096,1813636,crc64,PRESET6,1,1,118.006
i686,1733,2,4096,1813636,crc64,PRESET6,1,0,117.946
i686,1733,2,4096,1813636,crc64,PRESET6,0,1,54.36
i686,1733,2,4096,1813636,crc64,PRESET6,0,0,54.366
i686,1733,2,4096,1813636,crc64,PRESET7,1,1,120.422
i686,1733,2,4096,1813636,crc64,PRESET7,1,0,120.492
i686,1733,2,4096,1813636,none,PRESET2,0,0,18.378
i686,1733,2,4096,1813636,crc64,PRESET7,0,1,54.97
i686,1733,2,4096,1813636,crc64,PRESET7,0,0,54.898
i686,1733,2,4096,1813636,crc64,PRESET8,1,1,121.008
i686,1733,2,4096,1813636,crc64,PRESET8,1,0,120.972
i686,1733,2,4096,1813636,crc64,PRESET8,0,1,55.454
i686,1733,2,4096,1813636,crc64,PRESET8,0,0,55.562
i686,1733,2,4096,1813636,crc64,PRESET9,1,1,121.76
i686,1733,2,4096,1813636,crc64,PRESET9,1,0,121.718
i686,1733,2,4096,1813636,crc64,PRESET9,0,1,56.158
i686,1733,2,4096,1813636,crc64,PRESET9,0,0,56.16
i686,1733,2,4096,1813636,none,PRESET3,1,1,105.482
i686,1733,2,4096,1813636,sha256,PRESET0,1,1,92.234
i686,1733,2,4096,1813636,sha256,PRESET0,1,0,92.27
i686,1733,2,4096,1813636,sha256,PRESET0,0,1,11.76
i686,1733,2,4096,1813636,sha256,PRESET0,0,0,11.746
i686,1733,2,4096,1813636,sha256,PRESET1,1,1,104.606
i686,1733,2,4096,1813636,sha256,PRESET1,1,0,104.614
i686,1733,2,4096,1813636,sha256,PRESET1,0,1,15.386
i686,1733,2,4096,1813636,sha256,PRESET1,0,0,15.378
i686,1733,2,4096,1813636,sha256,PRESET2,1,1,109.832
i686,1733,2,4096,1813636,sha256,PRESET2,1,0,109.802
i686,1733,2,4096,1813636,none,PRESET3,1,0,105.494
i686,1733,2,4096,1813636,sha256,PRESET2,0,1,19.492
i686,1733,2,4096,1813636,sha256,PRESET2,0,0,19.504
i686,1733,2,4096,1813636,sha256,PRESET3,1,1,106.818
i686,1733,2,4096,1813636,sha256,PRESET3,1,0,106.738
i686,1733,2,4096,1813636,sha256,PRESET3,0,1,24.696
i686,1733,2,4096,1813636,sha256,PRESET3,0,0,24.762
i686,1733,2,4096,1813636,sha256,PRESET4,1,1,114.068
i686,1733,2,4096,1813636,sha256,PRESET4,1,0,114.076
i686,1733,2,4096,1813636,sha256,PRESET4,0,1,35.294
i686,1733,2,4096,1813636,sha256,PRESET4,0,0,35.304
i686,1733,2,4096,1813636,none,PRESET3,0,1,23.444
i686,1733,2,4096,1813636,sha256,PRESET5,1,1,109.402
i686,1733,2,4096,1813636,sha256,PRESET5,1,0,109.482
i686,1733,2,4096,1813636,sha256,PRESET5,0,1,44.166
i686,1733,2,4096,1813636,sha256,PRESET5,0,0,44.146
i686,1733,2,4096,1813636,sha256,PRESET6,1,1,118.97
i686,1733,2,4096,1813636,sha256,PRESET6,1,0,118.974
i686,1733,2,4096,1813636,sha256,PRESET6,0,1,55.44
i686,1733,2,4096,1813636,sha256,PRESET6,0,0,55.43
i686,1733,2,4096,1813636,sha256,PRESET7,1,1,121.492
i686,1733,2,4096,1813636,sha256,PRESET7,1,0,121.456
i686,1733,2,4096,1813636,none,PRESET3,0,0,23.436
i686,1733,2,4096,1813636,sha256,PRESET7,0,1,55.944
i686,1733,2,4096,1813636,sha256,PRESET7,0,0,55.952
i686,1733,2,4096,1813636,sha256,PRESET8,1,1,122.004
i686,1733,2,4096,1813636,sha256,PRESET8,1,0,122.076
i686,1733,2,4096,1813636,sha256,PRESET8,0,1,56.472
i686,1733,2,4096,1813636,sha256,PRESET8,0,0,56.414
i686,1733,2,4096,1813636,sha256,PRESET9,1,1,122.78
i686,1733,2,4096,1813636,sha256,PRESET9,1,0,122.768
i686,1733,2,4096,1813636,sha256,PRESET9,0,1,57.17
i686,1733,2,4096,1813636,sha256,PRESET9,0,0,57.204
i686,1733,2,4096,1813636,none,PRESET4,1,1,112.816
i686,1733,2,4096,1813636,none,PRESET4,1,0,112.866
i686,1733,2,4096,1813636,none,PRESET4,0,1,34.308
i686,1733,2,4096,1813636,none,PRESET4,0,0,34.02
i686,1733,2,4096,1813636,none,PRESET0,0,1,10.39
i686,1733,2,4096,1813636,none,PRESET5,1,1,108.174
i686,1733,2,4096,1813636,none,PRESET5,1,0,108.196
i686,1733,2,4096,1813636,none,PRESET5,0,1,42.90
i686,1733,2,4096,1813636,none,PRESET5,0,0,42.918
i686,1733,2,4096,1813636,none,PRESET6,1,1,117.706
i686,1733,2,4096,1813636,none,PRESET6,1,0,117.69
i686,1733,2,4096,1813636,none,PRESET6,0,1,54.148
i686,1733,2,4096,1813636,none,PRESET6,0,0,54.132
i686,1733,2,4096,1813636,none,PRESET7,1,1,120.35
i686,1733,2,4096,1813636,none,PRESET7,1,0,120.22
i686,1733,2,4096,1813636,none,PRESET0,0,0,10.402
i686,1733,2,4096,1813636,none,PRESET7,0,1,54.722
i686,1733,2,4096,1813636,none,PRESET7,0,0,54.684
i686,1733,2,4096,1813636,none,PRESET8,1,1,120.972
i686,1733,2,4096,1813636,none,PRESET8,1,0,120.79
i686,1733,2,4096,1813636,none,PRESET8,0,1,55.198
i686,1733,2,4096,1813636,none,PRESET8,0,0,55.202
i686,1733,2,4096,1813636,none,PRESET9,1,1,121.574
i686,1733,2,4096,1813636,none,PRESET9,1,0,121.504
i686,1733,2,4096,1813636,none,PRESET9,0,1,55.898
i686,1733,2,4096,1813636,none,PRESET9,0,0,55.944
i686,1733,2,4096,1813636,none,PRESET1,1,1,103.384
i686,1733,2,4096,1813636,crc32,PRESET0,1,1,91.114
i686,1733,2,4096,1813636,crc32,PRESET0,1,0,91.144
i686,1733,2,4096,1813636,crc32,PRESET0,0,1,10.452
i686,1733,2,4096,1813636,crc32,PRESET0,0,0,10.46
i686,1733,2,4096,1813636,crc32,PRESET1,1,1,103.554
i686,1733,2,4096,1813636,crc32,PRESET1,1,0,103.512
i686,1733,2,4096,1813636,crc32,PRESET1,0,1,14.226
i686,1733,2,4096,1813636,crc32,PRESET1,0,0,14.224
i686,1733,2,4096,1813636,crc32,PRESET2,1,1,108.824
i686,1733,2,4096,1813636,crc32,PRESET2,1,0,108.706
i686,1733,2,4096,1813636,none,PRESET1,1,0,103.344
i686,1733,2,4096,1813636,crc32,PRESET2,0,1,18.348
i686,1733,2,4096,1813636,crc32,PRESET2,0,0,18.364
i686,1733,2,4096,1813636,crc32,PRESET3,1,1,105.634
i686,1733,2,4096,1813636,crc32,PRESET3,1,0,105.69
i686,1733,2,4096,1813636,crc32,PRESET3,0,1,23.54
i686,1733,2,4096,1813636,crc32,PRESET3,0,0,23.534
i686,1733,2,4096,1813636,crc32,PRESET4,1,1,112.99
i686,1733,2,4096,1813636,crc32,PRESET4,1,0,112.892
i686,1733,2,4096,1813636,crc32,PRESET4,0,1,34.134
i686,1733,2,4096,1813636,crc32,PRESET4,0,0,34.098
i686,1733,2,4096,1813636,none,PRESET1,0,1,14.138
i686,1733,2,4096,1813636,crc32,PRESET5,1,1,108.326
i686,1733,2,4096,1813636,crc32,PRESET5,1,0,108.344
i686,1733,2,4096,1813636,crc32,PRESET5,0,1,42.988
i686,1733,2,4096,1813636,crc32,PRESET5,0,0,43.012
i686,1733,2,4096,1813636,crc32,PRESET6,1,1,117.852
i686,1733,2,4096,1813636,crc32,PRESET6,1,0,117.804
i686,1733,2,4096,1813636,crc32,PRESET6,0,1,54.282
i686,1733,2,4096,1813636,crc32,PRESET6,0,0,54.296
i686,1733,2,4096,1813636,crc32,PRESET7,1,1,120.396
i686,1733,2,4096,1813636,crc32,PRESET7,1,0,120.388
i686,1733,2,4096,1813636,none,PRESET1,0,0,14.136
i686,1733,2,4096,1813636,crc32,PRESET7,0,1,54.828
i686,1733,2,4096,1813636,crc32,PRESET7,0,0,54.79
i686,1733,2,4096,1813636,crc32,PRESET8,1,1,120.86
i686,1733,2,4096,1813636,crc32,PRESET8,1,0,120.866
i686,1733,2,4096,1813636,crc32,PRESET8,0,1,55.348
i686,1733,2,4096,1813636,crc32,PRESET8,0,0,55.33
i686,1733,2,4096,1813636,crc32,PRESET9,1,1,121.592
i686,1733,2,4096,1813636,crc32,PRESET9,1,0,121.644
i686,1733,2,4096,1813636,crc32,PRESET9,0,1,56.018
i686,1733,2,4096,1813636,crc32,PRESET9,0,0,56.014
i686,1733,2,4096,1813636,none,PRESET2,1,1,108.548
i686,1733,2,4096,1813636,crc64,PRESET0,1,1,91.202
i686,1733,2,4096,1813636,crc64,PRESET0,1,0,91.188
i686,1733,2,4096,1813636,crc64,PRESET0,0,1,10.542
i686,1733,2,4096,1813636,crc64,PRESET0,0,0,10.526
i686,1733,2,4096,1813636,crc64,PRESET1,1,1,103.646
i686,1733,2,4096,1813636,crc64,PRESET1,1,0,103.588
i686,1733,2,4096,1813636,crc64,PRESET1,0,1,14.294
i686,1733,2,4096,1813636,crc64,PRESET1,0,0,14.284
i686,1733,2,4096,1813636,crc64,PRESET2,1,1,108.762
i686,1733,2,4096,1813636,crc64,PRESET2,1,0,108.746
i686,1733,2,4096,1813636,none,PRESET2,1,0,108.606
i686,1733,2,4096,1813636,crc64,PRESET2,0,1,18.424
i686,1733,2,4096,1813636,crc64,PRESET2,0,0,18.428
i686,1733,2,4096,1813636,crc64,PRESET3,1,1,105.684
i686,1733,2,4096,1813636,crc64,PRESET3,1,0,105.686
i686,1733,2,4096,1813636,crc64,PRESET3,0,1,23.60
i686,1733,2,4096,1813636,crc64,PRESET3,0,0,23.606
i686,1733,2,4096,1813636,crc64,PRESET4,1,1,113.17
i686,1733,2,4096,1813636,crc64,PRESET4,1,0,113.036
i686,1733,2,4096,1813636,crc64,PRESET4,0,1,34.20
i686,1733,2,4096,1813636,crc64,PRESET4,0,0,34.214
i686,2992,2,4096,2072552,none,PRESET0,1,1,66.494
i686,2992,2,4096,2072552,none,PRESET0,1,0,66.424
i686,2992,2,4096,2072552,none,PRESET2,0,1,16.436
i686,2992,2,4096,2072552,crc64,PRESET5,1,1,81.926
i686,2992,2,4096,2072552,crc64,PRESET5,1,0,81.954
i686,2992,2,4096,2072552,crc64,PRESET5,0,1,36.036
i686,2992,2,4096,2072552,crc64,PRESET5,0,0,36.07
i686,2992,2,4096,2072552,crc64,PRESET6,1,1,88.798
i686,2992,2,4096,2072552,crc64,PRESET6,1,0,88.664
i686,2992,2,4096,2072552,crc64,PRESET6,0,1,44.22
i686,2992,2,4096,2072552,crc64,PRESET6,0,0,44.264
i686,2992,2,4096,2072552,crc64,PRESET7,1,1,91.542
i686,2992,2,4096,2072552,crc64,PRESET7,1,0,91.382
i686,2992,2,4096,2072552,none,PRESET2,0,0,16.468
i686,2992,2,4096,2072552,crc64,PRESET7,0,1,44.716
i686,2992,2,4096,2072552,crc64,PRESET7,0,0,44.752
i686,2992,2,4096,2072552,crc64,PRESET8,1,1,92.504
i686,2992,2,4096,2072552,crc64,PRESET8,1,0,92.56
i686,2992,2,4096,2072552,crc64,PRESET8,0,1,45.438
i686,2992,2,4096,2072552,crc64,PRESET8,0,0,45.318
i686,2992,2,4096,2072552,crc64,PRESET9,1,1,93.362
i686,2992,2,4096,2072552,crc64,PRESET9,1,0,93.514
i686,2992,2,4096,2072552,crc64,PRESET9,0,1,46.212
i686,2992,2,4096,2072552,crc64,PRESET9,0,0,46.694
i686,2992,2,4096,2072552,none,PRESET3,1,1,79.39
i686,2992,2,4096,2072552,sha256,PRESET0,1,1,67.304
i686,2992,2,4096,2072552,sha256,PRESET0,1,0,67.336
i686,2992,2,4096,2072552,sha256,PRESET0,0,1,9.968
i686,2992,2,4096,2072552,sha256,PRESET0,0,0,9.96
i686,2992,2,4096,2072552,sha256,PRESET1,1,1,77.222
i686,2992,2,4096,2072552,sha256,PRESET1,1,0,77.288
i686,2992,2,4096,2072552,sha256,PRESET1,0,1,13.50
i686,2992,2,4096,2072552,sha256,PRESET1,0,0,13.46
i686,2992,2,4096,2072552,sha256,PRESET2,1,1,81.514
i686,2992,2,4096,2072552,sha256,PRESET2,1,0,81.444
i686,2992,2,4096,2072552,none,PRESET3,1,0,79.64
i686,2992,2,4096,2072552,sha256,PRESET2,0,1,17.27
i686,2992,2,4096,2072552,sha256,PRESET2,0,0,17.294
i686,2992,2,4096,2072552,sha256,PRESET3,1,1,80.344
i686,2992,2,4096,2072552,sha256,PRESET3,1,0,80.946
i686,2992,2,4096,2072552,sha256,PRESET3,0,1,22.188
i686,2992,2,4096,2072552,sha256,PRESET3,0,0,22.192
i686,2992,2,4096,2072552,sha256,PRESET4,1,1,85.384
i686,2992,2,4096,2072552,sha256,PRESET4,1,0,85.164
i686,2992,2,4096,2072552,sha256,PRESET4,0,1,30.462
i686,2992,2,4096,2072552,sha256,PRESET4,0,0,30.482
i686,2992,2,4096,2072552,none,PRESET3,0,1,21.358
i686,2992,2,4096,2072552,sha256,PRESET5,1,1,82.618
i686,2992,2,4096,2072552,sha256,PRESET5,1,0,82.724
i686,2992,2,4096,2072552,sha256,PRESET5,0,1,36.728
i686,2992,2,4096,2072552,sha256,PRESET5,0,0,36.736
i686,2992,2,4096,2072552,sha256,PRESET6,1,1,89.46
i686,2992,2,4096,2072552,sha256,PRESET6,1,0,89.434
i686,2992,2,4096,2072552,sha256,PRESET6,0,1,45.004
i686,2992,2,4096,2072552,sha256,PRESET6,0,0,45.004
i686,2992,2,4096,2072552,sha256,PRESET7,1,1,92.18
i686,2992,2,4096,2072552,sha256,PRESET7,1,0,92.322
i686,2992,2,4096,2072552,none,PRESET3,0,0,21.352
i686,2992,2,4096,2072552,sha256,PRESET7,0,1,45.542
i686,2992,2,4096,2072552,sha256,PRESET7,0,0,45.382
i686,2992,2,4096,2072552,sha256,PRESET8,1,1,93.306
i686,2992,2,4096,2072552,sha256,PRESET8,1,0,93.49
i686,2992,2,4096,2072552,sha256,PRESET8,0,1,46.37
i686,2992,2,4096,2072552,sha256,PRESET8,0,0,46.054
i686,2992,2,4096,2072552,sha256,PRESET9,1,1,94.128
i686,2992,2,4096,2072552,sha256,PRESET9,1,0,94.21
i686,2992,2,4096,2072552,sha256,PRESET9,0,1,46.924
i686,2992,2,4096,2072552,sha256,PRESET9,0,0,46.904
i686,2992,2,4096,2072552,none,PRESET4,1,1,84.426
i686,2992,2,4096,2072552,none,PRESET4,1,0,84.248
i686,2992,2,4096,2072552,none,PRESET4,0,1,29.584
i686,2992,2,4096,2072552,none,PRESET4,0,0,29.616
i686,2992,2,4096,2072552,none,PRESET0,0,1,9.162
i686,2992,2,4096,2072552,none,PRESET5,1,1,81.906
i686,2992,2,4096,2072552,none,PRESET5,1,0,81.72
i686,2992,2,4096,2072552,none,PRESET5,0,1,35.956
i686,2992,2,4096,2072552,none,PRESET5,0,0,35.96
i686,2992,2,4096,2072552,none,PRESET6,1,1,88.634
i686,2992,2,4096,2072552,none,PRESET6,1,0,88.63
i686,2992,2,4096,2072552,none,PRESET6,0,1,44.158
i686,2992,2,4096,2072552,none,PRESET6,0,0,44.288
i686,2992,2,4096,2072552,none,PRESET7,1,1,91.332
i686,2992,2,4096,2072552,none,PRESET7,1,0,91.426
i686,2992,2,4096,2072552,none,PRESET0,0,0,9.218
i686,2992,2,4096,2072552,none,PRESET7,0,1,44.60
i686,2992,2,4096,2072552,none,PRESET7,0,0,44.624
i686,2992,2,4096,2072552,none,PRESET8,1,1,92.198
i686,2992,2,4096,2072552,none,PRESET8,1,0,92.284
i686,2992,2,4096,2072552,none,PRESET8,0,1,45.236
i686,2992,2,4096,2072552,none,PRESET8,0,0,45.26
i686,2992,2,4096,2072552,none,PRESET9,1,1,93.14
i686,2992,2,4096,2072552,none,PRESET9,1,0,93.326
i686,2992,2,4096,2072552,none,PRESET9,0,1,46.066
i686,2992,2,4096,2072552,none,PRESET9,0,0,46.168
i686,2992,2,4096,2072552,none,PRESET1,1,1,76.348
i686,2992,2,4096,2072552,crc32,PRESET0,1,1,66.626
i686,2992,2,4096,2072552,crc32,PRESET0,1,0,66.608
i686,2992,2,4096,2072552,crc32,PRESET0,0,1,9.268
i686,2992,2,4096,2072552,crc32,PRESET0,0,0,9.21
i686,2992,2,4096,2072552,crc32,PRESET1,1,1,76.426
i686,2992,2,4096,2072552,crc32,PRESET1,1,0,76.472
i686,2992,2,4096,2072552,crc32,PRESET1,0,1,12.688
i686,2992,2,4096,2072552,crc32,PRESET1,0,0,12.72
i686,2992,2,4096,2072552,crc32,PRESET2,1,1,80.774
i686,2992,2,4096,2072552,crc32,PRESET2,1,0,80.754
i686,2992,2,4096,2072552,none,PRESET1,1,0,76.438
i686,2992,2,4096,2072552,crc32,PRESET2,0,1,16.484
i686,2992,2,4096,2072552,crc32,PRESET2,0,0,16.516
i686,2992,2,4096,2072552,crc32,PRESET3,1,1,79.536
i686,2992,2,4096,2072552,crc32,PRESET3,1,0,79.39
i686,2992,2,4096,2072552,crc32,PRESET3,0,1,21.402
i686,2992,2,4096,2072552,crc32,PRESET3,0,0,21.39
i686,2992,2,4096,2072552,crc32,PRESET4,1,1,84.416
i686,2992,2,4096,2072552,crc32,PRESET4,1,0,84.296
i686,2992,2,4096,2072552,crc32,PRESET4,0,1,29.674
i686,2992,2,4096,2072552,crc32,PRESET4,0,0,29.708
i686,2992,2,4096,2072552,none,PRESET1,0,1,12.658
i686,2992,2,4096,2072552,crc32,PRESET5,1,1,81.922
i686,2992,2,4096,2072552,crc32,PRESET5,1,0,81.884
i686,2992,2,4096,2072552,crc32,PRESET5,0,1,35.964
i686,2992,2,4096,2072552,crc32,PRESET5,0,0,36.014
i686,2992,2,4096,2072552,crc32,PRESET6,1,1,88.556
i686,2992,2,4096,2072552,crc32,PRESET6,1,0,88.722
i686,2992,2,4096,2072552,crc32,PRESET6,0,1,44.188
i686,2992,2,4096,2072552,crc32,PRESET6,0,0,44.224
i686,2992,2,4096,2072552,crc32,PRESET7,1,1,91.384
i686,2992,2,4096,2072552,crc32,PRESET7,1,0,91.428
i686,2992,2,4096,2072552,none,PRESET1,0,0,12.642
i686,2992,2,4096,2072552,crc32,PRESET7,0,1,44.656
i686,2992,2,4096,2072552,crc32,PRESET7,0,0,44.606
i686,2992,2,4096,2072552,crc32,PRESET8,1,1,92.442
i686,2992,2,4096,2072552,crc32,PRESET8,1,0,93.224
i686,2992,2,4096,2072552,crc32,PRESET8,0,1,45.366
i686,2992,2,4096,2072552,crc32,PRESET8,0,0,45.328
i686,2992,2,4096,2072552,crc32,PRESET9,1,1,93.36
i686,2992,2,4096,2072552,crc32,PRESET9,1,0,93.456
i686,2992,2,4096,2072552,crc32,PRESET9,0,1,46.106
i686,2992,2,4096,2072552,crc32,PRESET9,0,0,46.106
i686,2992,2,4096,2072552,none,PRESET2,1,1,80.682
i686,2992,2,4096,2072552,crc64,PRESET0,1,1,66.608
i686,2992,2,4096,2072552,crc64,PRESET0,1,0,66.466
i686,2992,2,4096,2072552,crc64,PRESET0,0,1,9.228
i686,2992,2,4096,2072552,crc64,PRESET0,0,0,9.248
i686,2992,2,4096,2072552,crc64,PRESET1,1,1,76.432
i686,2992,2,4096,2072552,crc64,PRESET1,1,0,76.368
i686,2992,2,4096,2072552,crc64,PRESET1,0,1,12.75
i686,2992,2,4096,2072552,crc64,PRESET1,0,0,12.738
i686,2992,2,4096,2072552,crc64,PRESET2,1,1,80.71
i686,2992,2,4096,2072552,crc64,PRESET2,1,0,80.668
i686,2992,2,4096,2072552,none,PRESET2,1,0,80.944
i686,2992,2,4096,2072552,crc64,PRESET2,0,1,16.546
i686,2992,2,4096,2072552,crc64,PRESET2,0,0,16.582
i686,2992,2,4096,2072552,crc64,PRESET3,1,1,79.496
i686,2992,2,4096,2072552,crc64,PRESET3,1,0,79.48
i686,2992,2,4096,2072552,crc64,PRESET3,0,1,21.514
i686,2992,2,4096,2072552,crc64,PRESET3,0,0,21.46
i686,2992,2,4096,2072552,crc64,PRESET4,1,1,84.578
i686,2992,2,4096,2072552,crc64,PRESET4,1,0,84.388
i686,2992,2,4096,2072552,crc64,PRESET4,0,1,29.768
i686,2992,2,4096,2072552,crc64,PRESET4,0,0,29.746
i686,3200,2,4096,1000436,none,PRESET0,1,1,63.778
i686,3200,2,4096,1000436,none,PRESET0,1,0,63.734
i686,3200,2,4096,1000436,none,PRESET2,0,1,17.246
i686,3200,2,4096,1000436,crc64,PRESET5,1,1,80.578
i686,3200,2,4096,1000436,crc64,PRESET5,1,0,80.678
i686,3200,2,4096,1000436,crc64,PRESET5,0,1,36.538
i686,3200,2,4096,1000436,crc64,PRESET5,0,0,36.534
i686,3200,2,4096,1000436,crc64,PRESET6,1,1,87.244
i686,3200,2,4096,1000436,crc64,PRESET6,1,0,87.306
i686,3200,2,4096,1000436,crc64,PRESET6,0,1,44.506
i686,3200,2,4096,1000436,crc64,PRESET6,0,0,44.49
i686,3200,2,4096,1000436,crc64,PRESET7,1,1,90.36
i686,3200,2,4096,1000436,crc64,PRESET7,1,0,90.316
i686,3200,2,4096,1000436,none,PRESET2,0,0,17.26
i686,3200,2,4096,1000436,crc64,PRESET7,0,1,45.07
i686,3200,2,4096,1000436,crc64,PRESET7,0,0,45.086
i686,3200,2,4096,1000436,crc64,PRESET8,1,1,91.338
i686,3200,2,4096,1000436,crc64,PRESET8,1,0,91.306
i686,3200,2,4096,1000436,crc64,PRESET8,0,1,45.67
i686,3200,2,4096,1000436,crc64,PRESET8,0,0,45.58
i686,3200,2,4096,1000436,crc64,PRESET9,1,1,92.122
i686,3200,2,4096,1000436,crc64,PRESET9,1,0,92.222
i686,3200,2,4096,1000436,crc64,PRESET9,0,1,46.442
i686,3200,2,4096,1000436,crc64,PRESET9,0,0,46.474
i686,3200,2,4096,1000436,none,PRESET3,1,1,77.994
i686,3200,2,4096,1000436,sha256,PRESET0,1,1,64.342
i686,3200,2,4096,1000436,sha256,PRESET0,1,0,64.324
i686,3200,2,4096,1000436,sha256,PRESET0,0,1,9.742
i686,3200,2,4096,1000436,sha256,PRESET0,0,0,9.742
i686,3200,2,4096,1000436,sha256,PRESET1,1,1,74.938
i686,3200,2,4096,1000436,sha256,PRESET1,1,0,74.964
i686,3200,2,4096,1000436,sha256,PRESET1,0,1,13.866
i686,3200,2,4096,1000436,sha256,PRESET1,0,0,13.808
i686,3200,2,4096,1000436,sha256,PRESET2,1,1,79.538
i686,3200,2,4096,1000436,sha256,PRESET2,1,0,79.542
i686,3200,2,4096,1000436,none,PRESET3,1,0,77.808
i686,3200,2,4096,1000436,sha256,PRESET2,0,1,18.046
i686,3200,2,4096,1000436,sha256,PRESET2,0,0,18.046
i686,3200,2,4096,1000436,sha256,PRESET3,1,1,78.64
i686,3200,2,4096,1000436,sha256,PRESET3,1,0,78.826
i686,3200,2,4096,1000436,sha256,PRESET3,0,1,23.46
i686,3200,2,4096,1000436,sha256,PRESET3,0,0,23.40
i686,3200,2,4096,1000436,sha256,PRESET4,1,1,83.452
i686,3200,2,4096,1000436,sha256,PRESET4,1,0,83.406
i686,3200,2,4096,1000436,sha256,PRESET4,0,1,30.90
i686,3200,2,4096,1000436,sha256,PRESET4,0,0,30.934
i686,3200,2,4096,1000436,none,PRESET3,0,1,22.65
i686,3200,2,4096,1000436,sha256,PRESET5,1,1,81.278
i686,3200,2,4096,1000436,sha256,PRESET5,1,0,81.142
i686,3200,2,4096,1000436,sha256,PRESET5,0,1,37.114
i686,3200,2,4096,1000436,sha256,PRESET5,0,0,37.196
i686,3200,2,4096,1000436,sha256,PRESET6,1,1,87.862
i686,3200,2,4096,1000436,sha256,PRESET6,1,0,87.674
i686,3200,2,4096,1000436,sha256,PRESET6,0,1,45.142
i686,3200,2,4096,1000436,sha256,PRESET6,0,0,45.144
i686,3200,2,4096,1000436,sha256,PRESET7,1,1,90.842
i686,3200,2,4096,1000436,sha256,PRESET7,1,0,90.88
i686,3200,2,4096,1000436,none,PRESET3,0,0,22.654
i686,3200,2,4096,1000436,sha256,PRESET7,0,1,45.746
i686,3200,2,4096,1000436,sha256,PRESET7,0,0,45.712
i686,3200,2,4096,1000436,sha256,PRESET8,1,1,91.884
i686,3200,2,4096,1000436,sha256,PRESET8,1,0,91.792
i686,3200,2,4096,1000436,sha256,PRESET8,0,1,46.178
i686,3200,2,4096,1000436,sha256,PRESET8,0,0,46.288
i686,3200,2,4096,1000436,sha256,PRESET9,1,1,92.842
i686,3200,2,4096,1000436,sha256,PRESET9,1,0,92.772
i686,3200,2,4096,1000436,sha256,PRESET9,0,1,47.158
i686,3200,2,4096,1000436,sha256,PRESET9,0,0,47.126
i686,3200,2,4096,1000436,none,PRESET4,1,1,82.748
i686,3200,2,4096,1000436,none,PRESET4,1,0,82.726
i686,3200,2,4096,1000436,none,PRESET4,0,1,30.168
i686,3200,2,4096,1000436,none,PRESET4,0,0,30.204
i686,3200,2,4096,1000436,none,PRESET0,0,1,8.97
i686,3200,2,4096,1000436,none,PRESET5,1,1,80.442
i686,3200,2,4096,1000436,none,PRESET5,1,0,80.614
i686,3200,2,4096,1000436,none,PRESET5,0,1,36.384
i686,3200,2,4096,1000436,none,PRESET5,0,0,36.43
i686,3200,2,4096,1000436,none,PRESET6,1,1,87.14
i686,3200,2,4096,1000436,none,PRESET6,1,0,87.054
i686,3200,2,4096,1000436,none,PRESET6,0,1,44.364
i686,3200,2,4096,1000436,none,PRESET6,0,0,44.464
i686,3200,2,4096,1000436,none,PRESET7,1,1,90.052
i686,3200,2,4096,1000436,none,PRESET7,1,0,90.176
i686,3200,2,4096,1000436,none,PRESET0,0,0,8.976
i686,3200,2,4096,1000436,none,PRESET7,0,1,44.976
i686,3200,2,4096,1000436,none,PRESET7,0,0,44.928
i686,3200,2,4096,1000436,none,PRESET8,1,1,91.034
i686,3200,2,4096,1000436,none,PRESET8,1,0,91.158
i686,3200,2,4096,1000436,none,PRESET8,0,1,45.56
i686,3200,2,4096,1000436,none,PRESET8,0,0,45.536
i686,3200,2,4096,1000436,none,PRESET9,1,1,92.098
i686,3200,2,4096,1000436,none,PRESET9,1,0,92.058
i686,3200,2,4096,1000436,none,PRESET9,0,1,46.446
i686,3200,2,4096,1000436,none,PRESET9,0,0,46.348
i686,3200,2,4096,1000436,none,PRESET1,1,1,74.202
i686,3200,2,4096,1000436,crc32,PRESET0,1,1,63.73
i686,3200,2,4096,1000436,crc32,PRESET0,1,0,63.882
i686,3200,2,4096,1000436,crc32,PRESET0,0,1,9.00
i686,3200,2,4096,1000436,crc32,PRESET0,0,0,9.024
i686,3200,2,4096,1000436,crc32,PRESET1,1,1,74.19
i686,3200,2,4096,1000436,crc32,PRESET1,1,0,74.206
i686,3200,2,4096,1000436,crc32,PRESET1,0,1,13.112
i686,3200,2,4096,1000436,crc32,PRESET1,0,0,13.094
i686,3200,2,4096,1000436,crc32,PRESET2,1,1,78.836
i686,3200,2,4096,1000436,crc32,PRESET2,1,0,78.80
i686,3200,2,4096,1000436,none,PRESET1,1,0,74.276
i686,3200,2,4096,1000436,crc32,PRESET2,0,1,17.324
i686,3200,2,4096,1000436,crc32,PRESET2,0,0,17.284
i686,3200,2,4096,1000436,crc32,PRESET3,1,1,77.984
i686,3200,2,4096,1000436,crc32,PRESET3,1,0,77.918
i686,3200,2,4096,1000436,crc32,PRESET3,0,1,22.728
i686,3200,2,4096,1000436,crc32,PRESET3,0,0,22.68
i686,3200,2,4096,1000436,crc32,PRESET4,1,1,84.708
i686,3200,2,4096,1000436,crc32,PRESET4,1,0,83.408
i686,3200,2,4096,1000436,crc32,PRESET4,0,1,30.244
i686,3200,2,4096,1000436,crc32,PRESET4,0,0,30.19
i686,3200,2,4096,1000436,none,PRESET1,0,1,13.04
i686,3200,2,4096,1000436,crc32,PRESET5,1,1,80.39
i686,3200,2,4096,1000436,crc32,PRESET5,1,0,80.358
i686,3200,2,4096,1000436,crc32,PRESET5,0,1,36.406
i686,3200,2,4096,1000436,crc32,PRESET5,0,0,36.454
i686,3200,2,4096,1000436,crc32,PRESET6,1,1,87.124
i686,3200,2,4096,1000436,crc32,PRESET6,1,0,87.178
i686,3200,2,4096,1000436,crc32,PRESET6,0,1,44.436
i686,3200,2,4096,1000436,crc32,PRESET6,0,0,44.398
i686,3200,2,4096,1000436,crc32,PRESET7,1,1,91.076
i686,3200,2,4096,1000436,crc32,PRESET7,1,0,90.156
i686,3200,2,4096,1000436,none,PRESET1,0,0,13.028
i686,3200,2,4096,1000436,crc32,PRESET7,0,1,45.088
i686,3200,2,4096,1000436,crc32,PRESET7,0,0,45.15
i686,3200,2,4096,1000436,crc32,PRESET8,1,1,91.264
i686,3200,2,4096,1000436,crc32,PRESET8,1,0,91.12
i686,3200,2,4096,1000436,crc32,PRESET8,0,1,45.576
i686,3200,2,4096,1000436,crc32,PRESET8,0,0,45.558
i686,3200,2,4096,1000436,crc32,PRESET9,1,1,92.15
i686,3200,2,4096,1000436,crc32,PRESET9,1,0,92.07
i686,3200,2,4096,1000436,crc32,PRESET9,0,1,46.434
i686,3200,2,4096,1000436,crc32,PRESET9,0,0,46.434
i686,3200,2,4096,1000436,none,PRESET2,1,1,78.712
i686,3200,2,4096,1000436,crc64,PRESET0,1,1,63.86
i686,3200,2,4096,1000436,crc64,PRESET0,1,0,63.936
i686,3200,2,4096,1000436,crc64,PRESET0,0,1,9.234
i686,3200,2,4096,1000436,crc64,PRESET0,0,0,9.102
i686,3200,2,4096,1000436,crc64,PRESET1,1,1,74.28
i686,3200,2,4096,1000436,crc64,PRESET1,1,0,74.276
i686,3200,2,4096,1000436,crc64,PRESET1,0,1,13.154
i686,3200,2,4096,1000436,crc64,PRESET1,0,0,13.138
i686,3200,2,4096,1000436,crc64,PRESET2,1,1,78.98
i686,3200,2,4096,1000436,crc64,PRESET2,1,0,78.846
i686,3200,2,4096,1000436,none,PRESET2,1,0,78.842
i686,3200,2,4096,1000436,crc64,PRESET2,0,1,17.392
i686,3200,2,4096,1000436,crc64,PRESET2,0,0,17.39
i686,3200,2,4096,1000436,crc64,PRESET3,1,1,77.99
i686,3200,2,4096,1000436,crc64,PRESET3,1,0,77.918
i686,3200,2,4096,1000436,crc64,PRESET3,0,1,22.776
i686,3200,2,4096,1000436,crc64,PRESET3,0,0,22.80
i686,3200,2,4096,1000436,crc64,PRESET4,1,1,82.94
i686,3200,2,4096,1000436,crc64,PRESET4,1,0,83.296
i686,3200,2,4096,1000436,crc64,PRESET4,0,1,30.238
i686,3200,2,4096,1000436,crc64,PRESET4,0,0,30.236
x86_64,3401,8,4096,8096712,none,PRESET0,1,1,22.568
x86_64,3401,8,4096,8096712,none,PRESET0,1,0,23.104
x86_64,3401,8,4096,8096712,none,PRESET2,0,1,4.13
x86_64,3401,8,4096,8096712,crc64,PRESET5,1,1,27.42
x86_64,3401,8,4096,8096712,crc64,PRESET5,1,0,27.312
x86_64,3401,8,4096,8096712,crc64,PRESET5,0,1,11.556
x86_64,3401,8,4096,8096712,crc64,PRESET5,0,0,11.566
x86_64,3401,8,4096,8096712,crc64,PRESET6,1,1,29.398
x86_64,3401,8,4096,8096712,crc64,PRESET6,1,0,29.402
x86_64,3401,8,4096,8096712,crc64,PRESET6,0,1,14.522
x86_64,3401,8,4096,8096712,crc64,PRESET6,0,0,14.508
x86_64,3401,8,4096,8096712,crc64,PRESET7,1,1,30.314
x86_64,3401,8,4096,8096712,crc64,PRESET7,1,0,30.31
x86_64,3401,8,4096,8096712,none,PRESET2,0,0,4.12
x86_64,3401,8,4096,8096712,crc64,PRESET7,0,1,14.984
x86_64,3401,8,4096,8096712,crc64,PRESET7,0,0,14.82
x86_64,3401,8,4096,8096712,crc64,PRESET8,1,1,30.696
x86_64,3401,8,4096,8096712,crc64,PRESET8,1,0,30.276
x86_64,3401,8,4096,8096712,crc64,PRESET8,0,1,14.996
x86_64,3401,8,4096,8096712,crc64,PRESET8,0,0,14.838
x86_64,3401,8,4096,8096712,crc64,PRESET9,1,1,30.632
x86_64,3401,8,4096,8096712,crc64,PRESET9,1,0,30.85
x86_64,3401,8,4096,8096712,crc64,PRESET9,0,1,15.092
x86_64,3401,8,4096,8096712,crc64,PRESET9,0,0,14.944
x86_64,3401,8,4096,8096712,none,PRESET3,1,1,26.68
x86_64,3401,8,4096,8096712,sha256,PRESET0,1,1,22.692
x86_64,3401,8,4096,8096712,sha256,PRESET0,1,0,23.022
x86_64,3401,8,4096,8096712,sha256,PRESET0,0,1,3.046
x86_64,3401,8,4096,8096712,sha256,PRESET0,0,0,3.096
x86_64,3401,8,4096,8096712,sha256,PRESET1,1,1,25.372
x86_64,3401,8,4096,8096712,sha256,PRESET1,1,0,25.906
x86_64,3401,8,4096,8096712,sha256,PRESET1,0,1,3.248
x86_64,3401,8,4096,8096712,sha256,PRESET1,0,0,3.252
x86_64,3401,8,4096,8096712,sha256,PRESET2,1,1,27.78
x86_64,3401,8,4096,8096712,sha256,PRESET2,1,0,27.074
x86_64,3401,8,4096,8096712,none,PRESET3,1,0,26.666
x86_64,3401,8,4096,8096712,sha256,PRESET2,0,1,4.426
x86_64,3401,8,4096,8096712,sha256,PRESET2,0,0,4.44
x86_64,3401,8,4096,8096712,sha256,PRESET3,1,1,26.83
x86_64,3401,8,4096,8096712,sha256,PRESET3,1,0,26.792
x86_64,3401,8,4096,8096712,sha256,PRESET3,0,1,5.754
x86_64,3401,8,4096,8096712,sha256,PRESET3,0,0,5.778
x86_64,3401,8,4096,8096712,sha256,PRESET4,1,1,28.40
x86_64,3401,8,4096,8096712,sha256,PRESET4,1,0,28.668
x86_64,3401,8,4096,8096712,sha256,PRESET4,0,1,9.446
x86_64,3401,8,4096,8096712,sha256,PRESET4,0,0,9.458
x86_64,3401,8,4096,8096712,none,PRESET3,0,1,5.434
x86_64,3401,8,4096,8096712,sha256,PRESET5,1,1,27.862
x86_64,3401,8,4096,8096712,sha256,PRESET5,1,0,27.95
x86_64,3401,8,4096,8096712,sha256,PRESET5,0,1,11.772
x86_64,3401,8,4096,8096712,sha256,PRESET5,0,0,12.114
x86_64,3401,8,4096,8096712,sha256,PRESET6,1,1,29.88
x86_64,3401,8,4096,8096712,sha256,PRESET6,1,0,29.642
x86_64,3401,8,4096,8096712,sha256,PRESET6,0,1,15.132
x86_64,3401,8,4096,8096712,sha256,PRESET6,0,0,14.964
x86_64,3401,8,4096,8096712,sha256,PRESET7,1,1,30.346
x86_64,3401,8,4096,8096712,sha256,PRESET7,1,0,30.586
x86_64,3401,8,4096,8096712,none,PRESET3,0,0,5.454
x86_64,3401,8,4096,8096712,sha256,PRESET7,0,1,15.112
x86_64,3401,8,4096,8096712,sha256,PRESET7,0,0,15.236
x86_64,3401,8,4096,8096712,sha256,PRESET8,1,1,30.816
x86_64,3401,8,4096,8096712,sha256,PRESET8,1,0,30.598
x86_64,3401,8,4096,8096712,sha256,PRESET8,0,1,15.268
x86_64,3401,8,4096,8096712,sha256,PRESET8,0,0,15.082
x86_64,3401,8,4096,8096712,sha256,PRESET9,1,1,30.938
x86_64,3401,8,4096,8096712,sha256,PRESET9,1,0,30.858
x86_64,3401,8,4096,8096712,sha256,PRESET9,0,1,15.214
x86_64,3401,8,4096,8096712,sha256,PRESET9,0,0,15.198
x86_64,3401,8,4096,8096712,none,PRESET4,1,1,28.466
x86_64,3401,8,4096,8096712,none,PRESET4,1,0,28.284
x86_64,3401,8,4096,8096712,none,PRESET4,0,1,8.974
x86_64,3401,8,4096,8096712,none,PRESET4,0,0,8.98
x86_64,3401,8,4096,8096712,none,PRESET0,0,1,2.50
x86_64,3401,8,4096,8096712,none,PRESET5,1,1,27.298
x86_64,3401,8,4096,8096712,none,PRESET5,1,0,27.212
x86_64,3401,8,4096,8096712,none,PRESET5,0,1,11.528
x86_64,3401,8,4096,8096712,none,PRESET5,0,0,11.644
x86_64,3401,8,4096,8096712,none,PRESET6,1,1,29.69
x86_64,3401,8,4096,8096712,none,PRESET6,1,0,29.28
x86_64,3401,8,4096,8096712,none,PRESET6,0,1,14.49
x86_64,3401,8,4096,8096712,none,PRESET6,0,0,14.44
x86_64,3401,8,4096,8096712,none,PRESET7,1,1,30.448
x86_64,3401,8,4096,8096712,none,PRESET7,1,0,30.164
x86_64,3401,8,4096,8096712,none,PRESET0,0,0,2.622
x86_64,3401,8,4096,8096712,none,PRESET7,0,1,14.626
x86_64,3401,8,4096,8096712,none,PRESET7,0,0,14.622
x86_64,3401,8,4096,8096712,none,PRESET8,1,1,30.246
x86_64,3401,8,4096,8096712,none,PRESET8,1,0,30.754
x86_64,3401,8,4096,8096712,none,PRESET8,0,1,14.78
x86_64,3401,8,4096,8096712,none,PRESET8,0,0,14.778
x86_64,3401,8,4096,8096712,none,PRESET9,1,1,31.254
x86_64,3401,8,4096,8096712,none,PRESET9,1,0,30.562
x86_64,3401,8,4096,8096712,none,PRESET9,0,1,14.874
x86_64,3401,8,4096,8096712,none,PRESET9,0,0,15.056
x86_64,3401,8,4096,8096712,none,PRESET1,1,1,25.092
x86_64,3401,8,4096,8096712,crc32,PRESET0,1,1,22.74
x86_64,3401,8,4096,8096712,crc32,PRESET0,1,0,22.488
x86_64,3401,8,4096,8096712,crc32,PRESET0,0,1,2.606
x86_64,3401,8,4096,8096712,crc32,PRESET0,0,0,2.602
x86_64,3401,8,4096,8096712,crc32,PRESET1,1,1,25.316
x86_64,3401,8,4096,8096712,crc32,PRESET1,1,0,25.118
x86_64,3401,8,4096,8096712,crc32,PRESET1,0,1,2.998
x86_64,3401,8,4096,8096712,crc32,PRESET1,0,0,3.088
x86_64,3401,8,4096,8096712,crc32,PRESET2,1,1,26.966
x86_64,3401,8,4096,8096712,crc32,PRESET2,1,0,26.77
x86_64,3401,8,4096,8096712,none,PRESET1,1,0,25.07
x86_64,3401,8,4096,8096712,crc32,PRESET2,0,1,4.156
x86_64,3401,8,4096,8096712,crc32,PRESET2,0,0,4.15
x86_64,3401,8,4096,8096712,crc32,PRESET3,1,1,26.478
x86_64,3401,8,4096,8096712,crc32,PRESET3,1,0,27.098
x86_64,3401,8,4096,8096712,crc32,PRESET3,0,1,5.47
x86_64,3401,8,4096,8096712,crc32,PRESET3,0,0,5.472
x86_64,3401,8,4096,8096712,crc32,PRESET4,1,1,28.34
x86_64,3401,8,4096,8096712,crc32,PRESET4,1,0,28.356
x86_64,3401,8,4096,8096712,crc32,PRESET4,0,1,9.026
x86_64,3401,8,4096,8096712,crc32,PRESET4,0,0,9.156
x86_64,3401,8,4096,8096712,none,PRESET1,0,1,2.966
x86_64,3401,8,4096,8096712,crc32,PRESET5,1,1,27.464
x86_64,3401,8,4096,8096712,crc32,PRESET5,1,0,27.492
x86_64,3401,8,4096,8096712,crc32,PRESET5,0,1,11.66
x86_64,3401,8,4096,8096712,crc32,PRESET5,0,0,11.532
x86_64,3401,8,4096,8096712,crc32,PRESET6,1,1,29.776
x86_64,3401,8,4096,8096712,crc32,PRESET6,1,0,29.384
x86_64,3401,8,4096,8096712,crc32,PRESET6,0,1,14.48
x86_64,3401,8,4096,8096712,crc32,PRESET6,0,0,14.87
x86_64,3401,8,4096,8096712,crc32,PRESET7,1,1,30.098
x86_64,3401,8,4096,8096712,crc32,PRESET7,1,0,30.094
x86_64,3401,8,4096,8096712,none,PRESET1,0,0,2.97
x86_64,3401,8,4096,8096712,crc32,PRESET7,0,1,14.86
x86_64,3401,8,4096,8096712,crc32,PRESET7,0,0,14.644
x86_64,3401,8,4096,8096712,crc32,PRESET8,1,1,30.692
x86_64,3401,8,4096,8096712,crc32,PRESET8,1,0,30.436
x86_64,3401,8,4096,8096712,crc32,PRESET8,0,1,14.95
x86_64,3401,8,4096,8096712,crc32,PRESET8,0,0,14.95
x86_64,3401,8,4096,8096712,crc32,PRESET9,1,1,30.774
x86_64,3401,8,4096,8096712,crc32,PRESET9,1,0,30.63
x86_64,3401,8,4096,8096712,crc32,PRESET9,0,1,15.06
x86_64,3401,8,4096,8096712,crc32,PRESET9,0,0,14.916
x86_64,3401,8,4096,8096712,none,PRESET2,1,1,27.184
x86_64,3401,8,4096,8096712,crc64,PRESET0,1,1,22.652
x86_64,3401,8,4096,8096712,crc64,PRESET0,1,0,23.304
x86_64,3401,8,4096,8096712,crc64,PRESET0,0,1,2.592
x86_64,3401,8,4096,8096712,crc64,PRESET0,0,0,2.542
x86_64,3401,8,4096,8096712,crc64,PRESET1,1,1,25.356
x86_64,3401,8,4096,8096712,crc64,PRESET1,1,0,25.142
x86_64,3401,8,4096,8096712,crc64,PRESET1,0,1,3.01
x86_64,3401,8,4096,8096712,crc64,PRESET1,0,0,3.012
x86_64,3401,8,4096,8096712,crc64,PRESET2,1,1,26.812
x86_64,3401,8,4096,8096712,crc64,PRESET2,1,0,26.826
x86_64,3401,8,4096,8096712,none,PRESET2,1,0,27.668
x86_64,3401,8,4096,8096712,crc64,PRESET2,0,1,4.206
x86_64,3401,8,4096,8096712,crc64,PRESET2,0,0,4.314
x86_64,3401,8,4096,8096712,crc64,PRESET3,1,1,26.50
x86_64,3401,8,4096,8096712,crc64,PRESET3,1,0,26.508
x86_64,3401,8,4096,8096712,crc64,PRESET3,0,1,5.51
x86_64,3401,8,4096,8096712,crc64,PRESET3,0,0,5.498
x86_64,3401,8,4096,8096712,crc64,PRESET4,1,1,28.176
x86_64,3401,8,4096,8096712,crc64,PRESET4,1,0,28.36
x86_64,3401,8,4096,8096712,crc64,PRESET4,0,1,9.312
x86_64,3401,8,4096,8096712,crc64,PRESET4,0,0,9.05
x86_64,3291,4,4096,8152440,none,PRESET0,1,1,25.872
x86_64,3291,4,4096,8152440,none,PRESET0,1,0,25.874
x86_64,3291,4,4096,8152440,none,PRESET2,0,1,4.90
x86_64,3291,4,4096,8152440,crc64,PRESET5,1,1,31.394
x86_64,3291,4,4096,8152440,crc64,PRESET5,1,0,31.42
x86_64,3291,4,4096,8152440,crc64,PRESET5,0,1,13.266
x86_64,3291,4,4096,8152440,crc64,PRESET5,0,0,13.256
x86_64,3291,4,4096,8152440,crc64,PRESET6,1,1,33.856
x86_64,3291,4,4096,8152440,crc64,PRESET6,1,0,33.888
x86_64,3291,4,4096,8152440,crc64,PRESET6,0,1,16.716
x86_64,3291,4,4096,8152440,crc64,PRESET6,0,0,16.688
x86_64,3291,4,4096,8152440,crc64,PRESET7,1,1,34.69
x86_64,3291,4,4096,8152440,crc64,PRESET7,1,0,34.632
x86_64,3291,4,4096,8152440,none,PRESET2,0,0,4.888
x86_64,3291,4,4096,8152440,crc64,PRESET7,0,1,16.884
x86_64,3291,4,4096,8152440,crc64,PRESET7,0,0,16.918
x86_64,3291,4,4096,8152440,crc64,PRESET8,1,1,34.732
x86_64,3291,4,4096,8152440,crc64,PRESET8,1,0,34.818
x86_64,3291,4,4096,8152440,crc64,PRESET8,0,1,16.97
x86_64,3291,4,4096,8152440,crc64,PRESET8,0,0,16.954
x86_64,3291,4,4096,8152440,crc64,PRESET9,1,1,34.978
x86_64,3291,4,4096,8152440,crc64,PRESET9,1,0,35.042
x86_64,3291,4,4096,8152440,crc64,PRESET9,0,1,17.174
x86_64,3291,4,4096,8152440,crc64,PRESET9,0,0,17.194
x86_64,3291,4,4096,8152440,none,PRESET3,1,1,30.544
x86_64,3291,4,4096,8152440,sha256,PRESET0,1,1,26.202
x86_64,3291,4,4096,8152440,sha256,PRESET0,1,0,26.194
x86_64,3291,4,4096,8152440,sha256,PRESET0,0,1,3.232
x86_64,3291,4,4096,8152440,sha256,PRESET0,0,0,3.23
x86_64,3291,4,4096,8152440,sha256,PRESET1,1,1,29.652
x86_64,3291,4,4096,8152440,sha256,PRESET1,1,0,29.602
x86_64,3291,4,4096,8152440,sha256,PRESET1,0,1,3.93
x86_64,3291,4,4096,8152440,sha256,PRESET1,0,0,3.942
x86_64,3291,4,4096,8152440,sha256,PRESET2,1,1,31.406
x86_64,3291,4,4096,8152440,sha256,PRESET2,1,0,31.404
x86_64,3291,4,4096,8152440,none,PRESET3,1,0,30.526
x86_64,3291,4,4096,8152440,sha256,PRESET2,0,1,5.248
x86_64,3291,4,4096,8152440,sha256,PRESET2,0,0,5.25
x86_64,3291,4,4096,8152440,sha256,PRESET3,1,1,30.90
x86_64,3291,4,4096,8152440,sha256,PRESET3,1,0,30.88
x86_64,3291,4,4096,8152440,sha256,PRESET3,0,1,6.706
x86_64,3291,4,4096,8152440,sha256,PRESET3,0,0,6.716
x86_64,3291,4,4096,8152440,sha256,PRESET4,1,1,32.816
x86_64,3291,4,4096,8152440,sha256,PRESET4,1,0,32.828
x86_64,3291,4,4096,8152440,sha256,PRESET4,0,1,10.694
x86_64,3291,4,4096,8152440,sha256,PRESET4,0,0,10.704
x86_64,3291,4,4096,8152440,none,PRESET3,0,1,6.35
x86_64,3291,4,4096,8152440,sha256,PRESET5,1,1,31.734
x86_64,3291,4,4096,8152440,sha256,PRESET5,1,0,31.738
x86_64,3291,4,4096,8152440,sha256,PRESET5,0,1,13.58
x86_64,3291,4,4096,8152440,sha256,PRESET5,0,0,13.582
x86_64,3291,4,4096,8152440,sha256,PRESET6,1,1,34.168
x86_64,3291,4,4096,8152440,sha256,PRESET6,1,0,34.176
x86_64,3291,4,4096,8152440,sha256,PRESET6,0,1,17.008
x86_64,3291,4,4096,8152440,sha256,PRESET6,0,0,17.014
x86_64,3291,4,4096,8152440,sha256,PRESET7,1,1,34.966
x86_64,3291,4,4096,8152440,sha256,PRESET7,1,0,34.962
x86_64,3291,4,4096,8152440,none,PRESET3,0,0,6.358
x86_64,3291,4,4096,8152440,sha256,PRESET7,0,1,17.214
x86_64,3291,4,4096,8152440,sha256,PRESET7,0,0,17.192
x86_64,3291,4,4096,8152440,sha256,PRESET8,1,1,35.064
x86_64,3291,4,4096,8152440,sha256,PRESET8,1,0,35.064
x86_64,3291,4,4096,8152440,sha256,PRESET8,0,1,17.264
x86_64,3291,4,4096,8152440,sha256,PRESET8,0,0,17.264
x86_64,3291,4,4096,8152440,sha256,PRESET9,1,1,35.332
x86_64,3291,4,4096,8152440,sha256,PRESET9,1,0,35.318
x86_64,3291,4,4096,8152440,sha256,PRESET9,0,1,17.484
x86_64,3291,4,4096,8152440,sha256,PRESET9,0,0,17.49
x86_64,3291,4,4096,8152440,none,PRESET4,1,1,32.456
x86_64,3291,4,4096,8152440,none,PRESET4,1,0,32.43
x86_64,3291,4,4096,8152440,none,PRESET4,0,1,10.336
x86_64,3291,4,4096,8152440,none,PRESET4,0,0,10.336
x86_64,3291,4,4096,8152440,none,PRESET0,0,1,2.874
x86_64,3291,4,4096,8152440,none,PRESET5,1,1,31.372
x86_64,3291,4,4096,8152440,none,PRESET5,1,0,31.348
x86_64,3291,4,4096,8152440,none,PRESET5,0,1,13.212
x86_64,3291,4,4096,8152440,none,PRESET5,0,0,13.184
x86_64,3291,4,4096,8152440,none,PRESET6,1,1,33.866
x86_64,3291,4,4096,8152440,none,PRESET6,1,0,33.816
x86_64,3291,4,4096,8152440,none,PRESET6,0,1,16.664
x86_64,3291,4,4096,8152440,none,PRESET6,0,0,16.644
x86_64,3291,4,4096,8152440,none,PRESET7,1,1,34.61
x86_64,3291,4,4096,8152440,none,PRESET7,1,0,34.578
x86_64,3291,4,4096,8152440,none,PRESET0,0,0,2.87
x86_64,3291,4,4096,8152440,none,PRESET7,0,1,16.824
x86_64,3291,4,4096,8152440,none,PRESET7,0,0,16.85
x86_64,3291,4,4096,8152440,none,PRESET8,1,1,34.69
x86_64,3291,4,4096,8152440,none,PRESET8,1,0,34.72
x86_64,3291,4,4096,8152440,none,PRESET8,0,1,16.872
x86_64,3291,4,4096,8152440,none,PRESET8,0,0,16.892
x86_64,3291,4,4096,8152440,none,PRESET9,1,1,34.966
x86_64,3291,4,4096,8152440,none,PRESET9,1,0,34.962
x86_64,3291,4,4096,8152440,none,PRESET9,0,1,17.132
x86_64,3291,4,4096,8152440,none,PRESET9,0,0,17.122
x86_64,3291,4,4096,8152440,none,PRESET1,1,1,29.22
x86_64,3291,4,4096,8152440,crc32,PRESET0,1,1,25.876
x86_64,3291,4,4096,8152440,crc32,PRESET0,1,0,25.898
x86_64,3291,4,4096,8152440,crc32,PRESET0,0,1,2.904
x86_64,3291,4,4096,8152440,crc32,PRESET0,0,0,2.902
x86_64,3291,4,4096,8152440,crc32,PRESET1,1,1,29.314
x86_64,3291,4,4096,8152440,crc32,PRESET1,1,0,29.274
x86_64,3291,4,4096,8152440,crc32,PRESET1,0,1,3.63
x86_64,3291,4,4096,8152440,crc32,PRESET1,0,0,3.618
x86_64,3291,4,4096,8152440,crc32,PRESET2,1,1,31.094
x86_64,3291,4,4096,8152440,crc32,PRESET2,1,0,31.108
x86_64,3291,4,4096,8152440,none,PRESET1,1,0,29.24
x86_64,3291,4,4096,8152440,crc32,PRESET2,0,1,4.952
x86_64,3291,4,4096,8152440,crc32,PRESET2,0,0,4.932
x86_64,3291,4,4096,8152440,crc32,PRESET3,1,1,30.624
x86_64,3291,4,4096,8152440,crc32,PRESET3,1,0,30.584
x86_64,3291,4,4096,8152440,crc32,PRESET3,0,1,6.412
x86_64,3291,4,4096,8152440,crc32,PRESET3,0,0,6.39
x86_64,3291,4,4096,8152440,crc32,PRESET4,1,1,32.524
x86_64,3291,4,4096,8152440,crc32,PRESET4,1,0,32.48
x86_64,3291,4,4096,8152440,crc32,PRESET4,0,1,10.38
x86_64,3291,4,4096,8152440,crc32,PRESET4,0,0,10.378
x86_64,3291,4,4096,8152440,none,PRESET1,0,1,3.58
x86_64,3291,4,4096,8152440,crc32,PRESET5,1,1,31.392
x86_64,3291,4,4096,8152440,crc32,PRESET5,1,0,31.412
x86_64,3291,4,4096,8152440,crc32,PRESET5,0,1,13.244
x86_64,3291,4,4096,8152440,crc32,PRESET5,0,0,13.268
x86_64,3291,4,4096,8152440,crc32,PRESET6,1,1,33.834
x86_64,3291,4,4096,8152440,crc32,PRESET6,1,0,33.858
x86_64,3291,4,4096,8152440,crc32,PRESET6,0,1,16.682
x86_64,3291,4,4096,8152440,crc32,PRESET6,0,0,16.706
x86_64,3291,4,4096,8152440,crc32,PRESET7,1,1,34.604
x86_64,3291,4,4096,8152440,crc32,PRESET7,1,0,34.656
x86_64,3291,4,4096,8152440,none,PRESET1,0,0,3.586
x86_64,3291,4,4096,8152440,crc32,PRESET7,0,1,16.904
x86_64,3291,4,4096,8152440,crc32,PRESET7,0,0,16.884
x86_64,3291,4,4096,8152440,crc32,PRESET8,1,1,34.788
x86_64,3291,4,4096,8152440,crc32,PRESET8,1,0,34.728
x86_64,3291,4,4096,8152440,crc32,PRESET8,0,1,16.942
x86_64,3291,4,4096,8152440,crc32,PRESET8,0,0,16.89
x86_64,3291,4,4096,8152440,crc32,PRESET9,1,1,35.042
x86_64,3291,4,4096,8152440,crc32,PRESET9,1,0,34.96
x86_64,3291,4,4096,8152440,crc32,PRESET9,0,1,17.178
x86_64,3291,4,4096,8152440,crc32,PRESET9,0,0,17.136
x86_64,3291,4,4096,8152440,none,PRESET2,1,1,31.04
x86_64,3291,4,4096,8152440,crc64,PRESET0,1,1,25.934
x86_64,3291,4,4096,8152440,crc64,PRESET0,1,0,25.93
x86_64,3291,4,4096,8152440,crc64,PRESET0,0,1,2.93
x86_64,3291,4,4096,8152440,crc64,PRESET0,0,0,2.932
x86_64,3291,4,4096,8152440,crc64,PRESET1,1,1,29.30
x86_64,3291,4,4096,8152440,crc64,PRESET1,1,0,29.314
x86_64,3291,4,4096,8152440,crc64,PRESET1,0,1,3.654
x86_64,3291,4,4096,8152440,crc64,PRESET1,0,0,3.654
x86_64,3291,4,4096,8152440,crc64,PRESET2,1,1,31.108
x86_64,3291,4,4096,8152440,crc64,PRESET2,1,0,31.122
x86_64,3291,4,4096,8152440,none,PRESET2,1,0,31.062
x86_64,3291,4,4096,8152440,crc64,PRESET2,0,1,4.974
x86_64,3291,4,4096,8152440,crc64,PRESET2,0,0,4.958
x86_64,3291,4,4096,8152440,crc64,PRESET3,1,1,30.654
x86_64,3291,4,4096,8152440,crc64,PRESET3,1,0,30.59
x86_64,3291,4,4096,8152440,crc64,PRESET3,0,1,6.452
x86_64,3291,4,4096,8152440,crc64,PRESET3,0,0,6.416
x86_64,3291,4,4096,8152440,crc64,PRESET4,1,1,32.548
x86_64,3291,4,4096,8152440,crc64,PRESET4,1,0,32.49
x86_64,3291,4,4096,8152440,crc64,PRESET4,0,1,10.426
x86_64,3291,4,4096,8152440,crc64,PRESET4,0,0,10.41
