N,N2,N3,M,All,X100
14.028,14.249,15.417,13.794,14.088,14.70161651
14.903,13.56,14.014,14.612,14.167,14.33496914
14.3,14.91,15.697,14.192,14.281,14.69222956
14.543,14.845,14.007,13.539,14.334,14.21978651
14.382,15.525,15.156,14.224,14.107,14.16729072
14.319,14.58,13.135,13.36,14.223,14.15038639
13.772,13.778,14.308,15.125,14.229,14.03464473
15.137,13.357,13.501,13.392,14.247,14.46407844
15.861,15.049,14.003,13.014,14.137,14.49154659
15.855,13.465,14.483,14.055,14.349,14.4725533
13.914,12.902,14.235,13.934,14.4,14.38226361
14.122,12.736,16.085,13.759,13.695,14.03327771
14.332,15.197,14.09,15.326,13.702,14.27990747
14.475,14.447,15.599,14.694,14.238,14.34592096
14.141,13.937,14.232,14.46,13.359,13.76046853
15.093,15.224,14.261,14.722,13.335,14.29778185
14.166,15.736,13.858,13.44,13.499,14.3139291
14.623,13.698,14.388,15.708,13.483,13.94448168
15.215,14.375,13.574,14.602,13.907,13.54234914
15.303,14.05,15.042,13.161,13.398,14.44081162
13.847,13.412,13.574,14.376,13.44,14.04076001
15.045,13.419,14.534,13.937,13.277,13.88342308
14.441,14.323,14.949,13.437,13.371,13.93568235
13.89,16.083,14.442,14.192,13.611,14.14850323
15.002,14.12,14.2,13.977,15.688,14.16419357
16.368,15.843,13.967,15.499,15.721,13.77366453
13.856,15.623,14.174,14.756,14.28,14.42056383
14.093,14.005,13.882,15.566,15.02,16.39457358
15.985,15.296,14.584,14.842,15.101,15.94136766
13.48,13.832,13.596,14.053,15.348,16.05409836
15.518,13.419,13.401,14.4,15.032,16.02078256
14.345,13.702,14.756,15.214,15.186,15.41854443
15.266,13.814,14.182,13.075,14.623,16.16675866
14.442,14.3,13.25,16.043,14.673,16.3155961
14.336,15.513,13.21,13.181,14.996,16.20824795
15.692,15.587,14.223,13.649,15.306,16.25479606
15.491,14.602,15.513,15.146,15.277,16.12674637
13.369,14.398,16.301,15.088,15.577,16.15671219
13.631,14.093,13.263,15.427,14.585,16.37471925
15.26,15.623,13.41,14.746,14.675,15.75885754
14.234,15.137,14.585,13.937,14.434,16.51125921
13.446,14.405,14.455,14.155,15.313,16.20594642
13.004,14.128,14.764,15.4,15.501,16.30329523
15.143,13.988,14.505,13.514,14.811,16.40281628
14.203,14.707,14.105,13.816,14.602,16.12851034
14.168,14.357,13.37,15.434,15.014,16.25904774
14.591,14.699,15.064,15.739,14.449,16.27112871
15.873,13.871,15.9,14.981,15.042,15.94398314
13.615,15.185,15.595,13.31,15.154,15.8977786
14.281,15.322,14.779,14.439,15.331,15.24432392
14.747,14.62,15.331,13.802,14.868,15.80690526
14.796,15.806,13.622,15.15,15.458,15.87110576
14.981,13.939,13.17,14.302,15.038,15.75906376
13.778,14.631,15.093,14.585,14.863,16.08235211
13.185,14.039,14.439,15.553,15.434,15.63468587
15.926,13.014,14.461,13.965,14.813,16.13159519
15.447,13.424,16.059,13.198,14.978,16.12785751
13.968,14.028,15.585,13.938,14.671,15.68831099
15.683,14.33,13.521,14.677,15.098,16.09092984
14.3,13.659,14.245,14.426,14.969,15.73454455
14.988,13.591,15.48,13.917,14.617,15.81551018
13.63,14.27,14.56,13.782,14.925,16.11868973
14.166,14.554,14.447,13.61,14.8,15.54896144
13.252,16.453,14.327,15.898,14.662,15.94993085
13.736,14.936,13.946,15.568,15.234,15.90440353
15.018,16.283,14.818,15.591,15.077,15.86532599
15.038,14.674,15.031,13.794,15.067,16.03035529
14.203,14.139,13.949,15.344,15.301,16.06047514
13.849,14.623,15.12,13.618,14.909,15.69026894
16.016,13.245,14.221,15.03,15.366,15.9445142
13.175,15.913,14.723,13.532,14.691,16.16979091
13.93,15.047,14.012,14.033,14.662,16.19423902
14.35,13.683,15.014,14.703,14.705,15.72062837
14.131,14.535,14.126,14.622,15.458,16.28245614
15.003,14.246,15.329,14.274,15.177,16.01044844
15.032,13.501,14.255,13.308,15.513,15.75774796
13.394,13.926,14.573,13.129,14.833,15.98614337
13.972,14.651,15.256,14.1,15.226,15.56506286
14.418,14.759,13.176,13.761,15.112,16.26308183
15.417,15.072,14.171,13.663,15.427,16.19475781
15.305,14.829,13.972,14.338,15.307,15.66009761
13.421,14.051,13.297,14.536,15.315,15.46426624
15.054,13.288,15.395,13.792,15.256,15.81288495
14.103,14.075,14.785,13.517,15.14,16.10221386
16.198,16.057,14.088,14.693,14.763,15.96794209
13.863,15.93,13.445,14.065,14.861,15.39619914
14.717,14.864,13.276,15.823,14.651,15.34894061
14.153,14.764,13.591,13.446,15.097,15.94638236
14.56,15.952,14.166,14.809,15.364,15.72271891
15.072,13.52,14.646,14.579,15.074,15.83827845
13.896,14.234,15.187,14.003,15.344,16.04628455
14.512,13.086,14.026,14.966,15.109,15.80195796
14.892,16.384,14.566,14.639,15.211,15.92324735
14.013,15.46,13.698,15.039,14.884,15.12268987
14.783,14.221,14.33,14.087,14.751,15.87772684
14.353,13.955,15.739,14.281,15.371,16.16935809
15.337,14.401,13.963,13.406,15.645,16.09498508
14.482,13.983,15.263,15.577,15.009,16.14184751
13.659,13.735,14.563,13.178,14.885,16.05575679
15.578,14.508,13.128,13.988,14.651,15.64674706
14.493,14.617,14.958,16.022,15.268,
14.297,13.195,14.464,14.468,15.431,
14.668,14.288,15.175,14.76,15.237,
15.681,15.317,14.422,15.098,15.253,
16.159,14.83,14.453,14.796,15.015,
15.7,16.379,14.595,13.592,14.674,
13.655,13.977,14.684,14.733,15.425,
13.37,13.128,13.449,15.584,15.523,
14.839,14.735,14.17,13.117,14.784,
14.448,14.357,14.114,16.093,15.428,
14.324,14.893,14.4,13.587,14.929,
14.54,14.723,13.878,14.282,14.792,
14.819,13.159,14.335,14.987,15.147,
14.019,14.164,14.074,15.366,15.4,
14.584,15.361,14.503,13.255,15.345,
13.904,15.978,14.095,13.634,14.536,
14.481,14.016,14.591,14.902,14.632,
15.148,14.633,14.084,13.797,15.041,
13.955,13.595,13.483,14.036,14.908,
14.626,13.071,14.47,16.029,14.819,
14.149,14.114,14.651,13.976,14.877,
15.371,14.211,14.223,13.13,15.176,
14.567,15.391,14.528,15.047,14.572,
14.566,14.671,16.241,13.969,15.027,
13.203,15.999,13.81,15.158,14.99,
14.039,14.335,15.248,13.412,14.643,
14.476,13.728,14.275,13.576,14.223,
14.527,14.479,13.97,14.128,15.022,
15.67,15.538,15.843,16.474,14.718,
13.923,13.078,15.066,14.192,15.207,
14.119,14.486,14.644,15.309,14.764,
14.097,14.803,16.356,15.369,14.944,
13.763,13.869,13.889,15.701,14.925,
14.114,13.975,14.547,14.922,14.437,
14.274,16.27,15.293,13.307,15.006,
13.07,13.677,13.562,13.646,15.299,
15.93,13.465,14.513,14.623,14.854,
14.16,14.987,14.173,13.804,14.699,
13.81,13.922,15.719,14.219,14.563,
15.428,14.288,14.005,15.661,14.848,
14.04,13.991,13.837,14.839,14.969,
13.979,15.15,13.515,14.236,14.761,
15.253,15.8,13.46,15.18,14.325,
13.482,14.918,13.863,14.159,14.506,
13.366,15.173,15.256,14.401,14.203,
15.142,14.629,13.784,13.963,14.653,
13.499,15.18,14.548,14.673,14.52,
14.718,13.117,13.516,14.858,14.595,
14.833,13.646,14.071,15.193,14.88,
14.633,13.605,13.81,14.38,14.667,
16.1,13.226,14.211,14.817,15.292,
14.003,13.648,15.295,16.368,14.408,
14.16,14.286,14.57,14.839,14.986,
14.164,15.681,14,13.731,14.597,
13.403,13.357,14.527,13.944,13.727,
13.404,14.835,15.011,15.329,14.253,
13.881,14.46,14.881,14.318,14.728,
13.457,14.227,15.129,15.039,14.405,
16.189,14.564,13.906,13.83,14.29,
13.297,14.265,15.135,13.498,14.809,
15.463,15.204,14.706,14.539,14.735,
14.927,13.375,14.181,14.877,13.966,
14.534,14.594,14.806,13.387,14.097,
13.607,13.94,13.128,15.612,14.465,
15.225,15.088,14.451,16.313,14.759,
13.421,14.132,16.301,16.581,14.465,
14.012,15.137,14.391,13.915,14.803,
15.449,15.104,13.172,14.12,14.288,
13.401,15.343,13.933,14.485,13.97,
14.232,16.301,14.523,15.513,14.022,
15.821,13.725,13.203,15.49,13.595,
13.728,13.981,14.139,14.166,14.593,
13.875,14.026,15.125,14.08,14.488,
14.227,13.087,14.671,16.131,14.576,
14.74,14.878,14.48,15.334,14.174,
13.611,14.153,16.223,14.019,14.515,
13.515,15.63,13.252,13.513,14.233,
14.051,13.646,14.36,14.45,14.78,
13.765,13.356,15.048,15.979,14.78,
13.637,12.819,15.98,14.101,14.493,
16.367,14.763,14.013,14.692,14.827,
15.974,14.052,13.631,15.948,13.979,
16.206,13.764,13.552,13.873,14.028,
13.93,14.534,15.463,15.091,14.689,
14.433,14.015,14.44,14.927,13.984,
15.234,15.316,14.702,13.518,14.702,
13.875,14.026,13.806,16.429,14.245,
14.354,15.532,15.967,13.458,14.34,
14.868,15.14,14.764,14.815,14.306,
13.159,14.785,14.038,15.873,14.267,
15.088,13.457,14.465,15.305,14.468,
16.533,15.59,13.97,13.722,14.576,
14.427,14.409,13.246,16.234,14.233,
15.585,13.727,16.004,13.348,14.069,
15.427,13.069,14.276,13.914,14.478,
,15.36,14.58,15.026,14.423,
,14.488,14.301,14.615,14.449,
,13.646,14.031,15.083,14.451,
,14.041,13.574,15.002,14.382,
,14.085,15.33,14.707,13.889,
,15.855,15.297,13.224,13.711,
,13.68,15.288,15.868,14.155,
,13.531,15.357,14.229,14.105,
,14.644,14.516,14.796,14.288,
,14.288,13.875,13.808,13.711,
,14.371,14.155,14.282,13.611,
,14.318,14.717,14.028,14.312,
,14.4,15.162,13.917,14.234,
,13.604,14.391,14.493,13.939,
,14.472,15.518,13.784,14.04,
,14.686,15.708,14.313,13.76,
,13.894,16.198,14.001,14.275,
,14.961,15.041,14.228,13.963,
,13.994,13.117,13.468,14.149,
,14.397,14.308,13.863,14.232,
,13.933,13.951,14.864,14.483,
,15.873,14.261,15.277,14.208,
,14.199,13.408,16.273,14.57,
,14.884,13.794,15.031,14.17,
,14.428,13.536,13.199,13.99,
,15.845,15.097,14.766,14.244,
,13.528,15.163,13.491,13.993,
,14.976,13.366,16.109,14.61,
,16.269,14.298,14.251,14.223,
,13.591,14.367,15.861,14.342,
,15.663,14.339,13.536,14.34,
,14.323,13.523,15.418,14.342,
,15.18,14.616,14.242,14.034,
,13.459,14.966,14.151,14.498,
,15.998,14.32,15.345,14.529,
,15.257,15.49,15.384,14.431,
,13.293,15.218,15.246,14.519,
,13.886,13.857,15.701,14.462,
,15.088,15.234,13.623,14.579,
,13.523,13.597,14.477,14.415,
,15.493,14.312,13.291,14.293,
,16.071,14.355,15.789,14.259,
,15.56,14.756,14.111,14.108,
,13.657,13.511,14.054,14.6,
,15.701,15.549,15.512,14.661,
,14.611,13.632,14.142,14.74,
,13.812,14.467,14.735,14.403,
,14.215,14.381,13.209,14.039,
,14.764,13.703,14.975,14.225,
,14.978,14.921,14.23,13.888,
,14.208,15.703,15.284,14.785,
,14.914,14.612,15.841,14.35,
,13.324,14.454,13.506,14.469,
,14.923,13.875,13.387,13.854,
,15.434,13.316,12.823,14.295,
,14.355,16.453,14.208,14.464,
,15.136,15.128,14.261,14.718,
,15.265,15.006,14.664,14.435,
,13.591,14.422,14.088,14.124,
,14.331,13.52,14.779,14.528,
,14.162,14.752,14.423,14.324,
,15.305,13.938,13.511,13.969,
,14.101,15.317,14.184,14.56,
,13.493,15.93,13.462,14.493,
,15.48,14.011,14.764,14.418,
,14.305,14.851,14.342,14.493,
,14.161,15.18,14.865,14.702,
,13.159,15.336,15.252,14.821,
,13.094,14.12,14.644,14.301,
,14.458,14.203,13.416,14.114,
,16.296,13.848,15.371,14.11,
,14.489,13.596,15.508,13.685,
,13.844,13.682,15.217,14.639,
,13.532,14.187,14.835,14.868,
,14.526,15.211,13.731,14.488,
,13.238,14.245,15.585,14.485,
,15.357,13.613,14.306,14.318,
,14.533,13.171,15.006,14.79,
,13.904,14.028,13.567,14.325,
,15.188,13.723,15.033,14.526,
,14.802,14.26,14.883,13.8,
,15.092,14.542,13.952,14.297,
,16.127,15.25,14.437,14.103,
,15.708,14.446,16.182,14.161,
,13.71,14.951,14.052,14.3,
,13.071,14.62,15.468,14.536,
,14.376,15.638,14.643,14.637,
,15.816,15.104,15.381,14.379,
,15.293,13.939,13.989,14.698,
,15.3,13.531,14.338,13.703,
,14.184,15.473,14.595,13.986,
,16.159,15.063,13.935,14.239,
,15.463,16.009,14.022,14.671,
,15.054,13.96,13.409,14.255,
,13.8,14.903,14.749,14.434,
,13.018,16.258,14.559,14.15,
,13.82,14.406,13.906,14.341,
,15.213,15.518,14.955,14.716,
,15.57,14.924,13.948,14.257,
,16.223,14.502,14.509,13.926,
,15.44,15.114,14.532,14.153,
,13.81,14.514,14.409,14.379,
,15.483,14.921,14.209,14.183,
,14.674,14.108,13.247,14.514,
,14.154,14.426,14.265,13.922,
,15.663,13.65,13.276,14.471,
,15.937,13.811,13.93,13.926,
,15.094,13.553,14.975,14.111,
,13.344,14.041,13.518,14.094,
,14.319,15.96,13.946,14.507,
,14.515,13.185,14.45,14.209,
,14.338,13.903,13.797,14.193,
,13.883,14.508,13.849,14.232,
,14.119,13.335,15.181,14.085,
,14.192,14.718,13.552,14.364,
,14.321,14.341,14.443,14.213,
,14.171,16.059,14.629,14.383,
,13.764,14.177,14.912,14.749,
,14.483,13.075,14.757,14.338,
,13.63,13.808,15.853,14.46,
,14.84,14.466,15.109,14.58,
,14.028,14.995,15.33,14.627,
,16.184,15.397,14.88,14.496,
,14.184,13.567,14.469,14.419,
,13.888,14.877,13.445,14.893,
,14.375,14.564,13.837,14.189,
,13.97,14.52,13.319,14.341,
,16.206,14.149,15.458,14.616,
,14.281,14.306,15.295,14.566,
,14.547,16.296,13.993,14.584,
,14.612,15.12,14.636,14.378,
,15.305,13.482,15.749,14.55,
,15.799,14.132,14.122,14.464,
,14.777,14.177,13.547,14.292,
,14.335,14.474,14.015,14.561,
,16.198,13.937,13.965,14.552,
,14.006,14.731,15.475,14.136,
,16.093,15.234,15.588,14.208,
,13.804,14.122,15.983,14.439,
,13.424,13.238,14.169,14.581,
,15.421,14.649,13.699,14.495,
,13.805,14.855,15.072,14.436,
,13.772,15.211,14.571,14.44,
,15.098,13.917,14.418,14.343,
,14.325,15.59,13.614,14.549,
,14.893,14.402,14.389,14.585,
,15.425,15.313,15.299,14.267,
,15.191,14.032,15.054,14.382,
,14.009,15.344,13.799,14.335,
,13.23,15.008,13.736,14.475,
,14.405,13.596,13.506,14.067,
,15.316,14.785,14.178,14.162,
,13.773,14.493,13.754,14.185,
,14.097,15.22,13.644,14.373,
,15.179,15.349,14.355,14.78,
,15.005,15.63,15.104,14.636,
,15.988,14.75,14.412,14.143,
,15.397,14.239,13.835,14.311,
,14.324,13.449,14.649,14.747,
,13.866,14.475,14.257,14.175,
,14.755,14.39,14.616,14.063,
,13.889,14.383,14.043,14.808,
,13.158,15.088,15.639,14.154,
,14.95,15.018,14.119,14.745,
,14.407,14.297,14.744,14.764,
,14.011,13.803,13.878,14.508,
,14.686,13.938,14.832,14.527,
,14.921,15.234,15.947,14.705,
,13.611,13.543,13.835,14.015,
,13.85,13.962,14.088,14.508,
,15.78,14.239,14.813,14.382,
,15.938,16.014,14.649,14.584,
,13.959,14.353,14.419,13.426,
,13.079,13.427,13.226,14.902,
,14.141,13.953,13.782,15.009,
,14.585,14.542,14.335,14.39,
,14.512,14.486,14.3,14.447,
,13.351,13.978,14.528,14.73,
,14.139,13.369,14.151,14.334,
,14.838,14.979,13.731,14.142,
,14.459,13.893,15.621,14.347,
,13.731,15.749,14.5,14.409,
,14.47,15.268,15.816,14.198,
,14.929,14.763,15.626,14.015,
,15.116,13.992,14.153,14.515,
,15.269,13.275,14.64,14.62,
,14.749,16.233,13.883,14.694,
,15.336,14.414,14.303,14.398,
,15.097,15.138,15.207,14.607,
,13.034,13.587,15.558,14.471,
,14.292,15.911,13.41,14.829,
,13.995,13.524,15.236,14.84,
,13.097,14.85,15.768,14.38,
,14.002,13.159,14.573,14.22,
,14.242,13.614,13.627,14.513,
,,15.542,15.057,14.582,
,,14.816,13.847,14.769,
,,14.699,13.894,14.76,
,,14.041,13.23,14.936,
,,14.755,14.033,14.218,
,,13.562,15.755,14.675,
,,15.273,15.518,14.777,
,,14.442,14.877,14.424,
,,14.001,14.553,14.463,
,,14.715,13.588,14.703,
,,13.894,13.915,14.926,
,,13.771,14.409,14.676,
,,15.339,14.451,14.123,
,,14.728,15.108,14.615,
,,15.531,14.158,14.636,
,,15.107,13.972,14.474,
,,14.169,14.689,14.755,
,,14.68,14.889,14.393,
,,13.881,14.667,14.579,
,,15.206,13.368,14.332,
,,15.251,14.176,14.602,
,,13.797,15.256,14.455,
,,14.458,14.824,14.738,
,,14.437,14.849,14.037,
,,14.915,15.047,14.052,
,,14.434,14.095,14.459,
,,12.823,14.055,14.706,
,,13.877,16.241,14.422,
,,14.616,13.37,13.923,
,,13.946,13.945,14.121,
,,14.981,14.337,14.466,
,,14.454,13.068,14.299,
,,14.839,14.639,14.018,
,,15.43,15.88,14.241,
,,15.441,13.478,14.403,
,,13.682,14.123,14.053,
,,14.617,14.717,13.942,
,,14.705,14.062,14.381,
,,14.61,13.325,14.266,
,,13.767,14.218,13.506,
,,16.101,14.518,14.147,
,,15.337,15.105,14.216,
,,14.178,15.1,14.155,
,,15.945,14.576,14.37,
,,14.851,13.933,13.591,
,,14.892,14.37,13.757,
,,14.619,15.765,13.783,
,,14.645,16.168,14.184,
,,14.459,14.514,14.263,
,,14.702,15.421,14.548,
,,13.878,14.633,13.991,
,,14.067,14.35,13.794,
,,14.308,13.578,14.13,
,,13.436,14.056,14.463,
,,14.477,13.674,14.398,
,,14.601,15.991,13.879,
,,15.417,14.018,14.124,
,,14.336,13.426,14.344,
,,15.26,13.728,14.451,
,,16.004,15.112,13.835,
,,13.938,13.252,14.053,
,,16.078,15.186,13.856,
,,13.041,14.462,13.401,
,,13.634,14.194,13.89,
,,14.644,13.528,13.961,
,,14.565,13.647,13.744,
,,14.194,13.937,14.048,
,,14.192,13.086,15.138,
,,14.356,13.535,15.011,
,,13.404,14.35,14.841,
,,14.74,13.844,14.747,
,,14.268,14.24,14.614,
,,14.408,14.515,14.524,
,,15.961,15.022,14.541,
,,16.347,14.531,14.637,
,,15.213,14.168,14.611,
,,14.174,14.3,14.493,
,,14.637,15.483,14.701,
,,14.322,13.881,14.585,
,,15.911,14.895,14.39,
,,15.514,15.148,14.465,
,,13.432,13.391,14.538,
,,14.94,15.532,14.667,
,,15.313,14.566,14.59,
,,13.474,13.358,14.722,
,,15.002,14.022,14.571,
,,15.034,12.908,14.41,
,,14,15.206,14.59,
,,14.749,13.168,14.292,
,,14.73,14.281,14.151,
,,14.869,16.353,14.419,
,,16.368,15.619,14.694,
,,13.609,13.302,14.669,
,,15.982,13.143,14.87,
,,14.559,14.132,14.677,
,,13.78,15.965,14.579,
,,13.339,15.892,14.752,
,,14.212,15.169,14.459,
,,14.771,15.543,14.769,
,,14.08,14.51,14.748,
,,13.734,15.366,14.402,
,,13.846,14.819,14.645,
,,14.584,13.578,15.107,
,,15.997,14.041,14.844,
,,13.687,14.845,15.256,
,,14.621,15.378,14.674,
,,14.247,14.266,13.97,
,,14.481,14.465,15.085,
,,14.951,16.301,14.773,
,,13.832,14.4,15.092,
,,14.55,13.578,14.914,
,,15.331,13.13,14.937,
,,14.378,14.189,15.072,
,,15.069,13.942,15.006,
,,15.292,15.38,14.141,
,,15.273,13.887,14.858,
,,14.167,15.906,14.181,
,,14.511,15.094,14.7,
,,13.605,14.485,14.989,
,,13.492,14.793,14.958,
,,14.595,13.185,15.07,
,,14.039,13.975,13.834,
,,13.079,14.378,14.735,
,,13.528,13.639,14.938,
,,15.585,14.561,14.759,
,,15.222,14.491,14.608,
,,14.631,13.684,14.965,
,,15.762,15.322,15.266,
,,14.58,13.019,14.715,
,,13.261,15.952,14.936,
,,13.642,13.845,14.585,
,,13.449,14.59,15.059,
,,14.904,13.52,14.836,
,,14.052,13.151,15.069,
,,14.119,13.687,14.914,
,,14.895,14.475,14.799,
,,13.795,14.94,14.755,
,,14.566,13.953,14.851,
,,14.585,13.515,15.292,
,,14.563,14.844,14.958,
,,14.5,14.921,15.175,
,,14.514,15.698,14.896,
,,14.019,15.068,15.057,
,,14.687,13.449,15.221,
,,14.038,13.837,15.042,
,,13.901,14.78,15.196,
,,14.132,15.508,15.561,
,,13.477,15.418,15.426,
,,14.563,13.879,15.376,
,,13.263,13.828,14.744,
,,14.527,14.073,14.381,
,,14.063,14.193,14.297,
,,14.114,14.04,13.926,
,,15.39,13.62,13.881,
,,14.788,13.508,13.786,
,,15.117,15.404,13.925,
,,15.535,13.555,13.019,
,,14.784,13.55,13.916,
,,14.966,14.105,13.708,
,,14.669,13.802,13.623,
,,15.234,14.496,13.698,
,,14.185,13.248,13.801,
,,14.769,14.373,13.591,
,,15.247,16.09,13.446,
,,15.462,14.085,13.526,
,,14.537,14.652,13.687,
,,14.174,14.522,13.52,
,,13.873,14.039,13.436,
,,15.248,14.153,13.319,
,,14.211,14.226,13.205,
,,14.357,14.317,13.646,
,,13.767,14.763,13.994,
,,14.058,14.803,13.732,
,,16.269,14.474,13.457,
,,15.626,13.47,13.644,
,,13.352,15.764,13.655,
,,13.849,14.192,14.176,
,,14.203,13.648,13.785,
,,14.412,13.853,14.156,
,,13.967,14.891,13.192,
,,14.438,13.886,13.814,
,,15.841,15.234,13.83,
,,13.753,13.445,13.65,
,,13.128,14.017,13.975,
,,14.767,14.123,14.023,
,,13.968,14.584,13.712,
,,15.4,14.349,13.94,
,,14.301,14.266,13.953,
,,14.297,15.428,13.963,
,,13.99,14.937,13.941,
,,13.882,14.255,13.945,
,,15.329,15.721,14.013,
,,14.397,14.317,13.423,
,,14.259,13.343,14.137,
,,13.696,14.045,14.074,
,,,15.094,14.052,
,,,13.962,14.205,
,,,15.256,14.058,
,,,16.014,13.956,
,,,15.542,13.875,
,,,13.612,13.493,
,,,15.606,13.753,
,,,14.117,13.602,
,,,14.715,13.664,
,,,15.762,14.248,
,,,15.009,13.505,
,,,13.914,14.1,
,,,14.239,13.471,
,,,14.455,13.645,
,,,14.065,13.64,
,,,14.379,13.676,
,,,13.862,13.778,
,,,13.294,13.374,
,,,15.234,13.81,
,,,14.246,13.411,
,,,13.809,13.764,
,,,14.043,13.142,
,,,15.044,13.377,
,,,14.219,13.546,
,,,15.172,13.546,
,,,16.034,13.934,
,,,13.359,13.47,
,,,14.341,13.436,
,,,14.495,13.834,
,,,15.659,13.476,
,,,14.228,13.668,
,,,14.689,13.587,
,,,14.431,13.856,
,,,14.326,13.837,
,,,15.682,13.259,
,,,15.291,13.828,
,,,14.886,13.493,
,,,13.667,14.016,
,,,14.647,14.282,
,,,14.018,13.849,
,,,14.108,13.642,
,,,14.851,13.516,
,,,14.433,13.687,
,,,14.174,14.088,
,,,15.1,13.547,
,,,13.338,13.699,
,,,14.578,13.731,
,,,15.999,13.807,
,,,15.4,13.687,
,,,14.231,13.895,
,,,14.2,13.389,
,,,13.806,13.806,
,,,15.303,13.977,
,,,13.863,13.637,
,,,13.533,13.882,
,,,14.611,13.667,
,,,13.618,13.945,
,,,13.97,13.875,
,,,14.052,13.605,
,,,15.147,14.132,
,,,14.006,14.033,
,,,14.94,13.837,
,,,13.223,14.103,
,,,15.293,14.114,
,,,14.221,14.3,
,,,14.365,14.018,
,,,15.79,14.087,
,,,14.927,14.198,
,,,13.471,13.874,
,,,15.103,13.847,
,,,15.512,14.008,
,,,14.54,13.969,
,,,14.175,13.878,
,,,15.091,14.015,
,,,14.013,13.683,
,,,15.225,14.26,
,,,16.15,14.041,
,,,14.751,14,
,,,15.039,14.058,
,,,14.835,14.129,
,,,15.453,14.323,
,,,14.447,14.091,
,,,14.398,14,
,,,14.782,14.457,
,,,15.14,14.138,
,,,13.352,14.234,
,,,14.381,14.112,
,,,13.973,13.917,
,,,14.937,13.863,
,,,14.51,13.868,
,,,13.898,14.005,
,,,13.869,14.641,
,,,14.593,14.25,
,,,13.357,13.49,
,,,16.01,13.917,
,,,14.92,14.044,
,,,13.936,14.371,
,,,13.499,14.286,
,,,13.901,13.819,
,,,14.951,14.373,
,,,12.914,14.242,
,,,14.212,14.248,
,,,15.476,15.014,
,,,14.326,14.755,
,,,14.589,13.941,
,,,13.732,13.481,
,,,13.588,13.705,
,,,14.228,14.271,
,,,13.119,13.996,
,,,16.278,14.699,
,,,14.223,14.089,
,,,14.533,13.801,
,,,15.447,14.327,
,,,14.414,14.085,
,,,15.922,13.795,
,,,14.63,14.182,
,,,15.307,14.648,
,,,14.386,14.542,
,,,13.211,14.601,
,,,16.353,14.633,
,,,14.773,14.553,
,,,14.409,14.402,
,,,13.647,14.37,
,,,14.44,14.765,
,,,14.644,14.787,
,,,14.266,14.484,
,,,15.578,14.321,
,,,13.945,14.649,
,,,13.13,14.524,
,,,14.185,14.368,
,,,14.355,14.686,
,,,14.978,14.636,
,,,15.701,14.702,
,,,13.635,14.523,
,,,14.845,14.576,
,,,13.955,14.399,
,,,13.994,14.383,
,,,14.367,14.495,
,,,13.634,14.45,
,,,15.743,14.441,
,,,13.277,14.354,
,,,13.335,14.268,
,,,15.376,13.034,
,,,15.159,14.995,
,,,14.332,14.623,
,,,14.504,14.91,
,,,14.242,14.13,
,,,13.765,14.206,
,,,14.209,14.892,
,,,13.95,14.479,
,,,13.771,14.088,
,,,13.542,14.378,
,,,14.485,13.647,
,,,14.429,14.777,
,,,15.626,14.837,
,,,14.037,14.715,
,,,14.074,14.681,
,,,14.588,14.779,
,,,13.457,14.448,
,,,14.999,14.921,
,,,13.536,14.502,
,,,15.26,14.746,
,,,14.463,14.557,
,,,15.619,14.143,
,,,14.622,14.505,
,,,15.17,14.526,
,,,15.468,14.886,
,,,16.093,14.886,
,,,14.759,14.761,
,,,13.618,14.187,
,,,15.331,14.892,
,,,14.46,14.468,
,,,14.402,14.464,
,,,13.493,14.903,
,,,13.963,14.504,
,,,14.151,14.749,
,,,15.346,14.806,
,,,13.085,14.465,
,,,14.038,14.314,
,,,13.567,14.811,
,,,14.747,14.912,
,,,14.102,14.477,
,,,13.593,14.283,
,,,13.868,14.915,
,,,14.474,14.725,
,,,13.12,14.966,
,,,14.962,14.559,
,,,13.921,14.684,
,,,13.107,15.039,
,,,14.912,14.621,
,,,13.646,14.824,
,,,14.58,14.851,
,,,13.537,14.626,
,,,13.785,14.798,
,,,15.208,15.549,
,,,14.794,15.708,
,,,14.318,15.599,
,,,14.028,15.554,
,,,14.801,15.687,
,,,15.263,15.558,
,,,13.588,15.458,
,,,14.301,15.322,
,,,15.973,16.097,
,,,14.585,15.829,
,,,14.344,15.134,
,,,16.016,15.828,
,,,14.015,15.725,
,,,13.82,15.951,
,,,15.357,16.006,
,,,15.786,15.921,
,,,14.408,15.094,
,,,15.23,15.648,
,,,15.361,15.212,
,,,14.764,16.093,
,,,15.749,15.515,
,,,15.298,15.928,
,,,14.806,15.843,
,,,14.271,15.43,
,,,16.1,15.396,
,,,14.788,15.787,
,,,14.312,15.583,
,,,15.578,15.998,
,,,15.394,15.579,
,,,14.306,16.206,
,,,14.626,15.634,
,,,15.7,16.298,
,,,14.811,15.806,
,,,13.651,16.01,
,,,14.523,15.308,
,,,13.723,16.087,
,,,14.645,16.06,
,,,15.03,16.091,
,,,13.9,15.9,
,,,14.91,15.967,
,,,15.371,15.773,
,,,13.83,15.651,
,,,14.787,16.001,
,,,15.585,16.384,
,,,14.044,15.922,
,,,14.3,16.252,
,,,13.315,16.036,
,,,14.614,16.694,
,,,13.925,16.199,
,,,13.69,16.207,
,,,14.47,15.947,
,,,14.767,16.262,
,,,15.055,15.764,
,,,14.3,16.057,
,,,14.4,15.718,
,,,15.349,15.843,
,,,14.622,15.953,
,,,13.93,15.594,
,,,13.731,15.97,
,,,15.233,16.049,
,,,14.07,15.762,
,,,14.764,15.585,
,,,16.01,16.006,
,,,15.07,16.127,
,,,14.241,15.643,
,,,14.069,16.189,
,,,14.044,16.079,
,,,14.798,16.059,
,,,14.961,15.397,
,,,13.676,15.906,
,,,13.574,16.225,
,,,13.421,15.597,
,,,14.002,15.96,
,,,15.308,16.159,
,,,14.75,15.762,
,,,16.46,16.414,
,,,14.643,16.081,
,,,15.09,16.168,
,,,16.534,16.071,
,,,13.599,15.685,
,,,14.975,16.182,
,,,15.044,15.74,
,,,13.647,15.759,
,,,14.108,15.414,
,,,15.038,15.597,
,,,15.755,16.037,
,,,15.597,15.968,
,,,14.764,15.588,
,,,14.657,15.941,
,,,16.184,15.366,
,,,14.161,15.746,
,,,14.796,16.006,
,,,13.61,15.866,
,,,15.236,15.866,
,,,15.9,16.343,
,,,14.525,15.997,
,,,14.969,16.278,
,,,13.946,16.184,
,,,15.446,16.269,
,,,13.939,15.9,
,,,14.625,15.749,
,,,14.506,15.758,
,,,14.342,15.577,
,,,16.183,15.957,
,,,13.861,15.974,
,,,14.041,16.088,
,,,14.461,16.036,
,,,13.961,15.9,
,,,14.805,15.961,
,,,13.872,16.101,
,,,14.382,16.259,
,,,13.949,15.911,
,,,14.327,15.697,
,,,14.105,16.029,
,,,13.846,16.012,
,,,15.599,16.069,
,,,15.222,15.895,
,,,15.192,16.254,
,,,14.622,15.744,
,,,15.645,16.107,
,,,13.753,15.878,
,,,13.885,14.766,
,,,14.194,15.799,
,,,14.379,15.515,
,,,15.762,15.361,
,,,15.224,15.476,
,,,14.195,15.666,
,,,14.631,15.8,
,,,14.109,15.829,
,,,13.834,15.378,
,,,13.103,15.403,
,,,13.682,15.945,
,,,14.149,15.354,
,,,13.13,15.921,
,,,15.074,15.584,
,,,14.747,15.789,
,,,14.844,15.587,
,,,13.186,15.462,
,,,15.623,15.416,
,,,13.863,15.44,
,,,14.163,15.421,
,,,14.793,15.683,
,,,14.654,15.659,
,,,14.244,15.639,
,,,16.297,15.47,
,,,15.438,15.7,
,,,15.014,15.749,
,,,15.955,15.772,
,,,14.535,15.336,
,,,15.245,15.949,
,,,15.534,15.57,
,,,15.503,15.572,
,,,15.211,16.136,
,,,13.894,15.429,
,,,14.011,15.456,
,,,15.371,15.218,
,,,15.027,15.754,
,,,16.122,15.988,
,,,14.847,16.158,
,,,13.896,15.532,
,,,14.615,16.202,
,,,14.192,15.631,
,,,14.097,15.821,
,,,14.234,15.743,
,,,14.373,15.854,
,,,14.477,15.955,
,,,14.259,15.703,
,,,15.225,13.946,
,,,14.787,15.397,
,,,13.89,15.855,
,,,13.792,15.307,
,,,14.54,15.36,
,,,14.356,15.41,
,,,14.123,15.63,
,,,13.91,15.955,
,,,15.072,15.899,
,,,13.94,15.801,
,,,13.863,15.371,
,,,15.661,15.642,
,,,14.168,16.114,
,,,14.12,15.914,
,,,15.125,15.675,
,,,14.309,15.999,
,,,14.835,16.284,
,,,14.184,15.965,
,,,13.595,15.999,
,,,15.02,16.297,
,,,13.498,16.096,
,,,14.147,16.01,
,,,15.782,15.683,
,,,13.682,16.27,
,,,16.581,16.004,
,,,14.345,15.272,
,,,15.088,15.841,
,,,14.242,16.444,
,,,13.883,16.071,
,,,14.454,15.512,
,,,13.555,15.88,
,,,14.421,15.691,
,,,13.38,15.868,
,,,16.049,16.158,
,,,13.849,16.568,
,,,14.268,15.823,
,,,16.083,16.286,
,,,13.977,16.12,
,,,13.543,16.183,
,,,14.437,16.4,
,,,15.4,16.148,
,,,16.343,16.301,
,,,12.823,16.176,
,,,15.895,15.952,
,,,14.808,15.82,
,,,14.138,15.682,
,,,13.387,16.474,
,,,15.697,15.924,
,,,13.335,15.79,
,,,13.866,16.062,
,,,13.76,15.76,
,,,15.033,16.288,
,,,14,15.957,
,,,14.838,16.08,
,,,13.624,16.139,
,,,14.474,15.61,
,,,13.086,15.755,
,,,13.74,16.103,
,,,14.518,15.736,
,,,14.406,16.013,
,,,14.152,15.845,
,,,14.157,16.174,
,,,14.36,15.663,
,,,15.687,16.009,
,,,16.273,15.985,
,,,15.371,16.217,
,,,14.135,16.034,
,,,15.056,15.708,
,,,13.881,16.349,
,,,14.815,15.926,
,,,14.268,15.716,
,,,13.787,16.191,
,,,13.42,15.812,
,,,15.418,16.198,
,,,15.413,16.168,
,,,16.296,16.122,
,,,15.843,16.029,
,,,14.103,15.99,
,,,14.391,16.11,
,,,13.915,15.868,
,,,14.809,15.816,
,,,15.188,15.786,
,,,14.935,15.978,
,,,14.983,16.021,
,,,15.435,15.78,
,,,14.428,15.595,
,,,14.032,16.03,
,,,14.457,15.742,
,,,15.089,15.789,
,,,13.246,16.014,
,,,15.503,15.638,
,,,13.235,16.006,
,,,13.449,16.049,
,,,14.137,15.801,
,,,14.136,15.984,
,,,14.137,15.913,
,,,14.657,16.193,
,,,14.169,14.697,
,,,14.456,15.719,
,,,15.921,15.786,
,,,13.683,15.284,
,,,15.107,15.336,
,,,14.59,15.566,
,,,15.376,15.518,
,,,14.513,15.145,
,,,13.751,15.323,
,,,14.886,15.411,
,,,13.926,15.137,
,,,15.533,15.083,
,,,14.501,15.011,
,,,13.72,15.503,
,,,14.415,15.041,
,,,13.745,15.224,
,,,13.17,15.253,
,,,14.912,15.179,
,,,13.76,15.089,
,,,14.464,15.371,
,,,14.576,15.227,
,,,13.767,15.259,
,,,13.151,14.595,
,,,14.354,15.382,
,,,15.246,15.136,
,,,14.715,15.035,
,,,14.565,15.4,
,,,13.778,15.392,
,,,13.611,15.246,
,,,15.806,15.499,
,,,14.644,15.068,
,,,13.849,15.662,
,,,14.535,15.045,
,,,14.839,15.629,
,,,13.96,15.426,
,,,14.37,15.418,
,,,14.422,15.428,
,,,15.208,15.491,
,,,14.128,15.906,
,,,14.288,15.661,
,,,13.228,15.876,
,,,14.406,15.701,
,,,15.011,15.508,
,,,13.459,15.376,
,,,14.379,15.421,
,,,14.2,15.59,
,,,15.841,15.624,
,,,14.408,15.379,
,,,13.261,15.269,
,,,13.846,15.251,
,,,14.983,15.364,
,,,15.858,14.876,
,,,14.13,14.862,
,,,14.849,15.121,
,,,14.295,15.502,
,,,15.177,15.307,
,,,14.756,15.009,
,,,14.199,15.26,
,,,13.556,15.121,
,,,13.69,15.331,
,,,13.377,15.135,
,,,15.426,15.535,
,,,16.001,15.317,
,,,13.225,15.295,
,,,14.05,15.066,
,,,13.471,15.39,
,,,13.17,15.447,
,,,14.284,15.606,
,,,13.433,15.624,
,,,13.989,15.258,
,,,15.031,15.649,
,,,13.972,15.693,
,,,13.822,15.455,
,,,15.926,15.67,
,,,15.786,15.728,
,,,15.985,15.653,
,,,15.092,15.938,
,,,16.367,15.668,
,,,15.122,15.283,
,,,15.014,15.59,
,,,13.734,15.296,
,,,14.092,15.787,
,,,14.409,15.749,
,,,14.308,15.81,
,,,14.717,16.01,
,,,14.851,15.769,
,,,15.436,15.936,
,,,13.767,16.106,
,,,15.755,15.591,
,,,13.294,16.223,
,,,13.311,15.748,
,,,16.006,16.072,
,,,13.772,16.258,
,,,14.331,16.15,
,,,14.644,15.859,
,,,14.7,16.124,
,,,15.275,16.262,
,,,14.275,16.281,
,,,13.668,16.285,
,,,13.391,16.006,
,,,14.88,15.659,
,,,16.225,15.998,
,,,14.127,16.4,
,,,14.733,16.211,
,,,14.842,16.354,
,,,14.97,15.762,
,,,15.799,15.326,
,,,14.338,16.344,
,,,14.09,16.353,
,,,15.491,16.533,
,,,14.781,16.578,
,,,14.135,15.855,
,,,13.637,14.132,
,,,15.063,15.926,
,,,14.514,16.851,
,,,16.029,16.534,
,,,14.338,16.197,
,,,14.461,16.164,
,,,14.85,16.296,
,,,13.493,16.368,
,,,14.985,15.726,
,,,13.898,16.101,
,,,13.708,15.991,
,,,13.827,16.384,
,,,14.474,16.093,
,,,15.308,16.233,
,,,14.742,16.217,
,,,14.403,16.269,
,,,13.841,16.367,
,,,16.258,16.078,
,,,15.024,16.288,
,,,13.796,16.073,
,,,13.317,15.809,
,,,15.725,16.182,
,,,13.894,16.093,
,,,16.071,15.822,
,,,15.384,16.089,
,,,15.4,15.942,
,,,15.179,16.054,
,,,14.869,16.159,
,,,14.468,16.453,
,,,14.695,16.347,
,,,14.353,15.461,
,,,14.632,15.898,
,,,14.64,16.101,
,,,14.892,15.681,
,,,14.154,16.581,
,,,13.272,16.15,
,,,16.241,16.095,
,,,13.951,16.379,
,,,13.794,15.798,
,,,15.057,16.248,
,,,14.342,16.016,
,,,15.136,16.564,
,,,14.702,16.216,
,,,13.938,16.289,
,,,13.761,16.46,
,,,16.036,16.041,
,,,14.214,16.381,
,,,15.639,15.4,
,,,13.922,15.912,
,,,14.482,15.818,
,,,14.706,15.626,
,,,14.335,16.429,
,,,13.531,16.322,
,,,14.626,16.267,
,,,14.58,16.083,
,,,15.812,16.109,
,,,14.08,15.95,
,,,14.315,16.126,
,,,14.063,15.828,
,,,14.085,15.951,
,,,15.845,15.93,
,,,13.931,15.781,
,,,14.365,15.599,
,,,13.46,16.042,
,,,15.224,16.085,
,,,14.005,16.106,
,,,14.415,16.219,
,,,13.894,15.983,
,,,14.225,16.726,
,,,15.192,16.241,
,,,13.603,16.097,
,,,14.749,16.493,
,,,14.169,16.528,
,,,16.216,16.005,
,,,14.255,16.298,
,,,16.079,16.143,
,,,13.725,15.973,
,,,15.746,16.283,
,,,14.064,16.325,
,,,14.769,16.234,
,,,15.534,16.345,
,,,14.429,16.337,
,,,14.242,16.356,
,,,13.644,15.983,
,,,14.155,15.885,
,,,14.248,15.879,
,,,14.57,16.163,
,,,13.981,16.288,
,,,15.588,15.954,
,,,14.629,15.963,
,,,14.226,16.057,
,,,13.399,15.979,
,,,14.647,15.694,
,,,14.318,16.322,
,,,13.858,15.948,
,,,13.84,15.861,
,,,15.135,15.976,
,,,13.636,16.09,
,,,15.001,16.078,
,,,13.402,16.257,
,,,15.273,16.313,
,,,14.138,13.071,
,,,14.833,14.646,
,,,13.185,14.585,
,,,15.708,14.131,
,,,14.192,14.64,
,,,14.251,14.802,
,,,14.816,15.031,
,,,16.444,14.782,
,,,14.466,13.987,
,,,15.181,14.878,
,,,14.132,14.833,
,,,14.491,14.716,
,,,14.036,14.997,
,,,16.46,14.179,
,,,13.257,14.829,
,,,13.158,15.049,
,,,15.048,14.495,
,,,13.996,14.87,
,,,13.024,15.034,
,,,15.07,15.217,
,,,14.108,14.918,
,,,14.764,15.208,
,,,16.851,15.371,
,,,14.124,15.362,
,,,15.128,15.295,
,,,14.088,15.087,
,,,16.01,14.969,
,,,14.436,15.003,
,,,14.694,15.28,
,,,13.757,15.234,
,,,14.752,15.265,
,,,13.834,15.213,
,,,15.556,14.978,
,,,14.677,14.014,
,,,13.846,14.89,
,,,15.177,14.913,
,,,14.136,14.927,
,,,15.911,14.686,
,,,13.784,15.418,
,,,15.749,14.431,
,,,14.962,14.563,
,,,15.578,15.002,
,,,14.474,15.12,
,,,13.672,15.065,
,,,14.595,15.022,
,,,13.459,15.22,
,,,14.133,14.818,
,,,15.183,14.833,
,,,13.128,15.147,
,,,13.609,15.141,
,,,13.771,14.54,
,,,13.67,14.587,
,,,13.968,14.271,
,,,15.782,15.089,
,,,15.046,14.605,
,,,14.547,14.231,
,,,14.706,14.764,
,,,14.311,14.366,
,,,13.745,14.751,
,,,13.095,15.157,
,,,15.217,14.772,
,,,13.84,14.864,
,,,14.036,14.73,
,,,14.341,14.978,
,,,14.191,14.671,
,,,15.748,14.515,
,,,14.073,14.286,
,,,13.571,15.217,
,,,14.667,14.937,
,,,15.957,14.17,
,,,13.983,14.4,
,,,13.751,14.593,
,,,13.637,14.173,
,,,13.166,14.215,
,,,14.563,14.56,
,,,15.272,14.971,
,,,15.197,14.246,
,,,14.837,14.427,
,,,15.585,14.652,
,,,13.343,14.769,
,,,14.506,14.412,
,,,15.185,15.014,
,,,15.304,14.259,
,,,14.318,14.331,
,,,16.12,14.505,
,,,14.756,14.664,
,,,14.473,14.848,
,,,13.72,14.699,
,,,13.233,15.213,
,,,14.277,14.761,
,,,13.962,14.559,
,,,14.496,14.872,
,,,14.175,15.113,
,,,15.143,14.58,
,,,14.882,14.849,
,,,13.935,14.812,
,,,15.225,14.587,
,,,14.065,14.612,
,,,13.771,14.522,
,,,13.8,14.186,
,,,13.72,15.169,
,,,14.53,15.304,
,,,15.28,14.825,
,,,13.069,15.192,
,,,13.787,14.752,
,,,12.914,15.053,
,,,15.806,14.441,
,,,14.247,14.4,
,,,14.818,14.249,
,,,14.659,14.706,
,,,14.622,14.717,
,,,14.735,14.641,
,,,14.143,14.95,
,,,13.67,14.631,
,,,15.224,14.868,
,,,13.936,14.709,
,,,14.945,15.033,
,,,14.734,14.378,
,,,14.616,14.195,
,,,15.997,14.633,
,,,14.508,14.623,
,,,16.1,15.031,
,,,13.853,14.828,
,,,14.292,14.325,
,,,14.195,15.013,
,,,15.233,14.793,
,,,14.414,14.414,
,,,14.664,15.027,
,,,15.82,14.437,
,,,13.54,14.817,
,,,15.226,15.381,
,,,13.81,14.68,
,,,14.423,14.827,
,,,15.371,14.177,
,,,13.937,14.496,
,,,13.631,14.922,
,,,15.364,15.338,
,,,14.326,15.005,
,,,14.848,14.931,
,,,15.379,14.734,
,,,13.533,15.515,
,,,13.195,14.643,
,,,13.117,15.042,
,,,13.107,14.661,
,,,13.709,14.927,
,,,15.085,14.843,
,,,14.701,15.305,
,,,14.53,14.628,
,,,16.344,14.988,
,,,15.624,14.808,
,,,13.983,14.506,
,,,15.853,14.559,
,,,13.552,15.169,
,,,13.84,15.17,
,,,15.594,15.297,
,,,14.337,14.91,
,,,13.281,15.102,
,,,14.015,15.225,
,,,14.431,14.794,
,,,13.387,15.365,
,,,14.759,14.693,
,,,14.68,14.9,
,,,14.257,15.14,
,,,13.152,14.579,
,,,14.473,14.768,
,,,14.673,14.995,
,,,14.749,14.585,
,,,14.081,15.164,
,,,15.799,15.057,
,,,13.503,14.33,
,,,13.215,15.046,
,,,15.337,14.829,
,,,14.112,14.904,
,,,14.028,14.731,
,,,15.12,14.869,
,,,15.162,15.547,
,,,14.257,13.794,
,,,14.099,14.906,
,,,14.232,14.112,
,,,14.6,14.261,
,,,14.157,14.335,
,,,14.487,14.563,
,,,15.223,14.338,
,,,13.634,14.711,
,,,14.862,14.338,
,,,14.244,14.001,
,,,14.123,14.675,
,,,13.85,14.667,
,,,14.169,14.789,
,,,16.091,14.319,
,,,15.134,14.325,
,,,14.447,14.518,
,,,14.022,14.599,
,,,15.822,14.061,
,,,13.406,14.647,
,,,14.718,14.366,
,,,16.283,13.934,
,,,15.645,14.551,
,,,15.072,14.823,
,,,14.643,14.585,
,,,15.125,14,
,,,13.965,14.203,
,,,15.411,14.48,
,,,14.016,14.282,
,,,14.134,14.431,
,,,15.728,14.493,
,,,15.114,14.888,
,,,14.008,14.138,
,,,15.518,14.68,
,,,13.281,14.68,
,,,13.492,14.179,
,,,13.963,14.865,
,,,13.692,14.667,
,,,14.843,14.409,
,,,15.345,15.128,
,,,14.382,14.621,
,,,15.128,14.496,
,,,14.153,14.649,
,,,14.693,14.23,
,,,14.531,14.819,
,,,15.991,15.26,
,,,14.532,14.525,
,,,16.036,14.871,
,,,15.276,14.963,
,,,14.873,14.703,
,,,12.688,14.323,
,,,14.151,14.071,
,,,13.844,14.805,
,,,13.711,14.242,
,,,15.047,14.461,
,,,14.302,15.216,
,,,13.545,15.883,
,,,14.654,15.072,
,,,14.173,14.977,
,,,14.724,15.269,
,,,14.723,15.305,
,,,14.788,15.181,
,,,14.088,15.861,
,,,14.851,15.595,
,,,13.782,15.585,
,,,13.714,13.427,
,,,14.637,13.417,
,,,15.26,13.255,
,,,14.092,13.578,
,,,14.659,13.698,
,,,14.139,13.12,
,,,14.796,13.839,
,,,14.63,13.733,
,,,13.788,13.67,
,,,15.299,13.906,
,,,13.782,13.513,
,,,14.184,13.759,
,,,15.25,13.802,
,,,15.604,13.724,
,,,13.799,13.306,
,,,14.692,13.823,
,,,13.876,13.72,
,,,15.317,14.079,
,,,13.526,13.618,
,,,14.306,13.294,
,,,14.11,13.68,
,,,14.589,13.921,
,,,14.075,13.308,
,,,15.458,14.064,
,,,14.556,13.515,
,,,13.212,13.769,
,,,14.751,14.108,
,,,14.331,13.615,
,,,13.178,13.249,
,,,14.437,13.511,
,,,15.176,13.483,
,,,15.212,13.499,
,,,13.228,13.796,
,,,14.463,14.037,
,,,13.064,13.994,
,,,13.079,13.597,
,,,14.26,13.51,
,,,15.295,13.494,
,,,14.153,13.631,
,,,14.474,13.466,
,,,15.094,13.964,
,,,15.266,13.607,
,,,14.654,13.338,
,,,14.4,13.916,
,,,13.142,14.011,
,,,13.515,13.366,
,,,14.647,13.482,
,,,15.182,13.603,
,,,14.556,13.67,
,,,13.357,13.938,
,,,15.74,13.926,
,,,13.319,14.122,
,,,13.756,14.041,
,,,15.204,14.279,
,,,14.234,14.147,
,,,15.476,13.875,
,,,15.033,13.938,
,,,13.953,13.31,
,,,14.017,14.412,
,,,15.109,13.714,
,,,14.387,13.771,
,,,15.475,13.793,
,,,13.802,14.082,
,,,14.141,13.965,
,,,14.559,13.571,
,,,13.979,14.033,
,,,14.104,13.822,
,,,14.146,14.098,
,,,15.088,13.989,
,,,14.792,14.061,
,,,13.702,13.555,
,,,15.381,13.849,
,,,14.013,13.846,
,,,15.177,13.594,
,,,13.087,13.63,
,,,15.088,13.354,
,,,15.624,13.259,
,,,13.445,13.317,
,,,14.569,13.339,
,,,13.535,13.67,
,,,15.026,13.542,
,,,13.578,13.103,
,,,14.336,13.297,
,,,15.634,13.871,
,,,13.424,13.622,
,,,13.795,13.72,
,,,13.513,13.762,
,,,14.17,13.639,
,,,14.75,14.016,
,,,14.312,14.119,
,,,14.058,13.641,
,,,14.108,13.199,
,,,13.404,14.2,
,,,14.78,13.682,
,,,14.275,13.772,
,,,15.102,13.804,
,,,14.787,13.765,
,,,13.996,13.925,
,,,15.098,14.184,
,,,15.701,14.103,
,,,14.701,14.203,
,,,14.253,14.354,
,,,16.159,14.266,
,,,13.852,13.784,
,,,14.451,13.575,
,,,13.515,13.964,
,,,14.515,13.929,
,,,13.591,13.395,
,,,14.325,13.973,
,,,14.864,13.832,
,,,15.002,13.293,
,,,13.8,13.421,
,,,15.561,13.71,
,,,14.196,13.389,
,,,13.291,13.499,
,,,14.847,13.684,
,,,15.998,13.316,
,,,14.149,14.136,
,,,14.698,13.111,
,,,15.296,13.702,
,,,13.574,13.343,
,,,14.919,13.364,
,,,15.186,13.508,
,,,13.279,13.585,
,,,14.023,13.927,
,,,15.513,13.524,
,,,13.925,14.138,
,,,13.695,13.748,
,,,15.568,13.876,
,,,14.109,13.752,
,,,16.283,13.579,
,,,14.355,13.939,
,,,13.853,13.983,
,,,14.034,14.028,
,,,15.173,13.722,
,,,14.069,14.04,
,,,14.2,13.31,
,,,14.013,13.647,
,,,14.088,13.186,
,,,14.436,13.989,
,,,14.325,13.152,
,,,15.068,13.279,
,,,15.823,13.731,
,,,15.314,13.57,
,,,16.726,13.832,
,,,14.81,13.514,
,,,14.3,13.683,
,,,14.069,13.672,
,,,14.823,13.547,
,,,14.414,13.977,
,,,14.633,13.775,
,,,15.369,14.142,
,,,13.811,13.933,
,,,13.348,14.132,
,,,14.672,13.751,
,,,15.042,13.806,
,,,14.636,13.639,
,,,16.202,13.963,
,,,13.509,13.951,
,,,14.521,13.351,
,,,16.158,13.42,
,,,13.892,13.343,
,,,15.01,13.82,
,,,14.336,13.261,
,,,14.172,13.741,
,,,14.354,13.566,
,,,13.861,14.004,
,,,13.71,13.472,
,,,14.068,13.506,
,,,13.932,13.492,
,,,13.618,13.357,
,,,14.403,13.883,
,,,15.483,13.532,
,,,13.28,13.356,
,,,15.215,13.128,
,,,13.989,13.511,
,,,14.663,13.832,
,,,14.759,13.17,
,,,15.392,13.381,
,,,13.792,13.288,
,,,15.48,13.649,
,,,15.025,13.463,
,,,13.849,13.426,
,,,13.808,13.406,
,,,14.087,13.23,
,,,15.314,13.204,
,,,14.357,13.462,
,,,15.163,14.13,
,,,13.934,13.501,
,,,13.921,13.957,
,,,13.593,13.531,
,,,14.091,13.311,
,,,14.848,13.634,
,,,14.914,13.883,
,,,13.731,13.339,
,,,14.088,13.122,
,,,13.192,13.955,
,,,13.123,13.205,
,,,13.754,13.537,
,,,14.94,13.26,
,,,14.433,13.536,
,,,14.114,13.663,
,,,14.062,13.541,
,,,15.599,13.809,
,,,14.883,13.946,
,,,14.122,13.754,
,,,15.231,13.446,
,,,13.629,13.524,
,,,14.966,13.652,
,,,13.82,13.849,
,,,13.967,13.611,
,,,15.169,13.78,
,,,14.003,13.192,
,,,14.236,14.051,
,,,14.053,13.623,
,,,13.655,13.464,
,,,16.206,13.578,
,,,14.286,13.708,
,,,14.936,13.753,
,,,14.837,13.634,
,,,15.976,13.977,
,,,13.895,13.797,
,,,14.701,13.592,
,,,14.426,13.375,
,,,14.945,13.518,
,,,14.441,13.803,
,,,14.198,13.644,
,,,15.377,13.572,
,,,14.36,13.593,
,,,14.243,13.863,
,,,14.6,13.552,
,,,14.054,13.541,
,,,13.632,13.578,
,,,15.455,13.846,
,,,14.879,13.462,
,,,15.681,13.128,
,,,14.522,13.222,
,,,15.013,13.7,
,,,13.65,13.18,
,,,16.15,13.419,
,,,14.451,13.421,
,,,15.895,13.648,
,,,14.267,13.148,
,,,14.993,13.278,
,,,13.297,13.573,
,,,13.546,13.553,
,,,14.515,13.787,
,,,14.922,13.555,
,,,15.531,13.07,
,,,13.965,13.566,
,,,15.56,13.36,
,,,14.615,13.154,
,,,15.31,13.764,
,,,14.556,13.119,
,,,14.522,13.556,
,,,12.609,13.69,
,,,15.257,13.834,
,,,14.402,13.539,
,,,14.084,13.302,
,,,15.098,13.799,
,,,15.698,13.226,
,,,14.092,14.097,
,,,13.802,13.296,
,,,15.269,13.348,
,,,14.337,13.509,
,,,15.421,13.399,
,,,14.326,13.118,
,,,15.719,13.605,
,,,15.665,13.077,
,,,15.773,13.087,
,,,14.293,13.159,
,,,14.816,13.263,
,,,14.234,13.083,
,,,13.037,13.243,
,,,13.13,13.272,
,,,15.48,13.291,
,,,13.803,13.079,
,,,14.858,13.041,
,,,13.501,13.341,
,,,14.477,13.341,
,,,14.755,13.637,
,,,13.834,13.225,
,,,14.647,13.014,
,,,13.352,13.073,
,,,15.458,13.433,
,,,14.64,13.198,
,,,13.644,13.662,
,,,14.811,14.021,
,,,14.228,13.93,
,,,14.688,13.872,
,,,14.214,14.41,
,,,14.481,13.879,
,,,15.595,14.268,
,,,13.864,14.788,
,,,14.41,13.817,
,,,15.829,13.955,
,,,14.642,14.47,
,,,13.578,14.493,
,,,14.441,13.97,
,,,13.389,14.588,
,,,14.621,14.092,
,,,14.602,14.465,
,,,16.289,14.189,
,,,14.417,14.174,
,,,13.794,14.054,
,,,14.153,14.454,
,,,14.26,14.283,
,,,14.454,14.625,
,,,14.46,13.828,
,,,14.028,14.359,
,,,14.529,14.467,
,,,14.809,14.401,
,,,15.26,14.583,
,,,15.565,14.408,
,,,15.74,14.202,
,,,16.254,14.47,
,,,15.701,14.352,
,,,13.222,13.906,
,,,14.614,14.505,
,,,14.225,14.337,
,,,13.923,14.596,
,,,15.053,14.322,
,,,14.168,14.515,
,,,15.716,14.353,
,,,14.187,13.853,
,,,15.568,14.565,
,,,14.978,14.481,
,,,16.343,14.212,
,,,13.466,14.695,
,,,13.556,14.4,
,,,15.002,14.471,
,,,13.587,14.355,
,,,14.91,14.376,
,,,14.119,14.615,
,,,15.626,14.192,
,,,14.671,14.439,
,,,13.494,14.441,
,,,13.406,13.315,
,,,13.481,13.945,
,,,14.187,14.695,
,,,13.223,14.453,
,,,14,14.83,
,,,15.296,14.423,
,,,14.229,14.356,
,,,14.557,14.193,
,,,13.558,13.856,
,,,14.405,14.428,
,,,13.493,14.56,
,,,13.394,14.298,
,,,15.039,14.33,
,,,14.676,14.717,
,,,14.117,14.374,
,,,14.576,14.405,
,,,14.987,14.723,
,,,15.005,13.976,
,,,15.28,14.217,
,,,15.999,14.159,
,,,13.636,14.052,
,,,15.827,14.594,
,,,16.093,14.446,
,,,15.57,14.174,
,,,14.441,14.168,
,,,13.128,14.5,
,,,15.051,14.141,
,,,16.296,14.05,
,,,14.583,14.316,
,,,12.688,13.793,
,,,13.542,14.087,
,,,13.46,14.013,
,,,14.511,14.616,
,,,13.771,13.552,
,,,13.99,13.648,
,,,14.039,13.772,
,,,13.516,14.883,
,,,13.952,14.28,
,,,14.178,14.07,
,,,15.185,14.038,
,,,14.738,13.674,
,,,13.229,13.584,
,,,14.819,14.723,
,,,12.841,13.498,
,,,13.832,14.435,
,,,14.728,14.281,
,,,15.172,14.514,
,,,13.731,14.59,
,,,13.341,14.733,
,,,14.106,14.342,
,,,14.658,14.587,
,,,15.311,14.036,
,,,14.643,14.619,
,,,14.951,14.525,
,,,14.295,14.819,
,,,14.079,14.091,
,,,15.488,13.767,
,,,14.627,13.881,
,,,13.889,14.308,
,,,14.041,14.514,
,,,13.961,14.088,
,,,15.583,14.144,
,,,14.607,14.088,
,,,14.619,13.366,
,,,13.888,13.81,
,,,14.781,13.614,
,,,14.747,14.228,
,,,13.955,13.9,
,,,13.925,14.158,
,,,16.037,14.133,
,,,15.697,13.354,
,,,15.764,14.319,
,,,15.41,13.709,
,,,14.659,13.344,
,,,15.515,13.644,
,,,15.447,13.633,
,,,14.191,14,
,,,14.013,14.043,
,,,14.881,13.357,
,,,14.338,13.539,
,,,15.588,14.35,
,,,13.18,13.223,
,,,13.947,13.452,
,,,14.496,13.81,
,,,14.283,13.103,
,,,14.803,13.521,
,,,14.003,14.242,
,,,14.877,13.097,
,,,14.018,13.845,
,,,15.331,14.216,
,,,13.12,13.532,
,,,16.057,13.866,
,,,14.512,13.465,
,,,14.671,13.515,
,,,14.332,13.792,
,,,14.268,13.841,
,,,14.657,14.013,
,,,15.403,14.235,
,,,16.013,13.395,
,,,14.17,13.37,
,,,16.259,13.99,
,,,13.342,13.946,
,,,14.54,14.117,
,,,15.304,14.195,
,,,13.085,13.736,
,,,15.801,14.108,
,,,13.754,13.676,
,,,15.593,13.387,
,,,14.087,13.942,
,,,14.173,13.493,
,,,14.364,13.77,
,,,14.961,14.078,
,,,15.749,13.206,
,,,14.166,13.768,
,,,14.595,13.797,
,,,14.764,13.562,
,,,16.164,13.558,
,,,15.097,14.136,
,,,14.661,13.291,
,,,14.194,13.624,
,,,14.64,14.211,
,,,13.366,13.879,
,,,16.101,14.223,
,,,14.082,13.804,
,,,13.623,13.808,
,,,13.874,14.242,
,,,14.398,13.609,
,,,13.298,13.894,
,,,14.843,13.278,
,,,13.937,13.612,
,,,13.462,14.008,
,,,14.215,13.597,
,,,13.518,13.877,
,,,14.827,13.634,
,,,14.315,13.937,
,,,14.413,14.621,
,,,14.647,13.168,
,,,14.334,13.972,
,,,13.971,14.198,
,,,13.387,13.77,
,,,15.543,13.775,
,,,14.2,14.123,
,,,14.761,13.805,
,,,13.348,14.371,
,,,13.117,14.005,
,,,13.442,13.83,
,,,13.462,14.509,
,,,14.698,14.397,
,,,15.749,13.837,
,,,14.473,14.159,
,,,14.517,13.914,
,,,15.619,14.523,
,,,13.719,14.532,
,,,14.3,14.005,
,,,15.295,14.378,
,,,14.996,14.326,
,,,14.132,14.342,
,,,13.263,14.063,
,,,14.589,14.236,
,,,13.797,14.78,
,,,13.113,14.692,
,,,14.454,14.375,
,,,13.817,14.454,
,,,13.351,14.362,
,,,15.868,14.418,
,,,14.019,14.119,
,,,13.888,14.447,
,,,14.759,14.246,
,,,15.759,14.543,
,,,13.017,13.884,
,,,16.182,14.075,
,,,13.224,13.654,
,,,14.626,14.436,
,,,13.76,13.842,
,,,14.114,14.653,
,,,13.812,14.255,
,,,14.813,13.971,
,,,15.928,14.174,
,,,14.461,13.869,
,,,15.146,13.87,
,,,14.84,14.324,
,,,15.935,14.093,
,,,14.548,14.04,
,,,16.136,13.901,
,,,13.689,14.011,
,,,14.397,14.05,
,,,13.375,14.028,
,,,13.168,13.736,
,,,14.266,13.754,
,,,13.77,14.036,
,,,13.997,14.154,
,,,14.788,13.119,
,,,14.104,14.178,
,,,13.499,14,
,,,13.735,14.035,
,,,13.768,14.117,
,,,13.907,13.97,
,,,15.109,14.152,
,,,14.184,14.104,
,,,14.459,13.775,
,,,14.644,14.177,
,,,14.489,13.682,
,,,13.722,13.777,
,,,15.853,14.243,
,,,14.636,13.635,
,,,15.782,14.105,
,,,13.872,14.292,
,,,15.323,14.101,
,,,13.975,14.255,
,,,14.349,14.24,
,,,14.935,13.827,
,,,13.5,14.017,
,,,13.269,14.351,
,,,13.98,13.984,
,,,15.898,13.917,
,,,13.806,14.318,
,,,13.47,13.731,
,,,14.114,13.764,
,,,14.483,14.114,
,,,15.32,13.973,
,,,16.322,13.741,
,,,13.969,13.551,
,,,15.118,14.083,
,,,13.926,14.315,
,,,14.474,13.604,
,,,15.114,14.169,
,,,13.915,13.962,
,,,15.88,13.646,
,,,13.655,13.646,
,,,15.009,14.155,
,,,13.114,14.158,
,,,14.203,14.069,
,,,15.375,13.942,
,,,15.031,13.836,
,,,15.331,13.952,
,,,15.816,13.848,
,,,13.536,14.022,
,,,13.74,14.326,
,,,15.148,14.048,
,,,13.939,14.24,
,,,14.449,13.445,
,,,14.089,13.533,
,,,15.913,13.429,
,,,15.083,13.262,
,,,13.917,13.888,
,,,13.72,13.012,
,,,13.356,13.176,
,,,13.766,13.704,
,,,14.17,13.292,
,,,14.667,13.695,
,,,15.691,13.462,
,,,14.841,13.634,
,,,15.26,13.332,
,,,13.784,13.828,
,,,14.431,13.276,
,,,14.036,13.635,
,,,15.541,13.004,
,,,13.875,14.128,
,,,13.873,13.697,
,,,15.325,13.912,
,,,15.619,13.596,
,,,13.452,13.348,
,,,13.335,13.479,
,,,14.694,13.694,
,,,13.319,14.139,
,,,15.207,13.773,
,,,14.028,13.601,
,,,14.509,13.862,
,,,15.217,13.754,
,,,14.564,13.722,
,,,14.418,13.767,
,,,14.962,13.325,
,,,14.989,13.782,
,,,14.209,14.119,
,,,15.15,13.411,
,,,15.191,14.182,
,,,14.069,13.861,
,,,13.965,13.582,
,,,13.695,13.789,
,,,13.992,13.426,
,,,14.152,13.523,
,,,14.263,14.104,
,,,14.546,13.23,
,,,14.375,13.402,
,,,13.054,14.228,
,,,13.878,13.437,
,,,14.723,13.828,
,,,14.37,13.936,
,,,16.159,13.401,
,,,14.647,13.701,
,,,13.338,13.394,
,,,13.67,13.579,
,,,15.79,13.363,
,,,14.108,13.734,
,,,13.387,14.059,
,,,14.251,13.525,
,,,14.851,13.893,
,,,13.128,13.151,
,,,13.754,13.511,
,,,14.155,13.74,
,,,14.57,13.333,
,,,14.356,14.093,
,,,15.1,13.726,
,,,14.717,13.391,
,,,14.874,13.228,
,,,14.039,14.043,
,,,15.578,13.442,
,,,14.026,13.596,
,,,13.676,13.722,
,,,14.92,13.193,
,,,13.754,13.834,
,,,15.143,13.588,
,,,14.078,13.84,
,,,14.999,13.763,
,,,14.49,13.856,
,,,15.284,14.175,
,,,15.142,13.743,
,,,14.623,13.875,
,,,15.513,13.783,
,,,14.68,13.445,
,,,14.723,14.347,
,,,15.305,13.564,
,,,14.212,13.419,
,,,14.151,14.018,
,,,15.266,13.725,
,,,13.726,14.009,
,,,13.424,13.252,
,,,14.764,13.501,
,,,13.576,14.199,
,,,14.833,13.68,
,,,14.761,13.991,
,,,14.35,13.378,
,,,13.779,13.874,
,,,14.094,14.191,
,,,13.421,13.751,
,,,15.983,13.965,
,,,15.106,13.85,
,,,14.344,13.544,
,,,14.579,14.239,
,,,14.09,13.2,
,,,16.353,13.794,
,,,13.745,13.859,
,,,14.714,13.105,
,,,13.685,13.503,
,,,15.4,13.846,
,,,14.715,13.346,
,,,15.218,13.57,
,,,15.595,13.915,
,,,13.281,14.074,
,,,14.271,13.84,
,,,14.643,13.904,
,,,14.422,13.8,
,,,15.206,13.574,
,,,13.856,13.331,
,,,15.705,14.24,
,,,13.955,13.886,
,,,13.249,14.128,
,,,14.474,13.914,
,,,13.722,13.375,
,,,14.017,13.63,
,,,13.637,13.925,
,,,15.159,13.917,
,,,15.298,14.014,
,,,15.018,13.061,
,,,14.671,13.904,
,,,15.005,14.08,
,,,14.842,13.064,
,,,14.461,14.065,
,,,13.176,13.782,
,,,16.1,13.41,
,,,13.864,14.192,
,,,13.731,13.357,
,,,13.623,13.313,
,,,15.44,14.088,
,,,15.475,13.728,
,,,13.984,13.95,
,,,14.588,13.129,
,,,14.074,14.477,
,,,14.318,13.517,
,,,14.486,13.275,
,,,14.662,13.235,
,,,14.113,14.032,
,,,13.906,13.556,
,,,15.015,14.039,
,,,14.341,13.56,
,,,14.699,13.513,
,,,15.438,13.962,
,,,14.508,13.607,
,,,15.245,13.822,
,,,14.493,13.773,
,,,14.641,13.391,
,,,13.457,13.593,
,,,14.832,13.68,
,,,13.692,13.159,
,,,14.681,13.967,
,,,15.124,13.785,
,,,15.653,13.84,
,,,14.244,13.766,
,,,14.067,13.5,
,,,14.136,14.306,
,,,13.991,13.232,
,,,14.217,13.176,
,,,13.682,13.452,
,,,14.738,13.914,
,,,13.635,13.756,
,,,15.534,14.075,
,,,14.011,13.252,
,,,14.637,13.68,
,,,15.154,14.595,
,,,14.343,13.506,
,,,13.942,14.119,
,,,14.281,13.203,
,,,15.031,14.227,
,,,14.258,13.832,
,,,14.756,13.238,
,,,15.204,13.662,
,,,13.541,13.997,
,,,14.24,13.232,
,,,14.26,14.182,
,,,13.68,14.015,
,,,13.794,13.416,
,,,13.816,14.35,
,,,15.088,13.38,
,,,14.707,13.576,
,,,13.36,13.528,
,,,13.792,13.822,
,,,15.588,13.965,
,,,14.48,14.26,
,,,13.474,13.117,
,,,13.764,13.614,
,,,14.585,14.542,
,,,14.764,13.324,
,,,15.936,13.557,
,,,13.879,13.989,
,,,15.578,13.613,
,,,13.703,14.026,
,,,14.361,14.09,
,,,15.044,13.56,
,,,13.43,14.403,
,,,14.202,13.583,
,,,15.4,14.006,
,,,16.851,14.167,
,,,13.614,13.482,
,,,14.315,13.767,
,,,14.223,13.181,
,,,16.073,13.545,
,,,13.757,14.414,
,,,13.724,13.599,
,,,14.376,13.424,
,,,13.097,13.609,
,,,14.612,13.185,
,,,13.785,13.223,
,,,14.337,13.445,
,,,15.002,13.976,
,,,14.651,13.493,
,,,13.524,13.346,
,,,14.556,13.348,
,,,15.704,14.095,
,,,14.183,13.082,
,,,14.73,13.91,
,,,15.072,14.179,
,,,13.546,13.846,
,,,13.493,14.4,
,,,13.767,13.838,
,,,14.85,14.239,
,,,14.625,13.827,
,,,14.744,14.226,
,,,14.499,13.96,
,,,14.723,13.429,
,,,15.912,14.004,
,,,14.64,13.687,
,,,14.206,13.917,
,,,15.065,13.771,
,,,13.96,14.497,
,,,14.842,13.387,
,,,13.444,14.201,
,,,13.644,14.326,
,,,13.446,14.021,
,,,14.493,14.51,
,,,14.482,14.245,
,,,14.125,14.012,
,,,15.841,13.748,
,,,13.42,13.42,
,,,16.354,14.33,
,,,15.009,13.947,
,,,14.886,13.842,
,,,14.793,13.622,
,,,13.604,14.292,
,,,15.336,14.053,
,,,13.842,13.888,
,,,14.221,13.938,
,,,15.746,13.659,
,,,14.119,14.46,
,,,14.649,13.73,
,,,15.631,13.601,
,,,13.95,14.244,
,,,14.388,14.218,
,,,13.799,13.978,
,,,14.785,14.092,
,,,14.087,13.449,
,,,13.795,13.482,
,,,13.439,14.134,
,,,13.922,13.903,
,,,13.064,14.547,
,,,15.354,14.282,
,,,14.589,13.307,
,,,14.927,14.303,
,,,13.129,13.965,
,,,14.773,13.489,
,,,14.824,14.33,
,,,15.885,13.672,
,,,14.437,14.221,
,,,13.445,13.533,
,,,14.524,13.493,
,,,13.746,14.069,
,,,14.508,13.43,
,,,13.416,13.802,
,,,14.402,13.767,
,,,13.41,13.611,
,,,15.488,13.945,
,,,14.173,13.982,
,,,14.523,13.57,
,,,13.224,13.808,
,,,13.597,14.534,
,,,13.963,13.268,
,,,15.485,14.258,
,,,14.509,13.849,
,,,13.846,13.536,
,,,16.062,13.979,
,,,13.716,13.215,
,,,14.008,13.399,
,,,14.626,14.146,
,,,14.361,13.342,
,,,14.465,13.256,
,,,15.865,13.021,
,,,15.947,13.528,
,,,16.156,13.574,
,,,14.59,13.731,
,,,15.448,14.123,
,,,13.82,13.889,
,,,14.257,13.746,
,,,13.283,14.602,
,,,14.412,14.092,
,,,15.413,14.756,
,,,15.003,13.823,
,,,14.174,13.618,
,,,14.878,13.288,
,,,14.631,13.574,
,,,12.847,13.567,
,,,14.391,13.875,
,,,15.67,13.615,
,,,14.266,14.329,
,,,14.525,13.686,
,,,15.093,14.483,
,,,14.54,14.229,
,,,14.231,14.055,
,,,15.121,13.759,
,,,15.4,14.132,
,,,14.113,13.172,
,,,15.163,14.266,
,,,15.088,13.352,
,,,15.259,13.55,
,,,13.212,13.477,
,,,14.612,14.003,
,,,16.081,14.2,
,,,14.551,14.166,
,,,14.505,13.087,
,,,16.191,14.126,
,,,13.987,13.929,
,,,14.167,13.787,
,,,13.412,13.902,
,,,14.441,13.263,
,,,15.006,13.998,
,,,14.344,13.724,
,,,14.143,14.401,
,,,14.764,13.135,
,,,13.967,13.955,
,,,14.717,13.515,
,,,14.013,13.09,
,,,15.143,13.647,
,,,15.256,14.104,
,,,14.005,14.422,
,,,13.247,14.045,
,,,14.244,13.687,
,,,13.075,14.135,
,,,15.272,13.995,
,,,15.158,13.531,
,,,14.984,14.431,
,,,15.087,13.731,
,,,14.697,13.143,
,,,14.922,13.532,
,,,14.194,13.674,
,,,14.61,13.814,
,,,14.889,14.191,
,,,15.433,13.75,
,,,14.281,13.487,
,,,13.508,13.282,
,,,15.316,13.212,
,,,13.593,14.474,
,,,13.576,14.317,
,,,14.993,13.994,
,,,14.835,13.689,
,,,14.558,13.113,
,,,15.928,14.049,
,,,15.41,13.404,
,,,14.702,13.211,
,,,13.463,13.413,
,,,13.939,13.804,
,,,16.285,13.085,
,,,14.679,13.588,
,,,14.204,13.175,
,,,14.816,13.81,
,,,14.246,13.852,
,,,16.057,13.636,
,,,14.9,13.82,
,,,14.067,14.013,
,,,14.154,13.069,
,,,14.4,13.167,
,,,15.518,13.54,
,,,14.929,13.378,
,,,14.312,13.458,
,,,13.207,13.43,
,,,14.731,13.632,
,,,14.266,13.518,
,,,13.979,13.221,
,,,13.835,13.535,
,,,15.421,13.43,
,,,15.538,13.041,
,,,13.185,14.081,
,,,15.449,13.269,
,,,13.282,13.468,
,,,14.827,13.877,
,,,13.578,13.725,
,,,14.476,13.802,
,,,15.525,13.72,
,,,14.49,13.387,
,,,14.659,13.651,
,,,14.573,13.295,
,,,13.338,13.887,
,,,14.715,13.981,
,,,13.945,13.207,
,,,14.502,13.906,
,,,14.249,13.609,
,,,15.843,13.609,
,,,15.403,13.394,
,,,16.03,13.398,
,,,15.326,13.672,
,,,13.607,13.814,
,,,14.646,13.636,
,,,13.809,14.04,
,,,14.215,14.123,
,,,14.041,14.054,
,,,16.095,13.491,
,,,15.172,13.878,
,,,14.308,13.942,
,,,13.516,13.764,
,,,13.43,13.684,
,,,15.759,13.768,
,,,14.154,13.392,
,,,14.341,13.637,
,,,13.674,13.964,
,,,14.989,13.754,
,,,13.296,13.494,
,,,13.723,13.435,
,,,13.466,13.872,
,,,13.445,13.787,
,,,13.555,13.526,
,,,14.093,14.01,
,,,14.563,13.616,
,,,16.021,13.937,
,,,14.891,13.647,
,,,15.228,13.864,
,,,14.788,13.719,
,,,13.469,13.432,
,,,13.2,13.351,
,,,14.295,13.409,
,,,13.89,13.387,
,,,14.37,13.716,
,,,14.937,13.746,
,,,13.166,13.28,
,,,14.68,13.889,
,,,15.154,13.719,
,,,14.454,13.623,
,,,13.788,13.997,
,,,15.818,13.797,
,,,14.157,13.82,
,,,14.266,14.302,
,,,14.884,13.818,
,,,14.921,14.194,
,,,14.469,13.245,
,,,13.601,13.585,
,,,14.837,13.929,
,,,13.649,13.54,
,,,15.284,13.69,
,,,14.012,13.973,
,,,13.166,13.939,
,,,14.84,13.972,
,,,16.158,13.768,
,,,13.938,13.763,
,,,13.306,13.507,
,,,14.028,14.137,
,,,16.267,13.059,
,,,13.543,13.56,
,,,14.632,13.938,
,,,14.243,13.094,
,,,14.253,13.671,
,,,14.185,13.601,
,,,15.15,13.21,
,,,14.29,13.037,
,,,13.099,13.157,
,,,14.587,13.788,
,,,13.662,13.292,
,,,14.471,13.632,
,,,15.587,13.516,
,,,14.735,13.155,
,,,15.033,13.659,
,,,14.163,13.841,
,,,14.263,13.761,
,,,14.519,13.459,
,,,14.674,13.445,
,,,14.713,13.469,
,,,15.29,13.816,
,,,14.699,13.946,
,,,13.655,13.844,
,,,16.288,13.728,
,,,14.767,13.224,
,,,13.297,13.692,
,,,14.707,13.963,
,,,14.089,13.655,
,,,13.069,13.404,
,,,15.782,14.005,
,,,14.403,13.48,
,,,13.49,13.408,
,,,14.963,13.338,
,,,14.307,13.904,
,,,13.356,14.589,
,,,15.681,13.885,
,,,14.828,13.509,
,,,13.712,15.226,
,,,15.064,13.416,
,,,14.498,15.418,
,,,14.233,14.67,
,,,13.18,14.461,
,,,14.288,14.131,
,,,15.044,15.629,
,,,13.989,14.099,
,,,14.99,14.889,
,,,14.114,13.909,
,,,13.375,15.763,
,,,15.306,14.842,
,,,16.093,15.806,
,,,13.733,15.853,
,,,13.255,15.182,
,,,14.498,15.652,
,,,16.01,15.254,
,,,15.263,14.228,
,,,15.03,15.331,
,,,13.975,15.088,
,,,14.294,15.039,
,,,14.606,15.197,
,,,14.639,14.36,
,,,14.462,14.961,
,,,13.725,14.16,
,,,14.844,14.845,
,,,13.97,14.645,
,,,13.802,15.308,
,,,14.419,14.391,
,,,13.105,13.131,
,,,14.401,16.283,
,,,14.849,15.112,
,,,15.838,14.11,
,,,14.912,14.907,
,,,13.377,15.739,
,,,14.689,14.041,
,,,13.77,14.939,
,,,13.663,14.849,
,,,13.847,14.512,
,,,13.276,14.892,
,,,13.426,16.108,
,,,14.261,14.149,
,,,14.983,15.271,
,,,14.686,15.172,
,,,15.074,14.601,
,,,13.499,13.778,
,,,15.772,13.979,
,,,13.192,14.85,
,,,13.339,15.298,
,,,14.513,14.712,
,,,13.771,14.756,
,,,13.941,14.022,
,,,13.766,13.873,
,,,13.879,14.999,
,,,14.58,14.48,
,,,14.317,14.483,
,,,13.722,13.723,
,,,14.103,13.873,
,,,14.338,14.149,
,,,14.235,14.108,
,,,14.674,14.402,
,,,14.08,14.364,
,,,13.369,14.055,
,,,15.93,14.426,
,,,16.444,14.868,
,,,15.188,13.948,
,,,15.116,13.591,
,,,13.995,14.171,
,,,14.809,14.401,
,,,14.122,14.387,
,,,14.604,14.531,
,,,15.213,14.272,
,,,13.491,14.151,
,,,14.465,13.782,
,,,15.128,14.318,
,,,14.474,14.002,
,,,13.356,14.407,
,,,13.54,14.274,
,,,15.018,14.873,
,,,14.769,14.295,
,,,15.938,13.997,
,,,14.459,14.422,
,,,13.587,14.306,
,,,14.989,13.961,
,,,13.85,14.557,
,,,13.169,14.074,
,,,14.908,13.93,
,,,14.044,14.017,
,,,14.286,13.423,
,,,13.466,14.122,
,,,15.438,15.009,
,,,14.819,14.166,
,,,15.26,14.537,
,,,13.754,14.908,
,,,14.097,14.426,
,,,14.564,14.899,
,,,15.922,15.207,
,,,15.305,14.224,
,,,14.407,14.512,
,,,13.683,15.31,
,,,13.724,14.847,
,,,15.265,14.788,
,,,14.543,15.186,
,,,14.893,14.261,
,,,14.379,14.381,
,,,16.159,14.451,
,,,15.305,14.512,
,,,14.201,14.361,
,,,14.895,14.171,
,,,14.224,14.981,
,,,13.021,14.367,
,,,15.119,14.869,
,,,16.244,13.96,
,,,13.83,14.514,
,,,13.817,14.378,
,,,15.054,14.989,
,,,15.577,14.336,
,,,13.889,14.976,
,,,14.641,14.031,
,,,14.676,14.537,
,,,14.069,14.251,
,,,14.074,14.606,
,,,13.676,14.132,
,,,13.26,14.108,
,,,14.755,14.016,
,,,15.193,13.886,
,,,14.588,13.976,
,,,14.419,13.937,
,,,14.365,14.026,
,,,13.964,14.738,
,,,14.308,13.898,
,,,13.67,14.072,
,,,14.126,14.438,
,,,14.057,14.467,
,,,14.177,14.172,
,,,14.787,14.644,
,,,14.436,13.496,
,,,14.869,13.444,
,,,13.907,13.588,
,,,14.088,14.367,
,,,14.132,13.915,
,,,14.78,13.817,
,,,15.033,14.329,
,,,15.726,14.309,
,,,13.731,14.615,
,,,14.464,13.627,
,,,14.187,13.561,
,,,14.788,14.764,
,,,14.378,13.926,
,,,13.292,14.879,
,,,14.745,13.872,
,,,14.74,14.185,
,,,13.775,13.246,
,,,14.787,14.893,
,,,13.762,13.779,
,,,14.54,15.235,
,,,13.246,15.047,
,,,14.325,15.187,
,,,15.99,16.115,
,,,14.76,13.247,
,,,15.187,15.239,
,,,14.487,15.393,
,,,14.535,14.787,
,,,14.73,15.463,
,,,14.565,14.987,
,,,13.882,14.453,
,,,13.635,15.483,
,,,14.192,15.585,
,,,14.339,14.464,
,,,16.148,15.419,
,,,15.022,14.153,
,,,15.295,15.236,
,,,13.95,15.224,
,,,13.44,15.32,
,,,14.184,13.44,
,,,15.599,15.093,
,,,14.44,15.334,
,,,15.292,14.842,
,,,14.725,14.622,
,,,15.401,15.295,
,,,14.741,14.783,
,,,13.797,14.164,
,,,16.254,14.835,
,,,16.072,14.041,
,,,15.512,15.248,
,,,14.493,14.949,
,,,14.661,14.443,
,,,14.7,14.894,
,,,14.516,14.742,
,,,15.211,14.769,
,,,13.348,14.644,
,,,13.696,14.625,
,,,14.393,15.072,
,,,14.931,14.54,
,,,14.292,15.459,
,,,13.849,14.707,
,,,15.122,14.581,
,,,13.605,14.615,
,,,14.518,14.307,
,,,14.001,15.441,
,,,14.044,14.837,
,,,15.234,15.091,
,,,14.794,14.682,
,,,16.126,14.46,
,,,13.801,14.647,
,,,15.331,14.095,
,,,16.116,14.924,
,,,15.223,15.438,
,,,14.087,14.209,
,,,13.557,14.671,
,,,14.459,14.945,
,,,15.984,14.452,
,,,15.15,14.343,
,,,15.235,14.624,
,,,14.258,14.503,
,,,14.58,14.986,
,,,14.602,14.937,
,,,14.495,14.761,
,,,13.81,15.304,
,,,15.834,14.88,
,,,14.709,14.735,
,,,14.1,15.947,
,,,16.216,15.514,
,,,14.977,15.541,
,,,13.632,15.288,
,,,15.134,14.827,
,,,14.155,15.137,
,,,15.246,15.305,
,,,14.24,15.449,
,,,14.704,16.022,
,,,13.113,15.518,
,,,14.12,15.424,
,,,13.723,16.1,
,,,14.281,14.985,
,,,15.801,15.121,
,,,15.653,14.56,
,,,14.616,14.755,
,,,14.017,14.803,
,,,14.496,14.611,
,,,15.868,15.3,
,,,15.585,15.578,
,,,14.497,15.326,
,,,13.588,14.866,
,,,14.644,15.125,
,,,13.176,15.138,
,,,16.005,15.48,
,,,13.903,15.578,
,,,13.263,14.443,
,,,14.978,14.926,
,,,14.268,15.135,
,,,14.232,15.608,
,,,14.675,15.872,
,,,14.687,15.214,
,,,16.296,14.878,
,,,14.808,15.1,
,,,14.347,15.565,
,,,13.077,14.966,
,,,14.034,14.564,
,,,14.048,13.95,
,,,,14.09,
,,,,13.922,
,,,,15.317,
,,,,15.395,
,,,,15.088,
,,,,15.587,
,,,,14.475,
,,,,14.3,
,,,,14.388,
,,,,14.409,
,,,,15.139,
,,,,14.787,
,,,,14.633,
,,,,14.57,
,,,,15.033,
,,,,14.914,
,,,,15.005,
,,,,15.275,
,,,,14.806,
,,,,15.245,
,,,,14.221,
,,,,15.364,
,,,,15.14,
,,,,14.531,
,,,,15.137,
,,,,15.639,
,,,,14.58,
,,,,14.961,
,,,,14.535,
,,,,14.962,
,,,,14.744,
,,,,14.344,
,,,,15.525,
,,,,14.637,
,,,,15.473,
,,,,15.834,
,,,,14.701,
,,,,14.92,
,,,,15.346,
,,,,15.692,
,,,,15.133,
,,,,14.617,
,,,,15.211,
,,,,15.064,
,,,,14.657,
,,,,15.454,
,,,,14.334,
,,,,15.392,
,,,,14.877,
,,,,13.923,
,,,,15.417,
,,,,15.829,
,,,,15.163,
,,,,15.516,
,,,,15.025,
,,,,15.503,
,,,,15.705,
,,,,15.201,
,,,,15.682,
,,,,15.227,
,,,,15.7,
,,,,15.404,
,,,,15.64,
,,,,14.384,
,,,,15.744,
,,,,14.924,
,,,,14.912,
,,,,15.369,
,,,,15.265,
,,,,14.733,
,,,,15.329,
,,,,15.143,
,,,,14.629,
,,,,15.404,
,,,,14.882,
,,,,14.664,
,,,,14.741,
,,,,14.423,
,,,,14.674,
,,,,15.759,
,,,,15.169,
,,,,14.019,
,,,,14.713,
,,,,14.241,
,,,,13.703,
,,,,13.46,
,,,,14.864,
,,,,13.926,
,,,,14.421,
,,,,14.293,
,,,,14.681,
,,,,14.928,
,,,,13.649,
,,,,14.638,
,,,,14.2,
,,,,15.15,
,,,,14.102,
,,,,14.877,
,,,,15.158,
,,,,14.796,
,,,,14.401,
,,,,14.942,
,,,,13.657,
,,,,13.879,
,,,,14.788,
,,,,14.045,
,,,,13.618,
,,,,14.623,
,,,,14.876,
,,,,14.204,
,,,,14.271,
,,,,14.498,
,,,,14.119,
,,,,14.257,
,,,,13.255,
,,,,14.658,
,,,,14.509,
,,,,14.195,
,,,,14.658,
,,,,14.275,
,,,,14.521,
,,,,14.318,
,,,,13.964,
,,,,14.644,
,,,,14.192,
,,,,14.215,
,,,,14.704,
,,,,13.41,
,,,,13.403,
,,,,14.561,
,,,,14.498,
,,,,14.236,
,,,,15.047,
,,,,13.876,
,,,,13.811,
,,,,14.131,
,,,,13.182,
,,,,14.877,
,,,,14.622,
,,,,14.564,
,,,,13.88,
,,,,14.282,
,,,,14.209,
,,,,14.489,
,,,,14.816,
,,,,13.973,
,,,,13.558,
,,,,14.211,
,,,,13.756,
,,,,13.861,
,,,,14.566,
,,,,13.657,
,,,,14.041,
,,,,14.322,
,,,,14.163,
,,,,14.529,
,,,,13.753,
,,,,14.64,
,,,,14.647,
,,,,13.761,
,,,,14.191,
,,,,14.604,
,,,,14.651,
,,,,14.164,
,,,,14.644,
,,,,14.524,
,,,,14.474,
,,,,14.146,
,,,,13.983,
,,,,14.591,
,,,,14.45,
,,,,14.417,
,,,,13.889,
,,,,13.535,
,,,,13.698,
,,,,14.353,
,,,,14.184,
,,,,14.092,
,,,,14.389,
,,,,14.166,
,,,,13.62,
,,,,14.12,
,,,,13.699,
,,,,14.12,
,,,,13.632,
,,,,13.61,
,,,,13.296,
,,,,14.3,
,,,,14.151,
,,,,13.98,
,,,,13.161,
,,,,13.862,
,,,,14.103,
,,,,13.646,
,,,,14.039,
,,,,14.077,
,,,,14.155,
,,,,13.655,
,,,,13.462,
,,,,14.086,
,,,,14.068,
,,,,14.233,
,,,,14.084,
,,,,14.194,
,,,,14.627,
,,,,14.357,
,,,,14.167,
,,,,14.502,
,,,,14.325,
,,,,14.094,
,,,,14.442,
,,,,14.622,
,,,,13.863,
,,,,14.643,
,,,,14.265,
,,,,14.345,
,,,,14.052,
,,,,14.659,
,,,,14.793,
,,,,14.036,
,,,,14.646,
,,,,14.673,
,,,,14.652,
,,,,14.639,
,,,,14.432,
,,,,14.2,
,,,,14.277,
,,,,13.107,
,,,,13.76,
,,,,14.329,
,,,,14.47,
,,,,13.838,
,,,,14.311,
,,,,14.247,
,,,,13.663,
,,,,13.591,
,,,,14.514,
,,,,13.731,
,,,,14.255,
,,,,14.181,
,,,,13.459,
,,,,13.241,
,,,,14.181,
,,,,14.525,
,,,,13.974,
,,,,14.093,
,,,,14.054,
,,,,14.473,
,,,,14.491,
,,,,13.817,
,,,,14.27,
,,,,13.659,
,,,,14.115,
,,,,13.156,
,,,,13.766,
,,,,14.39,
,,,,14.532,
,,,,13.143,
,,,,13.361,
,,,,13.576,
,,,,13.649,
,,,,14.211,
,,,,14.137,
,,,,14.567,
,,,,14.642,
,,,,14.804,
,,,,14.64,
,,,,14.454,
,,,,14.68,
,,,,14.439,
,,,,14.679,
,,,,14.573,
,,,,14.644,
,,,,14.419,
,,,,14.612,
,,,,14.689,
,,,,14.498,
,,,,14.515,
,,,,14.187,
,,,,14.393,
,,,,14.473,
,,,,14.622,
,,,,14.417,
,,,,14.454,
,,,,14.491,
,,,,14.314,
,,,,14.617,
,,,,14.335,
,,,,14.556,
,,,,14.231,
,,,,14.68,
,,,,14.684,
,,,,14.522,
,,,,14.481,
,,,,14.459,
,,,,14.038,
,,,,14.702,
,,,,14.534,
,,,,13.449,
,,,,14.398,
,,,,14.413,
,,,,14.763,
,,,,14.659,
,,,,14.547,
,,,,14.654,
,,,,13.671,
,,,,13.864,
,,,,14.59,
,,,,14.337,
,,,,14.224,
,,,,14.424,
,,,,14.501,
,,,,14.331,
,,,,14.756,
,,,,14.154,
,,,,14.291,
,,,,14.441,
,,,,13.975,
,,,,14.239,
,,,,15.15,
,,,,14.642,
,,,,13.87,
,,,,14.214,
,,,,14.472,
,,,,13.795,
,,,,13.935,
,,,,13.806,
,,,,13.341,
,,,,14.3,
,,,,13.677,
,,,,14.174,
,,,,14.361,
,,,,13.812,
,,,,13.73,
,,,,14.184,
,,,,13.723,
,,,,13.614,
,,,,13.788,
,,,,14.139,
,,,,13.765,
,,,,14.241,
,,,,13.906,
,,,,14.447,
,,,,14.315,
,,,,13.203,
,,,,13.951,
,,,,14.113,
,,,,13.896,
,,,,14.08,
,,,,13.94,
,,,,13.283,
,,,,13.671,
,,,,13.216,
,,,,13.176,
,,,,13.143,
,,,,14.517,
,,,,13.657,
,,,,13.975,
,,,,14.767,
,,,,15.56,
,,,,15.51,
,,,,14.881,
,,,,15.331,
,,,,16.095,
,,,,14.984,
,,,,15.069,
,,,,15.172,
,,,,15.36,
,,,,13.678,
,,,,14.674,
,,,,15.284,
,,,,15.306,
,,,,15.257,
,,,,14.511,
,,,,15.361,
,,,,15.408,
,,,,14.192,
,,,,15.644,
,,,,15.319,
,,,,15.053,
,,,,14.458,
,,,,15.513,
,,,,15.204,
,,,,15.277,
,,,,15.001,
,,,,16.053,
,,,,15.865,
,,,,15.167,
,,,,14.925,
,,,,14.566,
,,,,15.013,
,,,,15.024,
,,,,15.018,
,,,,15.334,
,,,,15.228,
,,,,14.83,
,,,,15.406,
,,,,15.262,
,,,,15.061,
,,,,15.29,
,,,,14.589,
,,,,15.191,
,,,,14.397,
,,,,16.131,
,,,,15.384,
,,,,15.708,
,,,,15.834,
,,,,15.337,
,,,,16.043,
,,,,15.193,
,,,,15.313,
,,,,15.119,
,,,,14.623,
,,,,14.816,
,,,,14.686,
,,,,14.671,
,,,,14.694,
,,,,14.788,
,,,,14.97,
,,,,14.692,
,,,,15.593,
,,,,15.449,
,,,,15.247,
,,,,15.402,
,,,,15.305,
,,,,14.935,
,,,,15.322,
,,,,14.604,
,,,,14.697,
,,,,14.889,
,,,,15.179,
,,,,15.917,
,,,,15.908,
,,,,15.183,
,,,,15.568,
,,,,15.314,
,,,,15.332,
,,,,15.01,
,,,,15.701,
,,,,15.377,
,,,,15.005,
,,,,15.033,
,,,,14.888,
,,,,15.271,
,,,,15.459,
,,,,15.339,
,,,,15.785,
,,,,15.027,
,,,,15.48,
,,,,15.314,
,,,,15.259,
,,,,15.518,
,,,,15.254,
,,,,15.534,
,,,,15.19,
,,,,15.74,
,,,,14.889,
,,,,15.018,
,,,,14.975,
,,,,15.418,
,,,,15.105,
,,,,15.435,
,,,,15.051,
,,,,14.694,
,,,,14.647,
,,,,14.996,
,,,,15.494,
,,,,14.828,
,,,,15.011,
,,,,15.083,
,,,,15.872,
,,,,15.493,
,,,,14.891,
,,,,15.509,
,,,,15.28,
,,,,15.263,
,,,,15.534,
,,,,15.286,
,,,,15.448,
,,,,15.397,
,,,,15.12,
,,,,15.225,
,,,,16.022,
,,,,14.881,
,,,,15.349,
,,,,15.556,
,,,,15.222,
,,,,15.361,
,,,,15.418,
,,,,15.263,
,,,,15.535,
,,,,15.574,
,,,,15.015,
,,,,15.546,
,,,,15.917,
,,,,15.212,
,,,,16.062,
,,,,15.707,
,,,,15.468,
,,,,15.227,
,,,,15.072,
,,,,15.42,
,,,,15.165,
,,,,14.738,
,,,,14.94,
,,,,15.182,
,,,,14.966,
,,,,14.578,
,,,,15.574,
,,,,15.301,
,,,,15.508,
,,,,15.098,
,,,,15.088,
,,,,15.083,
,,,,15.284,
,,,,14.564,
,,,,15.543,
,,,,15.054,
,,,,15.173,
,,,,14.892,
,,,,14.556,
,,,,16.021,
,,,,15.443,
,,,,14.981,
,,,,15.553,
,,,,15.271,
,,,,15.341,
,,,,14.979,
,,,,15.436,
,,,,15.072,
,,,,15.413,
,,,,15.473,
,,,,15.234,
,,,,15.113,
,,,,15.417,
,,,,14.842,
,,,,15.324,
,,,,15.044,
,,,,15.394,
,,,,15.476,
,,,,14.013,
,,,,14.135,
,,,,15.485,
,,,,14.53,
,,,,15.303,
,,,,14.208,
,,,,15.651,
,,,,14.469,
,,,,15.5,
,,,,15.433,
,,,,14.845,
,,,,15.159,
,,,,14.235,
,,,,15.197,
,,,,15.619,
,,,,15.13,
,,,,15.506,
,,,,15.296,
,,,,15.186,
,,,,15.231,
,,,,15.073,
,,,,15.204,
,,,,15.291,
,,,,15.538,
,,,,14.41,
,,,,15.78,
,,,,15.146,
,,,,15.525,
,,,,15.273,
,,,,15.103,
,,,,15.185,
,,,,15.446,
,,,,15.42,
,,,,15.98,
,,,,14.803,
,,,,15.873,
,,,,15.534,
,,,,15.122,
,,,,15.257,
,,,,15.935,
,,,,14.994,
,,,,15.447,
,,,,15.049,
,,,,15.399,
,,,,15.26,
,,,,15.512,
,,,,15.453,
,,,,15.073,
,,,,15.106,
,,,,15.427,
,,,,15.132,
,,,,14.881,
,,,,15.211,
,,,,14.724,
,,,,15.235,
,,,,14.989,
,,,,15.28,
,,,,15.309,
,,,,14.922,
,,,,15.172,
,,,,15.257,
,,,,14.788,
,,,,14.843,
,,,,15.46,
,,,,15.927,
,,,,15.343,
,,,,15.135,
,,,,15.36,
,,,,15.49,
,,,,15.201,
,,,,15.63,
,,,,15.786,
,,,,15.482,
,,,,15.739,
,,,,15.733,
,,,,15.847,
,,,,15.661,
,,,,15.828,
,,,,15.965,
,,,,15.192,
,,,,15.317,
,,,,15.789,
,,,,15.228,
,,,,15.829,
,,,,14.809,
,,,,15.331,
,,,,15.716,
,,,,15.988,
,,,,14.801,
,,,,15.195,
,,,,15.56,
,,,,14.887,
,,,,14.419,
,,,,14.745,
,,,,14.893,
,,,,15.462,
,,,,15.405,
,,,,14.866,
,,,,14.723,
,,,,15.186,
,,,,15.104,
,,,,15.188,
,,,,15.659,
,,,,15.404,
,,,,15.223,
,,,,15.425,
,,,,15.119,
,,,,15.665,
,,,,15.093,
,,,,15.247,
,,,,15.47,
,,,,15.176,
,,,,15.325,
,,,,15.255,
,,,,15.821,
,,,,14.355,
,,,,15.176,
,,,,15.608,
,,,,15.361,
,,,,15.612,
,,,,15.868,
,,,,15.588,
,,,,15.195,
,,,,15.087,
,,,,15.276,
,,,,15.437,
,,,,15.701,
,,,,14.8,
,,,,14.989,
,,,,14.964,
,,,,15.122,
,,,,14.185,
,,,,14.874,
,,,,15.094,
,,,,15.206,
,,,,14.332,
,,,,15.273,
,,,,14.738,
,,,,15.344,
,,,,15.224,
,,,,14.518,
,,,,15.457,
,,,,15.704,
,,,,13.39,
,,,,13.944,
,,,,14.983,
,,,,14.432,
,,,,14.679,
,,,,14.877,
,,,,13.892,
,,,,15.088,
,,,,15.071,
,,,,14.525,
,,,,15.418,
,,,,14.884,
,,,,13.84,
,,,,14.008,
,,,,14.676,
,,,,13.466,
,,,,14.593,
,,,,15.019,
,,,,13.946,
,,,,14.806,
,,,,14.672,
,,,,14.26,
,,,,14.735,
,,,,13.853,
,,,,15.482,
,,,,15.403,
,,,,15.632,
,,,,15.625,
,,,,15.357,
,,,,15.627,
,,,,15.542,
,,,,15.604,
,,,,15.93,
,,,,15.72,
,,,,14.631,
,,,,15.765,
,,,,15.768,
,,,,14.792,
,,,,14.804,
,,,,14.78,
,,,,14.922,
,,,,15.128,
,,,,14.849,
,,,,14.61,
,,,,15.088,
,,,,14.742,
,,,,14.607,
,,,,14.598,
,,,,15.092,
,,,,14.706,
,,,,14.401,
,,,,14.796,
,,,,15.044,
,,,,14.41,
,,,,14.49,
,,,,16.156,
,,,,15.552,
,,,,15.842,
,,,,15.525,
,,,,15.708,
,,,,15.488,
,,,,15.309,
,,,,15.233,
,,,,15.1,
,,,,15.463,
,,,,15.743,
,,,,15.531,
,,,,15.799,
,,,,15.624,
,,,,15.038,
,,,,15.022,
,,,,14.839,
,,,,14.5,
,,,,15.304,
,,,,14.019,
,,,,14.519,
,,,,15.152,
,,,,13.25,
,,,,14.835,
,,,,14.497,
,,,,14.951,
,,,,14.802,
,,,,15.162,
,,,,14.906,
,,,,14.512,
,,,,14.94,
,,,,14.338,
,,,,14.773,
,,,,15.448,
,,,,13.778,
,,,,13.433,
,,,,15.622,
,,,,15.697,
,,,,14.769,
,,,,15.544,
,,,,15.289,
,,,,15.701,
,,,,15.316,
,,,,15.12,
,,,,15.378,
,,,,15.117,
,,,,15.177,
,,,,15.385,
,,,,15.607,
,,,,14.657,
,,,,14.843,
,,,,14.338,
,,,,14.05,
,,,,14.999,
,,,,13.835,
,,,,14.021,
,,,,14.658,
,,,,14.02,
,,,,14.414,
,,,,14.787,
,,,,14.326,
,,,,13.813,
,,,,13.873,
,,,,14.895,
,,,,14.019,
,,,,14.416,
,,,,15.03,
,,,,14.066,
,,,,14.58,
,,,,14.519,
,,,,14.707,
,,,,14.026,
,,,,14.598,
,,,,14.012,
,,,,13.649,
,,,,13.755,
,,,,14.714,
,,,,13.787,
,,,,14.583,
,,,,14.442,
,,,,15.246,
,,,,13.99,
,,,,14.528,
,,,,14.843,
,,,,13.959,
,,,,14.839,
,,,,15.043,
,,,,13.924,
,,,,15.228,
,,,,14.577,
,,,,14.977,
,,,,14.057,
,,,,14.113,
,,,,15.148,
,,,,14.204,
,,,,14.569,
,,,,14.412,
,,,,15.585,
,,,,15.337,
,,,,14.474,
,,,,15.432,
,,,,15.48,
,,,,15.651,
,,,,13.684,
,,,,14.686,
,,,,15.114,
,,,,14.918,
,,,,14.553,
,,,,14.276,
,,,,15.256,
,,,,14.922,
,,,,14.584,
,,,,13.993,
,,,,14.325,
,,,,14.983,
,,,,14.651,
,,,,14.62,
,,,,14.837,
,,,,14.381,
,,,,14.767,
,,,,14.522,
,,,,15.09,
,,,,15.699,
,,,,15.41,
,,,,14.515,
,,,,14.824,
,,,,15.568,
,,,,14.651,
,,,,14.308,
,,,,14.86,
,,,,14.459,
,,,,14.623,
,,,,15.031,
,,,,14.281,
,,,,14.67,
,,,,15.008,
,,,,14.801,
,,,,14.284,
,,,,14.81,
,,,,14.927,
,,,,14.612,
,,,,14.765,
,,,,15.138,
,,,,14.548,
,,,,14.892,
,,,,13.817,
,,,,14.288,
,,,,14.691,
,,,,14.75,
,,,,14.424,
,,,,14.554,
,,,,14.767,
,,,,13.754,
,,,,14.516,
,,,,14.61,
,,,,13.714,
,,,,14.452,
,,,,15.021,
,,,,15.33,
,,,,13.709,
,,,,14.281,
,,,,14.53,
,,,,13.995,
,,,,14.052,
,,,,15.141,
,,,,14.122,
,,,,14.618,
,,,,14.832,
,,,,14.993,
,,,,15.056,
,,,,14.633,
,,,,14.752,
,,,,13.952,
,,,,14.756,
,,,,15.03,
,,,,13.445,
,,,,14.107,
,,,,14.123,
,,,,14.935,
,,,,15.131,
,,,,13.852,
,,,,15.702,
,,,,15.273,
,,,,15.007,
,,,,15.447,
,,,,15.113,
,,,,15.512,
,,,,15.391,
,,,,15.269,
,,,,15.556,
,,,,15.337,
,,,,15.755,
,,,,14.923,
,,,,15.068,
,,,,13.882,
,,,,14.676,
,,,,14.759,
,,,,14.311,
,,,,15.129,
,,,,14.331,
,,,,14.703,
,,,,14.987,
,,,,14.245,
,,,,15.114,
,,,,14.383,
,,,,14.978,
,,,,14.755,
,,,,14.818,
,,,,14.789,
,,,,14.673,
,,,,15.368,
,,,,14.042,
,,,,15.558,
,,,,13.162,
,,,,15.336,
,,,,13.705,
,,,,14.723,
,,,,14.962,
,,,,15.054,
,,,,15.451,
,,,,15.326,
,,,,15.222,
,,,,14.904,
,,,,15.475,
,,,,15.055,
,,,,15.541,
,,,,15.088,
,,,,15.118,
,,,,14.584,
,,,,14.065,
,,,,14.099,
,,,,14.499,
,,,,14.169,
,,,,14.151,
,,,,13.965,
,,,,15.01,
,,,,15.417,
,,,,15.239,
,,,,15.148,
,,,,15.586,
,,,,14.902,
,,,,15.401,
,,,,15.38,
,,,,15.488,
,,,,15.317,
,,,,15.002,
,,,,15.623,
,,,,15.293,
,,,,14.816,
,,,,14.739,
,,,,14.779,
,,,,14.518,
,,,,14.955,
,,,,14.291,
,,,,15.397,
,,,,15.109,
,,,,14.297,
,,,,14.677,
,,,,15.085,
,,,,15.091,
,,,,15.234,
,,,,14.878,
,,,,15.463,
,,,,14.657,
,,,,13.002,
,,,,15.53,
,,,,14.663,
,,,,15.323,
,,,,15.549,
,,,,15.225,
,,,,15.344,
,,,,15.357,
,,,,15.197,
,,,,15.18,
,,,,15.205,
,,,,14.85,
,,,,15.156,
,,,,14.504,
,,,,14.097,
,,,,14.346,
,,,,14.844,
,,,,14.507,
,,,,14.005,
,,,,14.794,
,,,,15.15,
,,,,14.535,
,,,,14.802,
,,,,15.048,
,,,,14.028,
,,,,15.12,
,,,,15.142,
,,,,15.844,
,,,,15.374,
,,,,15.954,
,,,,16.296,
,,,,14.339,
,,,,15.134,
,,,,14.921,
,,,,14.168,
,,,,14.793,
,,,,14.796,
,,,,15.538,
,,,,14.975,
,,,,14.499,
,,,,14.409,
,,,,14.487,
,,,,14.163,
,,,,14.331,
,,,,14.606,
,,,,14.057,
,,,,14.563,
,,,,13.795,
,,,,13.867,
,,,,14.556,
,,,,14.687,
,,,,13.881,
,,,,15.275,
,,,,15.15,
,,,,15.208,
,,,,15.098,
,,,,15.434,
,,,,15.143,
,,,,15.026,
,,,,15.621,
,,,,15.838,
,,,,15.308,
,,,,15.4,
,,,,15.25,
,,,,13.82,
,,,,14.062,
,,,,14.91,
,,,,14.326,
,,,,14.715,
,,,,14.302,
,,,,14.825,
,,,,14.244,
,,,,14.33,
,,,,14.411,
,,,,13.595,
,,,,14.715,
,,,,14.52,
,,,,14.552,
,,,,15.533,
,,,,14.905,
,,,,14.93,
,,,,15.421,
,,,,15.594,
,,,,14.578,
,,,,15.611,
,,,,15.375,
,,,,15.116,
,,,,15.623,
,,,,15.561,
,,,,15.289,
,,,,14.533,
,,,,14.487,
,,,,14.048,
,,,,14.414,
,,,,14.809,
,,,,15.311,
,,,,15.215,
,,,,14.701,
,,,,14.649,
,,,,14.45,
,,,,15.05,
,,,,14.54,
,,,,13.84,
,,,,16.244,
,,,,15.975,
,,,,16.116,
,,,,15.982,
,,,,15.873,
,,,,15.956,
,,,,15.949,
,,,,15.858,
,,,,15.892,
,,,,15.841,
,,,,15.789,
,,,,14.707,
,,,,15.042,
,,,,14.668,
,,,,14.164,
,,,,14.114,
,,,,15.23,
,,,,15.143,
,,,,14.922,
,,,,15.026,
,,,,15.449,
,,,,14.521,
,,,,15.108,
,,,,14.532,
,,,,14.42,
,,,,14.97,
,,,,14.693,
,,,,16.49,
,,,,16.313,
,,,,16.368,
,,,,14.591,
,,,,15.525,
,,,,15.782,
,,,,15.252,
,,,,13.965,
,,,,14.645,
,,,,15.619,
,,,,15.827,
,,,,14.139,
,,,,14.502,
,,,,15.28,
,,,,15.681,
,,,,16.273,
,,,,15.698,
,,,,15.817,
,,,,16.007,
,,,,15.548,
,,,,15.48,
,,,,15.68,
,,,,15.937,
,,,,14.633,
,,,,15.334,
,,,,14.043,
,,,,14.838,
,,,,14.869,
,,,,14.19,
,,,,14.632,
,,,,14.919,
,,,,14.128,
,,,,14.934,
,,,,14.229,
,,,,14.182,
,,,,15.125,
,,,,15.501,
,,,,14.375,
,,,,15.196,
,,,,14.62,
,,,,13.212,
,,,,13.631,
,,,,13.352,
,,,,13.335,
,,,,13.696,
,,,,14.039,
,,,,13.068,
,,,,13.335,
,,,,13.117,
,,,,13.302,
,,,,13.166,
,,,,13.089,
,,,,13,
,,,,13.086,
,,,,13.095,
,,,,13.17,
,,,,13.267,
,,,,13.307,
,,,,13.045,
,,,,13.317,
,,,,13.281,
,,,,13.386,
,,,,13.387,
,,,,13.181,
,,,,14.702,
,,,,13.702,
,,,,14.241,
,,,,13.735,
,,,,13.972,
,,,,14.317,
,,,,13.592,
,,,,13.312,
,,,,13.37,
,,,,13.536,
,,,,13.955,
,,,,13.923,
,,,,13.804,
,,,,13.93,
,,,,13.233,
,,,,13.554,
,,,,14.291,
,,,,13.858,
,,,,13.864,
,,,,14.47,
,,,,14.354,
,,,,14.667,
,,,,14.049,
,,,,13.887,
,,,,14.407,
,,,,13.968,
,,,,14.5,
,,,,13.281,
,,,,13.111,
,,,,13.352,
,,,,13.056,
,,,,13.517,
,,,,13.123,
,,,,13.236,
,,,,13.311,
,,,,13.166,
,,,,13.508,
,,,,13.524,
,,,,14.178,
,,,,14.426,
,,,,14.011,
,,,,14.165,
,,,,14.483,
,,,,14.799,
,,,,14.851,
,,,,14.815,
,,,,14.502,
,,,,14.749,
,,,,14.64,
,,,,14.328,
,,,,14.328,
,,,,14.998,
,,,,14.522,
,,,,14.113,
,,,,14.889,
,,,,14.546,
,,,,14.355,
,,,,14.437,
,,,,14.281,
,,,,14.16,
,,,,14.145,
,,,,14.441,
,,,,14.358,
,,,,14.248,
,,,,14.16,
,,,,14.441,
,,,,14.188,
,,,,14.336,
,,,,14.288,
,,,,14.232,
,,,,13.892,
,,,,14.165,
,,,,13.374,
,,,,14.017,
,,,,13.897,
,,,,14.085,
,,,,14.103,
,,,,13.996,
,,,,13.997,
,,,,14.032,
,,,,14.065,
,,,,14.045,
,,,,14.032,
,,,,13.885,
,,,,14.036,
,,,,14.003,
,,,,14.154,
,,,,13.863,
,,,,13.967,
,,,,14.041,
,,,,14.048,
,,,,14.142,
,,,,14.109,
,,,,14.007,
,,,,14.012,
,,,,13.89,
,,,,14.108,
,,,,14.056,
,,,,14.125,
,,,,13.95,
,,,,13.935,
,,,,14.127,
,,,,14.055,
,,,,14.073,
,,,,14.088,
,,,,13.981,
,,,,14.071,
,,,,13.98,
,,,,13.13,
,,,,13.195,
,,,,13.611,
,,,,13.736,
,,,,13.474,
,,,,13.345,
,,,,13.209,
,,,,13.712,
,,,,13.356,
,,,,13.338,
,,,,13.314,
,,,,13.129,
,,,,13.541,
,,,,13.507,
,,,,13.369,
,,,,13.782,
,,,,13.257,
,,,,13.705,
,,,,13.358,
,,,,13.594,
,,,,13.474,
,,,,13.809,
,,,,14.006,
,,,,13.668,
,,,,13.356,
,,,,13.983,
,,,,13.599,
,,,,13.542,
,,,,13.046,
,,,,13.128,
,,,,13.403,
,,,,13.423,
,,,,13.219,
,,,,13.42,
,,,,13.525,
,,,,13.099,
,,,,13.248,
,,,,13.368,
,,,,13.018,
,,,,13.451,
,,,,13.543,
,,,,13.168,
,,,,13.171,
,,,,13.802,
,,,,13.135,
,,,,13.745,
,,,,13.364,
,,,,13.506,
,,,,13.399,
,,,,13.289,
,,,,13.499,
,,,,13.449,
,,,,13.478,
,,,,13.237,
,,,,14.044,
,,,,14.813,
,,,,13.886,
,,,,14.456,
,,,,13.424,
,,,,13.323,
,,,,13.857,
,,,,13.609,
,,,,14.301,
,,,,15.039,
,,,,14.349,
,,,,14.429,
,,,,14.36,
,,,,13.76,
,,,,14.171,
,,,,14.199,
,,,,14.077,
,,,,14.39,
,,,,14.294,
,,,,14.344,
,,,,14.1,
,,,,14.764,
,,,,14.546,
,,,,14.209,
,,,,14.249,
,,,,14.79,
,,,,14.588,
,,,,14.365,
,,,,14.61,
,,,,14.247,
,,,,14.63,
,,,,14.558,
,,,,14.483,
,,,,14.611,
,,,,14.486,
,,,,14.602,
,,,,14.771,
,,,,15.124,
,,,,14.509,
,,,,14.376,
,,,,14.462,
,,,,14.555,
,,,,14.562,
,,,,14.445,
,,,,14.286,
,,,,14.232,
,,,,14.624,
,,,,14.176,
,,,,14.688,
,,,,14.553,
,,,,14.433,
,,,,14.781,
,,,,14.6,
,,,,14.472,
,,,,14.203,
,,,,14.383,
,,,,14.32,
,,,,14.367,
,,,,14.894,
,,,,14.907,
,,,,14.912,
,,,,14.422,
,,,,15.122,
,,,,15.003,
,,,,14.511,
,,,,15.112,
,,,,14.715,
,,,,14.58,
,,,,14.525,
,,,,14.476,
,,,,14.459,
,,,,14.699,
,,,,14.626,
,,,,14.508,
,,,,14.46,
,,,,14.604,
,,,,15.154,
,,,,14.37,
,,,,14.356,
,,,,14.422,
,,,,14.094,
,,,,15.166,
,,,,15.022,
,,,,14.151,
,,,,14.527,
,,,,14.202,
,,,,14.602,
,,,,14.492,
,,,,14.654,
,,,,14.306,
,,,,14.523,
,,,,14.243,
,,,,14.413,
,,,,14.675,
,,,,14.886,
,,,,14.258,
,,,,14.765,
,,,,14.404,
,,,,14.222,
,,,,14.153,
,,,,14.636,
,,,,14.732,
,,,,14.177,
,,,,14.391,
,,,,14.459,
,,,,14.565,
,,,,14.168,
,,,,14.757,
,,,,14.647,
,,,,14.835,
,,,,14.625,
,,,,14.473,
,,,,14.465,
,,,,14.81,
,,,,14.561,
,,,,14.716,
,,,,14.075,
,,,,14.832,
,,,,14.607,
,,,,14.768,
,,,,14.615,
,,,,14.649,
,,,,14.832,
,,,,14.322,
,,,,14.485,
,,,,14.274,
,,,,14.514,
,,,,14.686,
,,,,14.746,
,,,,14.714,
,,,,14.523,
,,,,14.582,
,,,,14.242,
,,,,14.624,
,,,,14.212,
,,,,14.668,
,,,,14.565,
,,,,14.927,
,,,,14.665,
,,,,14.442,
,,,,14.759,
,,,,14.581,
,,,,14.659,
,,,,14.405,
,,,,15.063,
,,,,14.336,
,,,,15.014,
,,,,14.44,
,,,,14.855,
,,,,14.281,
,,,,14.582,
,,,,14.704,
,,,,14.272,
,,,,14.084,
,,,,13.869,
,,,,14.403,
,,,,14.036,
,,,,14.106,
,,,,14.317,
,,,,14.402,
,,,,14.496,
,,,,14.12,
,,,,14.196,
,,,,14.163,
,,,,14.228,
,,,,14.003,
,,,,14.517,
,,,,13.857,
,,,,14.186,
,,,,14.379,
,,,,14.474,
,,,,13.931,
,,,,13.988,
,,,,13.968,
,,,,14.499,
,,,,14.384,
,,,,13.894,
,,,,14.345,
,,,,14.504,
,,,,14.17,
,,,,14.17,
,,,,14.399,
,,,,14.74,
,,,,14.419,
,,,,14.341,
,,,,14.877,
,,,,14.279,
,,,,14.173,
,,,,14.147,
,,,,14.61,
,,,,14.602,
,,,,14.534,
,,,,14.787,
,,,,14.533,
,,,,14.823,
,,,,14.513,
,,,,14.406,
,,,,13.229,
,,,,13.024,
,,,,13.298,
,,,,13.169,
,,,,13.439,
,,,,13.436,
,,,,13.075,
,,,,13.55,
,,,,13.424,
,,,,13.041,
,,,,13.114,
,,,,13.04,
,,,,13.357,
,,,,13.178,
,,,,13.562,
,,,,13.276,
,,,,13.047,
,,,,13.426,
,,,,13.077,
,,,,13.064,
,,,,13.078,
,,,,13.071,
,,,,13.104,
,,,,13.48,
,,,,13.13,
,,,,13.435,
,,,,13.412,
,,,,13.054,
,,,,13.087,
,,,,13.017,
,,,,13.173,
,,,,13.931,
,,,,13.471,
,,,,13.784,
,,,,14.099,
,,,,13.932,
,,,,14.339,
,,,,14.087,
,,,,13.629,
,,,,13.849,
,,,,13.936,
,,,,13.919,
,,,,14.337,
,,,,14.462,
,,,,14.275,
,,,,13.937,
,,,,14.169,
,,,,14.308,
,,,,14.485,
,,,,14.27,
,,,,14.157,
,,,,14.355,
,,,,13.896,
,,,,14,
,,,,14.357,
,,,,14.173,
,,,,14.335,
,,,,14.496,
,,,,14.455,
,,,,14.535,
,,,,14.018,
,,,,14.153,
,,,,14.192,
,,,,14.082,
,,,,14.067,
,,,,14.201,
,,,,14.415,
,,,,14.489,
,,,,13.972,
,,,,14.173,
,,,,14.276,
,,,,14.217,
,,,,14.726,
,,,,13.956,
,,,,14.029,
,,,,14.081,
,,,,14.466,
,,,,14.401,
,,,,14.34,
,,,,14.318,
,,,,14.386,
,,,,14.263,
,,,,14.406,
,,,,14.482,
,,,,14.502,
,,,,14.649,
,,,,14.095,
,,,,14.305,
,,,,14.212,
,,,,14.226,
,,,,14.091,
,,,,14.451,
,,,,14.313,
,,,,14.49,
,,,,13.881,
,,,,14.286,
,,,,14.437,
,,,,14.221,
,,,,14.391,
,,,,14.243,
,,,,13.974,
,,,,14.194,
,,,,14.506,
,,,,13.939,
,,,,14.577,
,,,,14.431,
,,,,14.315,
,,,,14.676,
,,,,14.177,
,,,,14.402,
,,,,14.167,
,,,,14.253,
,,,,14.506,
,,,,14.248,
,,,,14.042,
,,,,14.355,
,,,,14.452,
,,,,14.26,
,,,,14.294,
,,,,14.482,
,,,,14.395,
,,,,14.219,
,,,,14.355,
,,,,14.543,
,,,,14.51,
,,,,14.409,
,,,,13.992,
,,,,13.949,
,,,,14.344,
,,,,13.794,
,,,,14.569,
,,,,13.883,
,,,,14.284,
,,,,14.427,
,,,,14.445,
,,,,14.586,
,,,,14.539,
,,,,14.298,
,,,,14.332,
,,,,14.408,
,,,,14.219,
,,,,14.441,
,,,,14.674,
,,,,12.688,
,,,,12.902,
,,,,12.714,
,,,,12.902,
,,,,12.609,
,,,,12.841,
,,,,12.743,
,,,,12.736,
,,,,12.513,
,,,,12.835,
,,,,13.008,
,,,,12.847,
,,,,13.014,
,,,,12.823,
,,,,12.805,
,,,,13.073,
,,,,13.128,
,,,,12.908,
,,,,12.819,
,,,,13.055,
,,,,12.914,
,,,,13.158,
,,,,12.933,
,,,,13.41,
,,,,14.3,
